Estación,Latitud,Longitud,Fecha Inicio Evento,Fecha,Fecha Final Evento,Valor,Acumulado 10 dias ,Acumulado 30 dias ,Acumulado 60 dias ,Acumulado 90 dias ,MOVIMIENTO
datos_11077030,6.616666667,-76.75,1969-01-01,1969-01-01,1969-01-01,30.0,0.0,0.0,0.0,0.0,NO
datos_11077030,6.616666667,-76.75,1969-01-02,1969-01-02,1969-01-02,90.0,30.0,30.0,30.0,30.0,NO
datos_11077030,6.616666667,-76.75,1969-01-13,1969-01-13,1969-01-13,11.0,90.0,120.0,120.0,120.0,NO
datos_11077030,6.616666667,-76.75,1969-01-14,1969-01-14,1969-01-14,12.0,11.0,131.0,131.0,131.0,NO
datos_11077030,6.616666667,-76.75,1969-01-17,1969-01-17,1969-01-17,55.0,23.0,143.0,143.0,143.0,NO
datos_11077030,6.616666667,-76.75,1969-01-18,1969-01-18,1969-01-18,70.0,78.0,198.0,198.0,198.0,NO
datos_11077030,6.616666667,-76.75,1969-01-19,1969-01-19,1969-01-19,4.0,148.0,268.0,268.0,268.0,NO
datos_11077030,6.616666667,-76.75,1969-01-20,1969-01-20,1969-01-20,16.0,152.0,272.0,272.0,272.0,NO
datos_11077030,6.616666667,-76.75,1969-01-21,1969-01-21,1969-01-21,21.0,168.0,288.0,288.0,288.0,NO
datos_11077030,6.616666667,-76.75,1969-01-22,1969-01-22,1969-01-22,33.0,189.0,309.0,309.0,309.0,NO
datos_11077030,6.616666667,-76.75,1969-01-23,1969-01-23,1969-01-23,11.0,222.0,342.0,342.0,342.0,NO
datos_11077030,6.616666667,-76.75,1969-01-24,1969-01-24,1969-01-24,23.0,233.0,353.0,353.0,353.0,NO
datos_11077030,6.616666667,-76.75,1969-01-25,1969-01-25,1969-01-25,11.0,245.0,376.0,376.0,376.0,NO
datos_11077030,6.616666667,-76.75,1969-01-26,1969-01-26,1969-01-26,20.0,244.0,387.0,387.0,387.0,NO
datos_11077030,6.616666667,-76.75,1969-01-29,1969-01-29,1969-01-29,55.0,209.0,407.0,407.0,407.0,NO
datos_11077030,6.616666667,-76.75,1969-02-02,1969-02-02,1969-02-02,2.0,153.0,432.0,462.0,462.0,NO
datos_11077030,6.616666667,-76.75,1969-02-03,1969-02-03,1969-02-03,25.0,122.0,344.0,464.0,464.0,NO
datos_11077030,6.616666667,-76.75,1969-02-04,1969-02-04,1969-02-04,19.0,136.0,369.0,489.0,489.0,NO
datos_11077030,6.616666667,-76.75,1969-02-05,1969-02-05,1969-02-05,9.0,132.0,388.0,508.0,508.0,NO
datos_11077030,6.616666667,-76.75,1969-02-06,1969-02-06,1969-02-06,4.0,130.0,397.0,517.0,517.0,NO
datos_11077030,6.616666667,-76.75,1969-02-07,1969-02-07,1969-02-07,25.0,114.0,401.0,521.0,521.0,NO
datos_11077030,6.616666667,-76.75,1969-02-09,1969-02-09,1969-02-09,55.0,139.0,426.0,546.0,546.0,NO
datos_11077030,6.616666667,-76.75,1969-02-13,1969-02-13,1969-02-13,30.0,139.0,481.0,601.0,601.0,NO
datos_11077030,6.616666667,-76.75,1969-02-14,1969-02-14,1969-02-14,4.0,167.0,500.0,631.0,631.0,NO
datos_11077030,6.616666667,-76.75,1969-02-15,1969-02-15,1969-02-15,10.0,146.0,492.0,635.0,635.0,NO
datos_11077030,6.616666667,-76.75,1969-02-21,1969-02-21,1969-02-21,55.0,44.0,357.0,645.0,645.0,NO
datos_11077030,6.616666667,-76.75,1969-02-22,1969-02-22,1969-02-22,23.0,99.0,391.0,700.0,700.0,NO
datos_11077030,6.616666667,-76.75,1969-02-23,1969-02-23,1969-02-23,30.0,122.0,381.0,723.0,723.0,NO
datos_11077030,6.616666667,-76.75,1969-02-26,1969-02-26,1969-02-26,50.0,118.0,366.0,753.0,753.0,NO
datos_11077030,6.616666667,-76.75,1969-03-02,1969-03-02,1969-03-02,29.0,158.0,341.0,803.0,803.0,NO
datos_11077030,6.616666667,-76.75,1969-03-04,1969-03-04,1969-03-04,4.0,187.0,370.0,802.0,832.0,NO
datos_11077030,6.616666667,-76.75,1969-03-06,1969-03-06,1969-03-06,20.0,113.0,372.0,716.0,836.0,NO
datos_11077030,6.616666667,-76.75,1969-03-07,1969-03-07,1969-03-07,5.0,103.0,367.0,736.0,856.0,NO
datos_11077030,6.616666667,-76.75,1969-03-10,1969-03-10,1969-03-10,21.0,58.0,340.0,741.0,861.0,NO
datos_11077030,6.616666667,-76.75,1969-03-12,1969-03-12,1969-03-12,82.0,79.0,336.0,762.0,882.0,NO
datos_11077030,6.616666667,-76.75,1969-03-14,1969-03-14,1969-03-14,60.0,132.0,363.0,844.0,964.0,NO
datos_11077030,6.616666667,-76.75,1969-03-21,1969-03-21,1969-03-21,54.0,163.0,379.0,756.0,1024.0,NO
datos_11077030,6.616666667,-76.75,1969-03-24,1969-03-24,1969-03-24,21.0,114.0,433.0,769.0,1078.0,NO
datos_11077030,6.616666667,-76.75,1969-03-25,1969-03-25,1969-03-25,25.0,135.0,399.0,757.0,1099.0,NO
datos_11077030,6.616666667,-76.75,1969-03-27,1969-03-27,1969-03-27,33.0,100.0,371.0,748.0,1124.0,NO
datos_11077030,6.616666667,-76.75,1969-04-05,1969-04-05,1969-04-05,20.0,58.0,321.0,693.0,1037.0,NO
datos_11077030,6.616666667,-76.75,1969-04-08,1969-04-08,1969-04-08,34.0,20.0,316.0,660.0,1057.0,NO
datos_11077030,6.616666667,-76.75,1969-04-11,1969-04-11,1969-04-11,30.0,54.0,329.0,665.0,1091.0,NO
datos_11077030,6.616666667,-76.75,1969-04-12,1969-04-12,1969-04-12,20.0,84.0,359.0,640.0,1121.0,NO
datos_11077030,6.616666667,-76.75,1969-04-13,1969-04-13,1969-04-13,80.0,104.0,297.0,660.0,1141.0,NO
datos_11077030,6.616666667,-76.75,1969-04-14,1969-04-14,1969-04-14,56.0,184.0,377.0,740.0,1221.0,NO
datos_11077030,6.616666667,-76.75,1969-04-15,1969-04-15,1969-04-15,127.0,240.0,373.0,796.0,1266.0,NO
datos_11077030,6.616666667,-76.75,1969-04-16,1969-04-16,1969-04-16,7.0,367.0,500.0,893.0,1381.0,NO
datos_11077030,6.616666667,-76.75,1969-04-21,1969-04-21,1969-04-21,24.0,320.0,507.0,886.0,1259.0,NO
datos_11077030,6.616666667,-76.75,1969-04-24,1969-04-24,1969-04-24,55.0,294.0,477.0,855.0,1213.0,NO
datos_11077030,6.616666667,-76.75,1969-04-28,1969-04-28,1969-04-28,22.0,79.0,453.0,857.0,1203.0,NO
datos_11077030,6.616666667,-76.75,1969-05-01,1969-05-01,1969-05-01,12.0,101.0,475.0,829.0,1170.0,NO
datos_11077030,6.616666667,-76.75,1969-05-02,1969-05-02,1969-05-02,10.0,113.0,487.0,841.0,1182.0,NO
datos_11077030,6.616666667,-76.75,1969-05-04,1969-05-04,1969-05-04,7.0,99.0,497.0,822.0,1192.0,NO
datos_11077030,6.616666667,-76.75,1969-05-07,1969-05-07,1969-05-07,3.0,51.0,484.0,805.0,1153.0,NO
datos_11077030,6.616666667,-76.75,1969-05-09,1969-05-09,1969-05-09,46.0,54.0,487.0,803.0,1143.0,NO
datos_11077030,6.616666667,-76.75,1969-05-10,1969-05-10,1969-05-10,57.0,78.0,499.0,849.0,1164.0,NO
datos_11077030,6.616666667,-76.75,1969-05-11,1969-05-11,1969-05-11,21.0,135.0,556.0,885.0,1221.0,NO
datos_11077030,6.616666667,-76.75,1969-05-12,1969-05-12,1969-05-12,61.0,156.0,577.0,906.0,1187.0,NO
datos_11077030,6.616666667,-76.75,1969-05-13,1969-05-13,1969-05-13,2.0,205.0,608.0,885.0,1248.0,NO
datos_11077030,6.616666667,-76.75,1969-05-14,1969-05-14,1969-05-14,12.0,197.0,590.0,887.0,1250.0,NO
datos_11077030,6.616666667,-76.75,1969-05-15,1969-05-15,1969-05-15,3.0,209.0,522.0,839.0,1262.0,NO
datos_11077030,6.616666667,-76.75,1969-05-16,1969-05-16,1969-05-16,74.0,205.0,469.0,842.0,1235.0,NO
datos_11077030,6.616666667,-76.75,1969-05-17,1969-05-17,1969-05-17,22.0,279.0,416.0,916.0,1305.0,NO
datos_11077030,6.616666667,-76.75,1969-05-19,1969-05-19,1969-05-19,40.0,298.0,431.0,938.0,1317.0,NO
datos_11077030,6.616666667,-76.75,1969-05-21,1969-05-21,1969-05-21,4.0,292.0,471.0,978.0,1357.0,NO
datos_11077030,6.616666667,-76.75,1969-05-22,1969-05-22,1969-05-22,7.0,239.0,475.0,928.0,1361.0,NO
datos_11077030,6.616666667,-76.75,1969-05-23,1969-05-23,1969-05-23,12.0,225.0,458.0,935.0,1368.0,NO
datos_11077030,6.616666667,-76.75,1969-05-25,1969-05-25,1969-05-25,8.0,174.0,470.0,926.0,1302.0,NO
datos_11077030,6.616666667,-76.75,1969-05-26,1969-05-26,1969-05-26,120.0,170.0,423.0,909.0,1280.0,NO
datos_11077030,6.616666667,-76.75,1969-05-27,1969-05-27,1969-05-27,11.0,287.0,543.0,1029.0,1400.0,NO
datos_11077030,6.616666667,-76.75,1969-05-29,1969-05-29,1969-05-29,70.0,202.0,554.0,1007.0,1361.0,NO
datos_11077030,6.616666667,-76.75,1969-05-30,1969-05-30,1969-05-30,100.0,272.0,602.0,1077.0,1431.0,NO
datos_11077030,6.616666667,-76.75,1969-06-02,1969-06-02,1969-06-02,11.0,328.0,690.0,1177.0,1502.0,NO
datos_11077030,6.616666667,-76.75,1969-06-03,1969-06-03,1969-06-03,30.0,332.0,691.0,1188.0,1513.0,NO
datos_11077030,6.616666667,-76.75,1969-06-05,1969-06-05,1969-06-05,12.0,350.0,714.0,1218.0,1539.0,NO
datos_11077030,6.616666667,-76.75,1969-06-06,1969-06-06,1969-06-06,40.0,354.0,726.0,1210.0,1531.0,NO
datos_11077030,6.616666667,-76.75,1969-06-07,1969-06-07,1969-06-07,28.0,274.0,766.0,1250.0,1566.0,NO
datos_11077030,6.616666667,-76.75,1969-06-09,1969-06-09,1969-06-09,5.0,291.0,791.0,1244.0,1594.0,NO
datos_11077030,6.616666667,-76.75,1969-06-10,1969-06-10,1969-06-10,11.0,226.0,750.0,1249.0,1578.0,NO
datos_11077030,6.616666667,-76.75,1969-06-11,1969-06-11,1969-06-11,16.0,137.0,704.0,1260.0,1589.0,NO
datos_11077030,6.616666667,-76.75,1969-06-12,1969-06-12,1969-06-12,2.0,153.0,699.0,1246.0,1523.0,NO
datos_11077030,6.616666667,-76.75,1969-06-13,1969-06-13,1969-06-13,24.0,155.0,640.0,1228.0,1525.0,NO
datos_11077030,6.616666667,-76.75,1969-06-14,1969-06-14,1969-06-14,20.0,168.0,662.0,1172.0,1489.0,NO
datos_11077030,6.616666667,-76.75,1969-06-15,1969-06-15,1969-06-15,25.0,158.0,670.0,1136.0,1509.0,NO
datos_11077030,6.616666667,-76.75,1969-06-18,1969-06-18,1969-06-18,75.0,131.0,596.0,1027.0,1534.0,NO
datos_11077030,6.616666667,-76.75,1969-06-19,1969-06-19,1969-06-19,21.0,178.0,671.0,1102.0,1609.0,NO
datos_11077030,6.616666667,-76.75,1969-06-20,1969-06-20,1969-06-20,5.0,199.0,652.0,1123.0,1630.0,NO
datos_11077030,6.616666667,-76.75,1969-06-21,1969-06-21,1969-06-21,9.0,199.0,657.0,1128.0,1581.0,NO
datos_11077030,6.616666667,-76.75,1969-06-23,1969-06-23,1969-06-23,78.0,181.0,655.0,1113.0,1590.0,NO
datos_11077030,6.616666667,-76.75,1969-06-24,1969-06-24,1969-06-24,44.0,257.0,721.0,1191.0,1647.0,NO
datos_11077030,6.616666667,-76.75,1969-06-25,1969-06-25,1969-06-25,12.0,277.0,765.0,1180.0,1666.0,NO
datos_11077030,6.616666667,-76.75,1969-06-26,1969-06-26,1969-06-26,40.0,269.0,769.0,1192.0,1678.0,NO
datos_11077030,6.616666667,-76.75,1969-06-28,1969-06-28,1969-06-28,7.0,284.0,678.0,1232.0,1685.0,NO
datos_11077030,6.616666667,-76.75,1969-07-01,1969-07-01,1969-07-01,75.0,195.0,515.0,1217.0,1692.0,NO
datos_11077030,6.616666667,-76.75,1969-07-02,1969-07-02,1969-07-02,15.0,265.0,590.0,1280.0,1767.0,NO
datos_11077030,6.616666667,-76.75,1969-07-03,1969-07-03,1969-07-03,4.0,271.0,605.0,1285.0,1782.0,NO
datos_11077030,6.616666667,-76.75,1969-07-04,1969-07-04,1969-07-04,30.0,275.0,598.0,1289.0,1786.0,NO
datos_11077030,6.616666667,-76.75,1969-07-05,1969-07-05,1969-07-05,13.0,227.0,598.0,1312.0,1816.0,NO
datos_11077030,6.616666667,-76.75,1969-07-06,1969-07-06,1969-07-06,55.0,196.0,611.0,1325.0,1809.0,NO
datos_11077030,6.616666667,-76.75,1969-07-09,1969-07-09,1969-07-09,10.0,199.0,586.0,1377.0,1830.0,NO
datos_11077030,6.616666667,-76.75,1969-07-10,1969-07-10,1969-07-10,26.0,202.0,596.0,1341.0,1840.0,NO
datos_11077030,6.616666667,-76.75,1969-07-13,1969-07-13,1969-07-13,29.0,153.0,590.0,1228.0,1816.0,NO
datos_11077030,6.616666667,-76.75,1969-07-15,1969-07-15,1969-07-15,114.0,163.0,593.0,1243.0,1709.0,NO
datos_11077030,6.616666667,-76.75,1969-07-16,1969-07-16,1969-07-16,22.0,247.0,687.0,1354.0,1696.0,NO
datos_11077030,6.616666667,-76.75,1969-07-20,1969-07-20,1969-07-20,12.0,201.0,609.0,1240.0,1711.0,NO
datos_11077030,6.616666667,-76.75,1969-07-21,1969-07-21,1969-07-21,6.0,203.0,600.0,1252.0,1723.0,NO
datos_11077030,6.616666667,-76.75,1969-07-22,1969-07-22,1969-07-22,6.0,183.0,601.0,1254.0,1705.0,NO
datos_11077030,6.616666667,-76.75,1969-07-24,1969-07-24,1969-07-24,17.0,189.0,598.0,1241.0,1711.0,NO
datos_11077030,6.616666667,-76.75,1969-07-25,1969-07-25,1969-07-25,34.0,177.0,537.0,1258.0,1673.0,NO
datos_11077030,6.616666667,-76.75,1969-07-26,1969-07-26,1969-07-26,7.0,211.0,527.0,1284.0,1707.0,NO
datos_11077030,6.616666667,-76.75,1969-07-28,1969-07-28,1969-07-28,10.0,82.0,482.0,1160.0,1714.0,NO
datos_11077030,6.616666667,-76.75,1969-07-29,1969-07-29,1969-07-29,94.0,92.0,492.0,1170.0,1702.0,NO
datos_11077030,6.616666667,-76.75,1969-07-31,1969-07-31,1969-07-31,20.0,186.0,579.0,1094.0,1796.0,NO
datos_11077030,6.616666667,-76.75,1969-08-01,1969-08-01,1969-08-01,8.0,194.0,599.0,1114.0,1804.0,NO
datos_11077030,6.616666667,-76.75,1969-08-02,1969-08-02,1969-08-02,6.0,196.0,532.0,1122.0,1802.0,NO
datos_11077030,6.616666667,-76.75,1969-08-03,1969-08-03,1969-08-03,31.0,196.0,523.0,1117.0,1808.0,NO
datos_11077030,6.616666667,-76.75,1969-08-05,1969-08-05,1969-08-05,6.0,210.0,520.0,1118.0,1832.0,NO
datos_11077030,6.616666667,-76.75,1969-08-06,1969-08-06,1969-08-06,132.0,182.0,513.0,1112.0,1838.0,NO
datos_11077030,6.616666667,-76.75,1969-08-07,1969-08-07,1969-08-07,2.0,307.0,590.0,1204.0,1967.0,NO
datos_11077030,6.616666667,-76.75,1969-08-08,1969-08-08,1969-08-08,10.0,309.0,592.0,1178.0,1969.0,NO
datos_11077030,6.616666667,-76.75,1969-08-09,1969-08-09,1969-08-09,3.0,309.0,602.0,1188.0,1933.0,NO
datos_11077030,6.616666667,-76.75,1969-08-10,1969-08-10,1969-08-10,19.0,218.0,595.0,1186.0,1879.0,NO
datos_11077030,6.616666667,-76.75,1969-08-12,1969-08-12,1969-08-12,68.0,217.0,588.0,1178.0,1816.0,NO
datos_11077030,6.616666667,-76.75,1969-08-13,1969-08-13,1969-08-13,36.0,277.0,656.0,1244.0,1882.0,NO
datos_11077030,6.616666667,-76.75,1969-08-14,1969-08-14,1969-08-14,6.0,307.0,663.0,1256.0,1906.0,NO
datos_11077030,6.616666667,-76.75,1969-08-15,1969-08-15,1969-08-15,24.0,282.0,669.0,1242.0,1909.0,NO
datos_11077030,6.616666667,-76.75,1969-08-16,1969-08-16,1969-08-16,8.0,306.0,579.0,1241.0,1859.0,NO
datos_11077030,6.616666667,-76.75,1969-08-19,1969-08-19,1969-08-19,7.0,174.0,565.0,1174.0,1805.0,NO
datos_11077030,6.616666667,-76.75,1969-08-20,1969-08-20,1969-08-20,38.0,171.0,572.0,1160.0,1812.0,NO
datos_11077030,6.616666667,-76.75,1969-08-22,1969-08-22,1969-08-22,53.0,187.0,592.0,1184.0,1839.0,NO
datos_11077030,6.616666667,-76.75,1969-08-23,1969-08-23,1969-08-23,77.0,240.0,639.0,1237.0,1880.0,NO
datos_11077030,6.616666667,-76.75,1969-08-25,1969-08-25,1969-08-25,30.0,213.0,699.0,1192.0,1949.0,NO
datos_11077030,6.616666667,-76.75,1969-08-26,1969-08-26,1969-08-26,77.0,237.0,695.0,1210.0,1859.0,NO
datos_11077030,6.616666667,-76.75,1969-08-27,1969-08-27,1969-08-27,11.0,290.0,765.0,1247.0,1925.0,NO
datos_11077030,6.616666667,-76.75,1969-08-29,1969-08-29,1969-08-29,11.0,293.0,766.0,1251.0,1866.0,NO
datos_11077030,6.616666667,-76.75,1969-09-02,1969-09-02,1969-09-02,18.0,259.0,655.0,1172.0,1766.0,NO
datos_11077030,6.616666667,-76.75,1969-09-04,1969-09-04,1969-09-04,5.0,147.0,636.0,1156.0,1754.0,NO
datos_11077030,6.616666667,-76.75,1969-09-05,1969-09-05,1969-09-05,8.0,152.0,641.0,1148.0,1747.0,NO
datos_11077030,6.616666667,-76.75,1969-09-06,1969-09-06,1969-09-06,30.0,130.0,643.0,1101.0,1715.0,NO
datos_11077030,6.616666667,-76.75,1969-09-09,1969-09-09,1969-09-09,10.0,72.0,529.0,1121.0,1712.0,NO
datos_11077030,6.616666667,-76.75,1969-09-10,1969-09-10,1969-09-10,10.0,71.0,536.0,1105.0,1711.0,NO
datos_11077030,6.616666667,-76.75,1969-09-12,1969-09-12,1969-09-12,7.0,81.0,527.0,1115.0,1703.0,NO
datos_11077030,6.616666667,-76.75,1969-09-13,1969-09-13,1969-09-13,7.0,88.0,466.0,1093.0,1686.0,NO
datos_11077030,6.616666667,-76.75,1969-09-14,1969-09-14,1969-09-14,15.0,77.0,437.0,1100.0,1673.0,NO
datos_11077030,6.616666667,-76.75,1969-09-15,1969-09-15,1969-09-15,2.0,92.0,446.0,1001.0,1663.0,NO
datos_11077030,6.616666667,-76.75,1969-09-16,1969-09-16,1969-09-16,63.0,89.0,424.0,981.0,1665.0,NO
datos_11077030,6.616666667,-76.75,1969-09-17,1969-09-17,1969-09-17,50.0,144.0,479.0,1044.0,1728.0,NO
datos_11077030,6.616666667,-76.75,1969-09-18,1969-09-18,1969-09-18,58.0,164.0,529.0,1094.0,1703.0,NO
datos_11077030,6.616666667,-76.75,1969-09-21,1969-09-21,1969-09-21,10.0,212.0,542.0,1134.0,1726.0,NO
datos_11077030,6.616666667,-76.75,1969-09-23,1969-09-23,1969-09-23,8.0,212.0,499.0,1138.0,1658.0,NO
datos_11077030,6.616666667,-76.75,1969-09-24,1969-09-24,1969-09-24,19.0,213.0,430.0,1129.0,1622.0,NO
datos_11077030,6.616666667,-76.75,1969-09-26,1969-09-26,1969-09-26,7.0,210.0,419.0,1107.0,1589.0,NO
datos_11077030,6.616666667,-76.75,1969-09-27,1969-09-27,1969-09-27,10.0,215.0,349.0,1114.0,1596.0,NO
datos_11077030,6.616666667,-76.75,1969-09-28,1969-09-28,1969-09-28,56.0,162.0,348.0,1114.0,1599.0,NO
datos_11077030,6.616666667,-76.75,1969-09-30,1969-09-30,1969-09-30,20.0,110.0,393.0,1076.0,1655.0,NO
datos_11077030,6.616666667,-76.75,1969-10-01,1969-10-01,1969-10-01,7.0,130.0,413.0,1076.0,1600.0,NO
datos_11077030,6.616666667,-76.75,1969-10-02,1969-10-02,1969-10-02,56.0,137.0,420.0,1075.0,1592.0,NO
datos_11077030,6.616666667,-76.75,1969-10-03,1969-10-03,1969-10-03,10.0,183.0,476.0,1125.0,1644.0,NO
datos_11077030,6.616666667,-76.75,1969-10-05,1969-10-05,1969-10-05,2.0,185.0,468.0,1104.0,1611.0,NO
datos_11077030,6.616666667,-76.75,1969-10-10,1969-10-10,1969-10-10,11.0,95.0,427.0,953.0,1522.0,NO
datos_11077030,6.616666667,-76.75,1969-10-17,1969-10-17,1969-10-17,4.0,11.0,387.0,803.0,1368.0,NO
datos_11077030,6.616666667,-76.75,1969-10-19,1969-10-19,1969-10-19,29.0,15.0,278.0,807.0,1372.0,NO
datos_11077030,6.616666667,-76.75,1969-10-22,1969-10-22,1969-10-22,99.0,33.0,249.0,791.0,1377.0,NO
datos_11077030,6.616666667,-76.75,1969-10-24,1969-10-24,1969-10-24,3.0,132.0,338.0,760.0,1459.0,NO
datos_11077030,6.616666667,-76.75,1969-10-25,1969-10-25,1969-10-25,30.0,135.0,333.0,763.0,1428.0,NO
datos_11077030,6.616666667,-76.75,1969-10-26,1969-10-26,1969-10-26,4.0,165.0,344.0,763.0,1451.0,NO
datos_11077030,6.616666667,-76.75,1969-10-27,1969-10-27,1969-10-27,10.0,169.0,348.0,690.0,1455.0,NO
datos_11077030,6.616666667,-76.75,1969-10-28,1969-10-28,1969-10-28,11.0,179.0,351.0,689.0,1455.0,NO
datos_11077030,6.616666667,-76.75,1969-10-30,1969-10-30,1969-10-30,10.0,186.0,296.0,689.0,1372.0,NO
datos_11077030,6.616666667,-76.75,1969-10-31,1969-10-31,1969-10-31,10.0,167.0,306.0,699.0,1362.0,NO
datos_11077030,6.616666667,-76.75,1969-11-01,1969-11-01,1969-11-01,33.0,177.0,296.0,709.0,1364.0,NO
datos_11077030,6.616666667,-76.75,1969-11-02,1969-11-02,1969-11-02,49.0,210.0,322.0,742.0,1391.0,NO
datos_11077030,6.616666667,-76.75,1969-11-03,1969-11-03,1969-11-03,38.0,160.0,315.0,773.0,1409.0,NO
datos_11077030,6.616666667,-76.75,1969-11-04,1969-11-04,1969-11-04,39.0,198.0,343.0,811.0,1447.0,NO
datos_11077030,6.616666667,-76.75,1969-11-11,1969-11-11,1969-11-11,39.0,169.0,369.0,787.0,1314.0,NO
datos_11077030,6.616666667,-76.75,1969-11-12,1969-11-12,1969-11-12,24.0,198.0,408.0,826.0,1285.0,NO
datos_11077030,6.616666667,-76.75,1969-11-14,1969-11-14,1969-11-14,14.0,140.0,432.0,836.0,1267.0,NO
datos_11077030,6.616666667,-76.75,1969-11-17,1969-11-17,1969-11-17,49.0,77.0,446.0,770.0,1249.0,NO
datos_11077030,6.616666667,-76.75,1969-11-18,1969-11-18,1969-11-18,29.0,126.0,491.0,769.0,1298.0,NO
datos_11077030,6.616666667,-76.75,1969-11-19,1969-11-19,1969-11-19,3.0,155.0,520.0,740.0,1320.0,NO
datos_11077030,6.616666667,-76.75,1969-11-23,1969-11-23,1969-11-23,1.0,119.0,395.0,733.0,1155.0,NO
datos_11077030,6.616666667,-76.75,1969-11-24,1969-11-24,1969-11-24,1.0,96.0,396.0,726.0,1156.0,NO
datos_11077030,6.616666667,-76.75,1969-11-25,1969-11-25,1969-11-25,2.0,97.0,394.0,708.0,1127.0,NO
datos_11077030,6.616666667,-76.75,1969-11-26,1969-11-26,1969-11-26,4.0,85.0,366.0,710.0,1052.0,NO
datos_11077030,6.616666667,-76.75,1969-11-27,1969-11-27,1969-11-27,9.0,89.0,366.0,707.0,1045.0,NO
datos_11077030,6.616666667,-76.75,1969-11-28,1969-11-28,1969-11-28,39.0,98.0,365.0,706.0,1054.0,NO
datos_11077030,6.616666667,-76.75,1969-11-30,1969-11-30,1969-11-30,15.0,59.0,393.0,689.0,1082.0,NO
datos_11077030,6.616666667,-76.75,1969-12-02,1969-12-02,1969-12-02,29.0,71.0,388.0,677.0,1097.0,NO
datos_11077030,6.616666667,-76.75,1969-12-03,1969-12-03,1969-12-03,29.0,100.0,384.0,650.0,1108.0,NO
datos_11077030,6.616666667,-76.75,1969-12-04,1969-12-04,1969-12-04,9.0,129.0,364.0,669.0,1137.0,NO
datos_11077030,6.616666667,-76.75,1969-12-05,1969-12-05,1969-12-05,2.0,137.0,335.0,678.0,1141.0,NO
datos_11077030,6.616666667,-76.75,1969-12-06,1969-12-06,1969-12-06,3.0,138.0,298.0,678.0,1135.0,NO
datos_11077030,6.616666667,-76.75,1969-12-07,1969-12-07,1969-12-07,49.0,139.0,301.0,681.0,1108.0,NO
datos_11077030,6.616666667,-76.75,1969-12-08,1969-12-08,1969-12-08,9.0,184.0,350.0,730.0,1157.0,NO
datos_11077030,6.616666667,-76.75,1969-12-11,1969-12-11,1969-12-11,18.0,145.0,359.0,728.0,1146.0,NO
datos_11077030,6.616666667,-76.75,1969-12-13,1969-12-13,1969-12-13,19.0,148.0,338.0,746.0,1157.0,NO
datos_11077030,6.616666667,-76.75,1969-12-14,1969-12-14,1969-12-14,2.0,138.0,333.0,765.0,1169.0,NO
datos_11077030,6.616666667,-76.75,1969-12-15,1969-12-15,1969-12-15,10.0,111.0,335.0,767.0,1156.0,NO
datos_11077030,6.616666667,-76.75,1969-12-16,1969-12-16,1969-12-16,70.0,112.0,331.0,777.0,1164.0,NO
datos_11077030,6.616666667,-76.75,1969-12-18,1969-12-18,1969-12-18,50.0,177.0,401.0,843.0,1121.0,NO
datos_11077030,6.616666667,-76.75,1969-12-19,1969-12-19,1969-12-19,45.0,178.0,402.0,893.0,1113.0,NO
datos_11077030,6.616666667,-76.75,1969-12-20,1969-12-20,1969-12-20,40.0,214.0,418.0,909.0,1158.0,NO
datos_11077030,6.616666667,-76.75,1969-12-21,1969-12-21,1969-12-21,40.0,254.0,455.0,949.0,1198.0,NO
datos_11077030,6.616666667,-76.75,1969-12-22,1969-12-22,1969-12-22,10.0,294.0,495.0,989.0,1228.0,NO
datos_11077030,6.616666667,-76.75,1969-12-23,1969-12-23,1969-12-23,30.0,286.0,505.0,900.0,1238.0,NO
datos_11077030,6.616666667,-76.75,1969-12-27,1969-12-27,1969-12-27,19.0,285.0,531.0,893.0,1234.0,NO
datos_11077030,6.616666667,-76.75,1969-12-28,1969-12-28,1969-12-28,150.0,234.0,546.0,902.0,1243.0,NO
datos_11077030,6.616666667,-76.75,1969-12-30,1969-12-30,1969-12-30,75.0,334.0,648.0,1041.0,1337.0,NO
datos_11077030,6.616666667,-76.75,1970-01-04,1970-01-04,1970-01-04,39.0,244.0,650.0,976.0,1319.0,NO
datos_11077030,6.616666667,-76.75,1970-01-06,1970-01-06,1970-01-06,29.0,283.0,678.0,976.0,1356.0,NO
datos_11077030,6.616666667,-76.75,1970-01-07,1970-01-07,1970-01-07,29.0,312.0,704.0,1005.0,1385.0,NO
datos_11077030,6.616666667,-76.75,1970-01-08,1970-01-08,1970-01-08,20.0,322.0,684.0,1034.0,1414.0,NO
datos_11077030,6.616666667,-76.75,1970-01-09,1970-01-09,1970-01-09,10.0,192.0,695.0,1054.0,1434.0,NO
datos_11077030,6.616666667,-76.75,1970-01-11,1970-01-11,1970-01-11,40.0,127.0,705.0,1064.0,1433.0,NO
datos_11077030,6.616666667,-76.75,1970-01-17,1970-01-17,1970-01-17,10.0,128.0,626.0,1027.0,1469.0,NO
datos_11077030,6.616666667,-76.75,1970-01-19,1970-01-19,1970-01-19,10.0,80.0,586.0,959.0,1450.0,NO
datos_11077030,6.616666667,-76.75,1970-01-20,1970-01-20,1970-01-20,36.0,70.0,551.0,966.0,1460.0,NO
datos_11077030,6.616666667,-76.75,1970-01-22,1970-01-22,1970-01-22,5.0,96.0,507.0,1002.0,1397.0,NO
datos_11077030,6.616666667,-76.75,1970-01-26,1970-01-26,1970-01-26,8.0,61.0,472.0,1003.0,1365.0,NO
datos_11077030,6.616666667,-76.75,1970-01-27,1970-01-27,1970-01-27,49.0,69.0,480.0,1007.0,1363.0,NO
datos_11077030,6.616666667,-76.75,1970-01-29,1970-01-29,1970-01-29,34.0,108.0,360.0,1008.0,1401.0,NO
datos_11077030,6.616666667,-76.75,1970-01-30,1970-01-30,1970-01-30,34.0,142.0,394.0,1042.0,1425.0,NO
datos_11077030,6.616666667,-76.75,1970-01-31,1970-01-31,1970-01-31,2.0,166.0,353.0,1061.0,1449.0,NO
datos_11077030,6.616666667,-76.75,1970-02-01,1970-02-01,1970-02-01,138.0,132.0,355.0,1063.0,1418.0,NO
datos_11077030,6.616666667,-76.75,1970-02-02,1970-02-02,1970-02-02,21.0,270.0,493.0,1172.0,1507.0,NO
datos_11077030,6.616666667,-76.75,1970-02-03,1970-02-03,1970-02-03,67.0,286.0,514.0,1164.0,1490.0,NO
datos_11077030,6.616666667,-76.75,1970-02-04,1970-02-04,1970-02-04,40.0,353.0,581.0,1222.0,1518.0,NO
datos_11077030,6.616666667,-76.75,1970-02-11,1970-02-11,1970-02-11,5.0,268.0,494.0,1181.0,1519.0,NO
datos_11077030,6.616666667,-76.75,1970-02-14,1970-02-14,1970-02-14,8.0,112.0,459.0,1165.0,1486.0,NO
datos_11077030,6.616666667,-76.75,1970-02-15,1970-02-15,1970-02-15,134.0,53.0,467.0,1163.0,1494.0,NO
datos_11077030,6.616666667,-76.75,1970-02-16,1970-02-16,1970-02-16,38.0,147.0,601.0,1227.0,1628.0,NO
datos_11077030,6.616666667,-76.75,1970-02-17,1970-02-17,1970-02-17,3.0,185.0,639.0,1265.0,1617.0,NO
datos_11077030,6.616666667,-76.75,1970-02-18,1970-02-18,1970-02-18,140.0,188.0,632.0,1218.0,1591.0,NO
datos_11077030,6.616666667,-76.75,1970-02-19,1970-02-19,1970-02-19,12.0,328.0,772.0,1313.0,1728.0,NO
datos_11077030,6.616666667,-76.75,1970-02-20,1970-02-20,1970-02-20,68.0,340.0,774.0,1285.0,1740.0,NO
datos_11077030,6.616666667,-76.75,1970-02-23,1970-02-23,1970-02-23,10.0,403.0,801.0,1273.0,1807.0,NO
datos_11077030,6.616666667,-76.75,1970-02-24,1970-02-24,1970-02-24,1.0,413.0,811.0,1283.0,1816.0,NO
datos_11077030,6.616666667,-76.75,1970-02-26,1970-02-26,1970-02-26,10.0,406.0,812.0,1284.0,1811.0,NO
datos_11077030,6.616666667,-76.75,1970-03-02,1970-03-02,1970-03-02,44.0,101.0,731.0,1050.0,1758.0,NO
datos_11077030,6.616666667,-76.75,1970-03-03,1970-03-03,1970-03-03,10.0,133.0,741.0,1094.0,1802.0,NO
datos_11077030,6.616666667,-76.75,1970-03-07,1970-03-07,1970-03-07,10.0,65.0,523.0,1065.0,1743.0,NO
datos_11077030,6.616666667,-76.75,1970-03-08,1970-03-08,1970-03-08,11.0,74.0,493.0,1075.0,1750.0,NO
datos_11077030,6.616666667,-76.75,1970-03-09,1970-03-09,1970-03-09,7.0,85.0,504.0,1057.0,1712.0,NO
datos_11077030,6.616666667,-76.75,1970-03-10,1970-03-10,1970-03-10,24.0,82.0,511.0,1035.0,1710.0,NO
datos_11077030,6.616666667,-76.75,1970-03-13,1970-03-13,1970-03-13,39.0,106.0,535.0,1029.0,1716.0,NO
datos_11077030,6.616666667,-76.75,1970-03-14,1970-03-14,1970-03-14,1.0,101.0,574.0,1028.0,1755.0,NO
datos_11077030,6.616666667,-76.75,1970-03-15,1970-03-15,1970-03-15,11.0,92.0,570.0,1029.0,1737.0,NO
datos_11077030,6.616666667,-76.75,1970-03-17,1970-03-17,1970-03-17,3.0,103.0,581.0,1040.0,1736.0,NO
datos_11077030,6.616666667,-76.75,1970-03-25,1970-03-25,1970-03-25,46.0,15.0,181.0,982.0,1454.0,NO
datos_11077030,6.616666667,-76.75,1970-03-27,1970-03-27,1970-03-27,16.0,49.0,217.0,1028.0,1500.0,NO
datos_11077030,6.616666667,-76.75,1970-03-29,1970-03-29,1970-03-29,74.0,62.0,232.0,1036.0,1497.0,NO
datos_11077030,6.616666667,-76.75,1970-03-31,1970-03-31,1970-03-31,6.0,136.0,296.0,1061.0,1421.0,NO
datos_11077030,6.616666667,-76.75,1970-04-01,1970-04-01,1970-04-01,11.0,142.0,302.0,1033.0,1352.0,NO
datos_11077030,6.616666667,-76.75,1970-04-02,1970-04-02,1970-04-02,14.0,153.0,313.0,1010.0,1363.0,NO
datos_11077030,6.616666667,-76.75,1970-04-03,1970-04-03,1970-04-03,20.0,167.0,283.0,1022.0,1377.0,NO
datos_11077030,6.616666667,-76.75,1970-04-04,1970-04-04,1970-04-04,4.0,187.0,293.0,904.0,1397.0,NO
datos_11077030,6.616666667,-76.75,1970-04-05,1970-04-05,1970-04-05,12.0,191.0,297.0,887.0,1401.0,NO
datos_11077030,6.616666667,-76.75,1970-04-06,1970-04-06,1970-04-06,55.0,157.0,309.0,832.0,1374.0,NO
datos_11077030,6.616666667,-76.75,1970-04-07,1970-04-07,1970-04-07,10.0,212.0,364.0,847.0,1429.0,NO
datos_11077030,6.616666667,-76.75,1970-04-08,1970-04-08,1970-04-08,81.0,206.0,364.0,857.0,1410.0,NO
datos_11077030,6.616666667,-76.75,1970-04-09,1970-04-09,1970-04-09,4.0,287.0,434.0,938.0,1462.0,NO
datos_11077030,6.616666667,-76.75,1970-04-10,1970-04-10,1970-04-10,4.0,217.0,431.0,942.0,1446.0,NO
datos_11077030,6.616666667,-76.75,1970-04-11,1970-04-11,1970-04-11,20.0,221.0,411.0,946.0,1440.0,NO
datos_11077030,6.616666667,-76.75,1970-04-12,1970-04-12,1970-04-12,4.0,235.0,431.0,966.0,1460.0,NO
datos_11077030,6.616666667,-76.75,1970-04-13,1970-04-13,1970-04-13,150.0,228.0,435.0,970.0,1424.0,NO
datos_11077030,6.616666667,-76.75,1970-04-16,1970-04-16,1970-04-16,10.0,340.0,534.0,1115.0,1574.0,NO
datos_11077030,6.616666667,-76.75,1970-04-17,1970-04-17,1970-04-17,10.0,338.0,544.0,1117.0,1584.0,NO
datos_11077030,6.616666667,-76.75,1970-04-18,1970-04-18,1970-04-18,10.0,293.0,551.0,993.0,1594.0,NO
datos_11077030,6.616666667,-76.75,1970-04-20,1970-04-20,1970-04-20,10.0,212.0,561.0,962.0,1594.0,NO
datos_11077030,6.616666667,-76.75,1970-04-21,1970-04-21,1970-04-21,140.0,218.0,571.0,832.0,1594.0,NO
datos_11077030,6.616666667,-76.75,1970-04-23,1970-04-23,1970-04-23,25.0,334.0,711.0,892.0,1698.0,NO
datos_11077030,6.616666667,-76.75,1970-04-24,1970-04-24,1970-04-24,1.0,355.0,736.0,917.0,1718.0,NO
datos_11077030,6.616666667,-76.75,1970-04-25,1970-04-25,1970-04-25,70.0,206.0,737.0,918.0,1719.0,NO
datos_11077030,6.616666667,-76.75,1970-04-26,1970-04-26,1970-04-26,10.0,276.0,761.0,978.0,1789.0,NO
datos_11077030,6.616666667,-76.75,1970-04-27,1970-04-27,1970-04-27,72.0,286.0,771.0,987.0,1799.0,NO
datos_11077030,6.616666667,-76.75,1970-04-30,1970-04-30,1970-04-30,20.0,328.0,753.0,1049.0,1814.0,NO
datos_11077030,6.616666667,-76.75,1970-05-01,1970-05-01,1970-05-01,10.0,348.0,773.0,1069.0,1800.0,NO
datos_11077030,6.616666667,-76.75,1970-05-02,1970-05-02,1970-05-02,27.0,348.0,777.0,1079.0,1776.0,NO
datos_11077030,6.616666667,-76.75,1970-05-03,1970-05-03,1970-05-03,25.0,235.0,793.0,1062.0,1801.0,NO
datos_11077030,6.616666667,-76.75,1970-05-04,1970-05-04,1970-05-04,25.0,260.0,804.0,1077.0,1688.0,NO
datos_11077030,6.616666667,-76.75,1970-05-05,1970-05-05,1970-05-05,49.0,260.0,809.0,1102.0,1692.0,NO
datos_11077030,6.616666667,-76.75,1970-05-08,1970-05-08,1970-05-08,52.0,228.0,787.0,1141.0,1634.0,NO
datos_11077030,6.616666667,-76.75,1970-05-09,1970-05-09,1970-05-09,7.0,208.0,829.0,1182.0,1686.0,NO
datos_11077030,6.616666667,-76.75,1970-05-10,1970-05-10,1970-05-10,22.0,215.0,755.0,1182.0,1693.0,NO
datos_11077030,6.616666667,-76.75,1970-05-11,1970-05-11,1970-05-11,32.0,237.0,773.0,1180.0,1715.0,NO
datos_11077030,6.616666667,-76.75,1970-05-12,1970-05-12,1970-05-12,42.0,249.0,801.0,1212.0,1747.0,NO
datos_11077030,6.616666667,-76.75,1970-05-13,1970-05-13,1970-05-13,8.0,281.0,823.0,1254.0,1789.0,NO
datos_11077030,6.616666667,-76.75,1970-05-15,1970-05-15,1970-05-15,25.0,237.0,677.0,1222.0,1792.0,NO
datos_11077030,6.616666667,-76.75,1970-05-16,1970-05-16,1970-05-16,25.0,237.0,702.0,1236.0,1817.0,NO
datos_11077030,6.616666667,-76.75,1970-05-20,1970-05-20,1970-05-20,62.0,161.0,697.0,1258.0,1659.0,NO
datos_11077030,6.616666667,-76.75,1970-05-21,1970-05-21,1970-05-21,9.0,216.0,759.0,1320.0,1581.0,NO
datos_11077030,6.616666667,-76.75,1970-05-22,1970-05-22,1970-05-22,3.0,203.0,758.0,1329.0,1578.0,NO
datos_11077030,6.616666667,-76.75,1970-05-24,1970-05-24,1970-05-24,46.0,132.0,621.0,1332.0,1513.0,NO
datos_11077030,6.616666667,-76.75,1970-05-25,1970-05-25,1970-05-25,56.0,170.0,642.0,1378.0,1559.0,NO
datos_11077030,6.616666667,-76.75,1970-05-26,1970-05-26,1970-05-26,22.0,226.0,697.0,1388.0,1605.0,NO
datos_11077030,6.616666667,-76.75,1970-05-27,1970-05-27,1970-05-27,8.0,223.0,649.0,1410.0,1626.0,NO
datos_11077030,6.616666667,-76.75,1970-05-30,1970-05-30,1970-05-30,15.0,206.0,575.0,1328.0,1624.0,NO
datos_11077030,6.616666667,-76.75,1970-05-31,1970-05-31,1970-05-31,15.0,221.0,590.0,1343.0,1639.0,NO
datos_11077030,6.616666667,-76.75,1970-06-01,1970-06-01,1970-06-01,55.0,174.0,585.0,1352.0,1654.0,NO
datos_11077030,6.616666667,-76.75,1970-06-03,1970-06-03,1970-06-03,12.0,217.0,603.0,1382.0,1655.0,NO
datos_11077030,6.616666667,-76.75,1970-06-04,1970-06-04,1970-06-04,10.0,229.0,590.0,1374.0,1667.0,NO
datos_11077030,6.616666667,-76.75,1970-06-05,1970-06-05,1970-06-05,19.0,193.0,575.0,1380.0,1677.0,NO
datos_11077030,6.616666667,-76.75,1970-06-06,1970-06-06,1970-06-06,13.0,156.0,545.0,1387.0,1696.0,NO
datos_11077030,6.616666667,-76.75,1970-06-07,1970-06-07,1970-06-07,4.0,147.0,558.0,1345.0,1699.0,NO
datos_11077030,6.616666667,-76.75,1970-06-08,1970-06-08,1970-06-08,119.0,143.0,562.0,1339.0,1692.0,NO
datos_11077030,6.616666667,-76.75,1970-06-12,1970-06-12,1970-06-12,24.0,232.0,568.0,1349.0,1780.0,NO
datos_11077030,6.616666667,-76.75,1970-06-13,1970-06-13,1970-06-13,7.0,201.0,550.0,1369.0,1765.0,NO
datos_11077030,6.616666667,-76.75,1970-06-15,1970-06-15,1970-06-15,4.0,196.0,549.0,1226.0,1760.0,NO
datos_11077030,6.616666667,-76.75,1970-06-16,1970-06-16,1970-06-16,40.0,190.0,528.0,1230.0,1764.0,NO
datos_11077030,6.616666667,-76.75,1970-06-17,1970-06-17,1970-06-17,10.0,211.0,543.0,1260.0,1801.0,NO
datos_11077030,6.616666667,-76.75,1970-06-19,1970-06-19,1970-06-19,9.0,204.0,553.0,1250.0,1811.0,NO
datos_11077030,6.616666667,-76.75,1970-06-20,1970-06-20,1970-06-20,80.0,94.0,562.0,1259.0,1820.0,NO
datos_11077030,6.616666667,-76.75,1970-06-21,1970-06-21,1970-06-21,35.0,174.0,580.0,1329.0,1900.0,NO
datos_11077030,6.616666667,-76.75,1970-06-22,1970-06-22,1970-06-22,30.0,209.0,606.0,1224.0,1935.0,NO
datos_11077030,6.616666667,-76.75,1970-06-23,1970-06-23,1970-06-23,128.0,239.0,633.0,1254.0,1965.0,NO
datos_11077030,6.616666667,-76.75,1970-06-24,1970-06-24,1970-06-24,10.0,343.0,761.0,1357.0,2093.0,NO
datos_11077030,6.616666667,-76.75,1970-06-29,1970-06-29,1970-06-29,76.0,292.0,639.0,1214.0,1967.0,NO
datos_11077030,6.616666667,-76.75,1970-06-30,1970-06-30,1970-06-30,7.0,368.0,715.0,1290.0,2043.0,NO
datos_11077030,6.616666667,-76.75,1970-07-01,1970-07-01,1970-07-01,17.0,366.0,707.0,1277.0,2044.0,NO
datos_11077030,6.616666667,-76.75,1970-07-06,1970-07-06,1970-07-06,17.0,100.0,632.0,1158.0,2000.0,NO
datos_11077030,6.616666667,-76.75,1970-07-07,1970-07-07,1970-07-07,3.0,117.0,630.0,1175.0,1962.0,NO
datos_11077030,6.616666667,-76.75,1970-07-08,1970-07-08,1970-07-08,4.0,120.0,620.0,1178.0,1955.0,NO
datos_11077030,6.616666667,-76.75,1970-07-12,1970-07-12,1970-07-12,7.0,41.0,501.0,1069.0,1850.0,NO
datos_11077030,6.616666667,-76.75,1970-07-13,1970-07-13,1970-07-13,9.0,31.0,508.0,1034.0,1853.0,NO
datos_11077030,6.616666667,-76.75,1970-07-14,1970-07-14,1970-07-14,9.0,40.0,493.0,1035.0,1712.0,NO
datos_11077030,6.616666667,-76.75,1970-07-15,1970-07-15,1970-07-15,11.0,49.0,495.0,1044.0,1721.0,NO
datos_11077030,6.616666667,-76.75,1970-07-18,1970-07-18,1970-07-18,10.0,43.0,462.0,1005.0,1712.0,NO
datos_11077030,6.616666667,-76.75,1970-07-19,1970-07-19,1970-07-19,9.0,50.0,462.0,1015.0,1712.0,NO
datos_11077030,6.616666667,-76.75,1970-07-21,1970-07-21,1970-07-21,6.0,55.0,462.0,962.0,1711.0,NO
datos_11077030,6.616666667,-76.75,1970-07-24,1970-07-24,1970-07-24,65.0,54.0,323.0,956.0,1552.0,NO
datos_11077030,6.616666667,-76.75,1970-07-25,1970-07-25,1970-07-25,92.0,110.0,260.0,975.0,1616.0,NO
datos_11077030,6.616666667,-76.75,1970-07-28,1970-07-28,1970-07-28,10.0,182.0,342.0,981.0,1556.0,NO
datos_11077030,6.616666667,-76.75,1970-07-29,1970-07-29,1970-07-29,43.0,192.0,352.0,991.0,1566.0,NO
datos_11077030,6.616666667,-76.75,1970-07-30,1970-07-30,1970-07-30,5.0,225.0,395.0,1034.0,1609.0,NO
datos_11077030,6.616666667,-76.75,1970-07-31,1970-07-31,1970-07-31,70.0,221.0,324.0,1024.0,1594.0,NO
datos_11077030,6.616666667,-76.75,1970-08-02,1970-08-02,1970-08-02,19.0,285.0,370.0,1024.0,1627.0,NO
datos_11077030,6.616666667,-76.75,1970-08-04,1970-08-04,1970-08-04,11.0,304.0,389.0,1031.0,1596.0,NO
datos_11077030,6.616666667,-76.75,1970-08-08,1970-08-08,1970-08-08,10.0,158.0,380.0,996.0,1506.0,NO
datos_11077030,6.616666667,-76.75,1970-08-09,1970-08-09,1970-08-09,5.0,158.0,386.0,887.0,1509.0,NO
datos_11077030,6.616666667,-76.75,1970-08-10,1970-08-10,1970-08-10,4.0,120.0,391.0,892.0,1492.0,NO
datos_11077030,6.616666667,-76.75,1970-08-12,1970-08-12,1970-08-12,6.0,49.0,395.0,896.0,1422.0,NO
datos_11077030,6.616666667,-76.75,1970-08-13,1970-08-13,1970-08-13,17.0,55.0,394.0,878.0,1420.0,NO
datos_11077030,6.616666667,-76.75,1970-08-16,1970-08-16,1970-08-16,46.0,42.0,382.0,884.0,1387.0,NO
datos_11077030,6.616666667,-76.75,1970-08-18,1970-08-18,1970-08-18,3.0,88.0,428.0,880.0,1433.0,NO
datos_11077030,6.616666667,-76.75,1970-08-19,1970-08-19,1970-08-19,19.0,91.0,421.0,883.0,1436.0,NO
datos_11077030,6.616666667,-76.75,1970-08-20,1970-08-20,1970-08-20,5.0,100.0,431.0,893.0,1393.0,NO
datos_11077030,6.616666667,-76.75,1970-08-24,1970-08-24,1970-08-24,19.0,90.0,430.0,625.0,1340.0,NO
datos_11077030,6.616666667,-76.75,1970-08-25,1970-08-25,1970-08-25,12.0,92.0,384.0,634.0,1303.0,NO
datos_11077030,6.616666667,-76.75,1970-08-26,1970-08-26,1970-08-26,35.0,104.0,304.0,646.0,1293.0,NO
datos_11077030,6.616666667,-76.75,1970-08-28,1970-08-28,1970-08-28,36.0,93.0,339.0,681.0,1320.0,NO
datos_11077030,6.616666667,-76.75,1970-08-29,1970-08-29,1970-08-29,19.0,129.0,365.0,717.0,1356.0,NO
datos_11077030,6.616666667,-76.75,1970-08-30,1970-08-30,1970-08-30,7.0,145.0,341.0,660.0,1360.0,NO
datos_11077030,6.616666667,-76.75,1970-09-02,1970-09-02,1970-09-02,70.0,128.0,273.0,643.0,1297.0,NO
datos_11077030,6.616666667,-76.75,1970-09-04,1970-09-04,1970-09-04,27.0,198.0,324.0,713.0,1345.0,NO
datos_11077030,6.616666667,-76.75,1970-09-07,1970-09-07,1970-09-07,11.0,159.0,340.0,720.0,1336.0,NO
datos_11077030,6.616666667,-76.75,1970-09-08,1970-09-08,1970-09-08,11.0,170.0,351.0,727.0,1228.0,NO
datos_11077030,6.616666667,-76.75,1970-09-09,1970-09-09,1970-09-09,20.0,145.0,352.0,738.0,1239.0,NO
datos_11077030,6.616666667,-76.75,1970-09-11,1970-09-11,1970-09-11,10.0,139.0,363.0,758.0,1259.0,NO
datos_11077030,6.616666667,-76.75,1970-09-12,1970-09-12,1970-09-12,1.0,149.0,373.0,761.0,1245.0,NO
datos_11077030,6.616666667,-76.75,1970-09-13,1970-09-13,1970-09-13,4.0,150.0,368.0,753.0,1239.0,NO
datos_11077030,6.616666667,-76.75,1970-09-14,1970-09-14,1970-09-14,10.0,84.0,355.0,748.0,1243.0,NO
datos_11077030,6.616666667,-76.75,1970-09-15,1970-09-15,1970-09-15,15.0,94.0,365.0,747.0,1249.0,NO
datos_11077030,6.616666667,-76.75,1970-09-16,1970-09-16,1970-09-16,11.0,82.0,380.0,762.0,1224.0,NO
datos_11077030,6.616666667,-76.75,1970-09-17,1970-09-17,1970-09-17,7.0,93.0,345.0,773.0,1225.0,NO
datos_11077030,6.616666667,-76.75,1970-09-19,1970-09-19,1970-09-19,11.0,89.0,349.0,761.0,1223.0,NO
datos_11077030,6.616666667,-76.75,1970-09-20,1970-09-20,1970-09-20,73.0,89.0,341.0,772.0,1154.0,NO
datos_11077030,6.616666667,-76.75,1970-09-22,1970-09-22,1970-09-22,13.0,142.0,409.0,839.0,1162.0,NO
datos_11077030,6.616666667,-76.75,1970-09-23,1970-09-23,1970-09-23,3.0,145.0,422.0,852.0,1047.0,NO
datos_11077030,6.616666667,-76.75,1970-09-24,1970-09-24,1970-09-24,1.0,147.0,425.0,790.0,1040.0,NO
datos_11077030,6.616666667,-76.75,1970-09-25,1970-09-25,1970-09-25,41.0,144.0,407.0,699.0,1041.0,NO
datos_11077030,6.616666667,-76.75,1970-09-26,1970-09-26,1970-09-26,16.0,175.0,436.0,740.0,1082.0,NO
datos_11077030,6.616666667,-76.75,1970-09-27,1970-09-27,1970-09-27,16.0,176.0,417.0,756.0,1098.0,NO
datos_11077030,6.616666667,-76.75,1970-09-28,1970-09-28,1970-09-28,102.0,181.0,433.0,762.0,1114.0,NO
datos_11077030,6.616666667,-76.75,1970-09-29,1970-09-29,1970-09-29,3.0,276.0,499.0,821.0,1140.0,NO
datos_11077030,6.616666667,-76.75,1970-09-30,1970-09-30,1970-09-30,1.0,279.0,483.0,819.0,1136.0,NO
datos_11077030,6.616666667,-76.75,1970-10-01,1970-10-01,1970-10-01,5.0,269.0,477.0,750.0,1120.0,NO
datos_11077030,6.616666667,-76.75,1970-10-03,1970-10-03,1970-10-03,11.0,201.0,482.0,736.0,1125.0,NO
datos_11077030,6.616666667,-76.75,1970-10-04,1970-10-04,1970-10-04,15.0,199.0,423.0,747.0,1136.0,NO
datos_11077030,6.616666667,-76.75,1970-10-05,1970-10-05,1970-10-05,22.0,211.0,438.0,751.0,1151.0,NO
datos_11077030,6.616666667,-76.75,1970-10-06,1970-10-06,1970-10-06,40.0,232.0,433.0,773.0,1156.0,NO
datos_11077030,6.616666667,-76.75,1970-10-07,1970-10-07,1970-10-07,51.0,231.0,473.0,813.0,1193.0,NO
datos_11077030,6.616666667,-76.75,1970-10-08,1970-10-08,1970-10-08,58.0,266.0,524.0,864.0,1240.0,NO
datos_11077030,6.616666667,-76.75,1970-10-10,1970-10-10,1970-10-10,24.0,206.0,560.0,907.0,1298.0,NO
datos_11077030,6.616666667,-76.75,1970-10-12,1970-10-12,1970-10-12,20.0,226.0,564.0,927.0,1315.0,NO
datos_11077030,6.616666667,-76.75,1970-10-13,1970-10-13,1970-10-13,1.0,241.0,574.0,941.0,1326.0,NO
datos_11077030,6.616666667,-76.75,1970-10-14,1970-10-14,1970-10-14,48.0,242.0,574.0,925.0,1318.0,NO
datos_11077030,6.616666667,-76.75,1970-10-15,1970-10-15,1970-10-15,40.0,279.0,618.0,973.0,1355.0,NO
datos_11077030,6.616666667,-76.75,1970-10-17,1970-10-17,1970-10-17,29.0,282.0,633.0,967.0,1395.0,NO
datos_11077030,6.616666667,-76.75,1970-10-18,1970-10-18,1970-10-18,9.0,271.0,651.0,996.0,1414.0,NO
datos_11077030,6.616666667,-76.75,1970-10-19,1970-10-19,1970-10-19,38.0,229.0,653.0,1002.0,1414.0,NO
datos_11077030,6.616666667,-76.75,1970-10-20,1970-10-20,1970-10-20,1.0,209.0,691.0,1021.0,1452.0,NO
datos_11077030,6.616666667,-76.75,1970-10-24,1970-10-24,1970-10-24,60.0,166.0,595.0,1017.0,1382.0,NO
datos_11077030,6.616666667,-76.75,1970-10-27,1970-10-27,1970-10-27,11.0,137.0,610.0,1011.0,1350.0,NO
datos_11077030,6.616666667,-76.75,1970-10-28,1970-10-28,1970-10-28,31.0,148.0,605.0,1022.0,1351.0,NO
datos_11077030,6.616666667,-76.75,1970-11-01,1970-11-01,1970-11-01,30.0,102.0,514.0,991.0,1264.0,NO
datos_11077030,6.616666667,-76.75,1970-11-02,1970-11-02,1970-11-02,9.0,132.0,539.0,1021.0,1275.0,NO
datos_11077030,6.616666667,-76.75,1970-11-03,1970-11-03,1970-11-03,31.0,141.0,548.0,960.0,1284.0,NO
datos_11077030,6.616666667,-76.75,1970-11-06,1970-11-06,1970-11-06,11.0,112.0,531.0,964.0,1304.0,NO
datos_11077030,6.616666667,-76.75,1970-11-07,1970-11-07,1970-11-07,22.0,123.0,502.0,975.0,1315.0,NO
datos_11077030,6.616666667,-76.75,1970-11-08,1970-11-08,1970-11-08,16.0,134.0,473.0,986.0,1327.0,NO
datos_11077030,6.616666667,-76.75,1970-11-13,1970-11-13,1970-11-13,29.0,89.0,387.0,960.0,1311.0,NO
datos_11077030,6.616666667,-76.75,1970-11-14,1970-11-14,1970-11-14,11.0,109.0,415.0,985.0,1340.0,NO
datos_11077030,6.616666667,-76.75,1970-11-15,1970-11-15,1970-11-15,11.0,89.0,378.0,986.0,1351.0,NO
datos_11077030,6.616666667,-76.75,1970-11-16,1970-11-16,1970-11-16,45.0,100.0,349.0,982.0,1316.0,NO
datos_11077030,6.616666667,-76.75,1970-11-20,1970-11-20,1970-11-20,48.0,96.0,318.0,998.0,1334.0,NO
datos_11077030,6.616666667,-76.75,1970-11-23,1970-11-23,1970-11-23,18.0,144.0,365.0,960.0,1382.0,NO
datos_11077030,6.616666667,-76.75,1970-11-24,1970-11-24,1970-11-24,11.0,162.0,383.0,975.0,1381.0,NO
datos_11077030,6.616666667,-76.75,1970-11-25,1970-11-25,1970-11-25,72.0,144.0,334.0,985.0,1380.0,NO
datos_11077030,6.616666667,-76.75,1970-11-26,1970-11-26,1970-11-26,12.0,205.0,406.0,1016.0,1417.0,NO
datos_11077030,6.616666667,-76.75,1970-11-27,1970-11-27,1970-11-27,89.0,206.0,418.0,1012.0,1429.0,NO
datos_11077030,6.616666667,-76.75,1970-11-28,1970-11-28,1970-11-28,4.0,250.0,496.0,1085.0,1482.0,NO
datos_11077030,6.616666667,-76.75,1970-12-01,1970-12-01,1970-12-01,20.0,254.0,469.0,983.0,1460.0,NO
datos_11077030,6.616666667,-76.75,1970-12-02,1970-12-02,1970-12-02,46.0,226.0,489.0,998.0,1480.0,NO
datos_11077030,6.616666667,-76.75,1970-12-03,1970-12-03,1970-12-03,5.0,272.0,505.0,1044.0,1456.0,NO
datos_11077030,6.616666667,-76.75,1970-12-05,1970-12-05,1970-12-05,5.0,259.0,470.0,1023.0,1434.0,NO
datos_11077030,6.616666667,-76.75,1970-12-06,1970-12-06,1970-12-06,20.0,253.0,475.0,1006.0,1439.0,NO
datos_11077030,6.616666667,-76.75,1970-12-07,1970-12-07,1970-12-07,4.0,201.0,495.0,986.0,1459.0,NO
datos_11077030,6.616666667,-76.75,1970-12-08,1970-12-08,1970-12-08,13.0,193.0,488.0,939.0,1452.0,NO
datos_11077030,6.616666667,-76.75,1970-12-09,1970-12-09,1970-12-09,24.0,117.0,479.0,894.0,1454.0,NO
datos_11077030,6.616666667,-76.75,1970-12-11,1970-12-11,1970-12-11,5.0,137.0,487.0,894.0,1458.0,NO
datos_11077030,6.616666667,-76.75,1970-12-12,1970-12-12,1970-12-12,16.0,142.0,492.0,899.0,1453.0,NO
datos_11077030,6.616666667,-76.75,1970-12-13,1970-12-13,1970-12-13,25.0,138.0,508.0,895.0,1468.0,NO
datos_11077030,6.616666667,-76.75,1970-12-15,1970-12-15,1970-12-15,12.0,112.0,504.0,871.0,1479.0,NO
datos_11077030,6.616666667,-76.75,1970-12-16,1970-12-16,1970-12-16,20.0,124.0,505.0,843.0,1476.0,NO
datos_11077030,6.616666667,-76.75,1970-12-17,1970-12-17,1970-12-17,3.0,139.0,514.0,863.0,1485.0,NO
datos_11077030,6.616666667,-76.75,1970-12-20,1970-12-20,1970-12-20,29.0,105.0,472.0,790.0,1470.0,NO
datos_11077030,6.616666667,-76.75,1970-12-21,1970-12-21,1970-12-21,25.0,110.0,501.0,818.0,1426.0,NO
datos_11077030,6.616666667,-76.75,1970-12-22,1970-12-22,1970-12-22,75.0,135.0,478.0,843.0,1451.0,NO
datos_11077030,6.616666667,-76.75,1970-12-23,1970-12-23,1970-12-23,29.0,205.0,553.0,918.0,1513.0,NO
datos_11077030,6.616666667,-76.75,1970-12-24,1970-12-24,1970-12-24,30.0,218.0,582.0,947.0,1539.0,NO
datos_11077030,6.616666667,-76.75,1970-12-26,1970-12-26,1970-12-26,10.0,223.0,583.0,917.0,1527.0,NO
datos_11077030,6.616666667,-76.75,1970-12-27,1970-12-27,1970-12-27,15.0,221.0,521.0,927.0,1521.0,NO
datos_11077030,6.616666667,-76.75,1970-12-28,1970-12-28,1970-12-28,25.0,216.0,524.0,931.0,1520.0,NO
datos_11077030,6.616666667,-76.75,1970-12-29,1970-12-29,1970-12-29,126.0,238.0,460.0,925.0,1443.0,NO
datos_11077030,6.616666667,-76.75,1971-01-02,1971-01-02,1971-01-02,22.0,310.0,562.0,1021.0,1560.0,NO
datos_11077030,6.616666667,-76.75,1971-01-03,1971-01-03,1971-01-03,25.0,257.0,538.0,1034.0,1571.0,NO
datos_11077030,6.616666667,-76.75,1971-01-05,1971-01-05,1971-01-05,25.0,223.0,558.0,1028.0,1559.0,NO
datos_11077030,6.616666667,-76.75,1971-01-06,1971-01-06,1971-01-06,35.0,248.0,578.0,1053.0,1544.0,NO
datos_11077030,6.616666667,-76.75,1971-01-07,1971-01-07,1971-01-07,11.0,273.0,593.0,1077.0,1528.0,NO
datos_11077030,6.616666667,-76.75,1971-01-08,1971-01-08,1971-01-08,3.0,269.0,600.0,1066.0,1481.0,NO
datos_11077030,6.616666667,-76.75,1971-01-09,1971-01-09,1971-01-09,10.0,247.0,590.0,1053.0,1484.0,NO
datos_11077030,6.616666667,-76.75,1971-01-10,1971-01-10,1971-01-10,10.0,131.0,576.0,1063.0,1470.0,NO
datos_11077030,6.616666667,-76.75,1971-01-12,1971-01-12,1971-01-12,89.0,141.0,581.0,1073.0,1460.0,NO
datos_11077030,6.616666667,-76.75,1971-01-13,1971-01-13,1971-01-13,4.0,230.0,654.0,1162.0,1548.0,NO
datos_11077030,6.616666667,-76.75,1971-01-15,1971-01-15,1971-01-15,27.0,187.0,633.0,1126.0,1464.0,NO
datos_11077030,6.616666667,-76.75,1971-01-16,1971-01-16,1971-01-16,4.0,214.0,648.0,1142.0,1491.0,NO
datos_11077030,6.616666667,-76.75,1971-01-19,1971-01-19,1971-01-19,10.0,147.0,629.0,1101.0,1419.0,NO
datos_11077030,6.616666667,-76.75,1971-01-21,1971-01-21,1971-01-21,55.0,144.0,610.0,1063.0,1428.0,NO
datos_11077030,6.616666667,-76.75,1971-01-22,1971-01-22,1971-01-22,45.0,189.0,640.0,1118.0,1483.0,NO
datos_11077030,6.616666667,-76.75,1971-01-23,1971-01-23,1971-01-23,65.0,234.0,610.0,1163.0,1528.0,NO
datos_11077030,6.616666667,-76.75,1971-01-24,1971-01-24,1971-01-24,11.0,210.0,646.0,1210.0,1533.0,NO
datos_11077030,6.616666667,-76.75,1971-01-27,1971-01-27,1971-01-27,2.0,190.0,617.0,1126.0,1533.0,NO
datos_11077030,6.616666667,-76.75,1971-01-28,1971-01-28,1971-01-28,20.0,188.0,604.0,1039.0,1504.0,NO
datos_11077030,6.616666667,-76.75,1971-01-29,1971-01-29,1971-01-29,75.0,208.0,599.0,1055.0,1524.0,NO
datos_11077030,6.616666667,-76.75,1971-01-30,1971-01-30,1971-01-30,55.0,283.0,548.0,1130.0,1599.0,NO
datos_11077030,6.616666667,-76.75,1971-01-31,1971-01-31,1971-01-31,15.0,328.0,603.0,1185.0,1654.0,NO
datos_11077030,6.616666667,-76.75,1971-02-01,1971-02-01,1971-02-01,7.0,343.0,618.0,1180.0,1639.0,NO
datos_11077030,6.616666667,-76.75,1971-02-03,1971-02-03,1971-02-03,15.0,250.0,603.0,1136.0,1606.0,NO
datos_11077030,6.616666667,-76.75,1971-02-04,1971-02-04,1971-02-04,13.0,200.0,593.0,1151.0,1621.0,NO
datos_11077030,6.616666667,-76.75,1971-02-06,1971-02-06,1971-02-06,83.0,202.0,581.0,1139.0,1623.0,NO
datos_11077030,6.616666667,-76.75,1971-02-07,1971-02-07,1971-02-07,5.0,285.0,629.0,1218.0,1684.0,NO
datos_11077030,6.616666667,-76.75,1971-02-08,1971-02-08,1971-02-08,35.0,288.0,623.0,1210.0,1673.0,NO
datos_11077030,6.616666667,-76.75,1971-02-09,1971-02-09,1971-02-09,45.0,303.0,655.0,1221.0,1708.0,NO
datos_11077030,6.616666667,-76.75,1971-02-11,1971-02-11,1971-02-11,39.0,218.0,680.0,1261.0,1753.0,NO
datos_11077030,6.616666667,-76.75,1971-02-12,1971-02-12,1971-02-12,10.0,242.0,719.0,1284.0,1792.0,NO
datos_11077030,6.616666667,-76.75,1971-02-13,1971-02-13,1971-02-13,30.0,245.0,640.0,1269.0,1773.0,NO
datos_11077030,6.616666667,-76.75,1971-02-14,1971-02-14,1971-02-14,10.0,275.0,666.0,1299.0,1792.0,NO
datos_11077030,6.616666667,-76.75,1971-02-15,1971-02-15,1971-02-15,65.0,270.0,676.0,1297.0,1791.0,NO
datos_11077030,6.616666667,-76.75,1971-02-16,1971-02-16,1971-02-16,141.0,322.0,714.0,1342.0,1811.0,NO
datos_11077030,6.616666667,-76.75,1971-02-17,1971-02-17,1971-02-17,30.0,463.0,851.0,1480.0,1952.0,NO
datos_11077030,6.616666667,-76.75,1971-02-18,1971-02-18,1971-02-18,5.0,410.0,881.0,1510.0,1982.0,NO
datos_11077030,6.616666667,-76.75,1971-02-20,1971-02-20,1971-02-20,10.0,375.0,876.0,1486.0,1939.0,NO
datos_11077030,6.616666667,-76.75,1971-02-22,1971-02-22,1971-02-22,12.0,340.0,831.0,1396.0,1949.0,NO
datos_11077030,6.616666667,-76.75,1971-02-23,1971-02-23,1971-02-23,6.0,313.0,798.0,1379.0,1943.0,NO
datos_11077030,6.616666667,-76.75,1971-02-24,1971-02-24,1971-02-24,5.0,309.0,739.0,1355.0,1938.0,NO
datos_11077030,6.616666667,-76.75,1971-02-25,1971-02-25,1971-02-25,11.0,284.0,733.0,1360.0,1871.0,NO
datos_11077030,6.616666667,-76.75,1971-02-26,1971-02-26,1971-02-26,2.0,285.0,744.0,1361.0,1870.0,NO
datos_11077030,6.616666667,-76.75,1971-02-27,1971-02-27,1971-02-27,18.0,222.0,746.0,1348.0,1783.0,NO
datos_11077030,6.616666667,-76.75,1971-03-01,1971-03-01,1971-03-01,13.0,69.0,742.0,1215.0,1797.0,NO
datos_11077030,6.616666667,-76.75,1971-03-02,1971-03-02,1971-03-02,16.0,77.0,680.0,1228.0,1810.0,NO
datos_11077030,6.616666667,-76.75,1971-03-03,1971-03-03,1971-03-03,92.0,93.0,641.0,1244.0,1806.0,NO
datos_11077030,6.616666667,-76.75,1971-03-10,1971-03-10,1971-03-10,16.0,139.0,600.0,1218.0,1805.0,NO
datos_11077030,6.616666667,-76.75,1971-03-11,1971-03-11,1971-03-11,29.0,137.0,611.0,1231.0,1797.0,NO
datos_11077030,6.616666667,-76.75,1971-03-12,1971-03-12,1971-03-12,16.0,166.0,605.0,1250.0,1826.0,NO
datos_11077030,6.616666667,-76.75,1971-03-13,1971-03-13,1971-03-13,15.0,169.0,576.0,1256.0,1837.0,NO
datos_11077030,6.616666667,-76.75,1971-03-15,1971-03-15,1971-03-15,45.0,76.0,552.0,1182.0,1811.0,NO
datos_11077030,6.616666667,-76.75,1971-03-16,1971-03-16,1971-03-16,3.0,121.0,587.0,1223.0,1856.0,NO
datos_11077030,6.616666667,-76.75,1971-03-17,1971-03-17,1971-03-17,25.0,124.0,560.0,1226.0,1847.0,NO
datos_11077030,6.616666667,-76.75,1971-03-18,1971-03-18,1971-03-18,35.0,149.0,575.0,1224.0,1852.0,NO
datos_11077030,6.616666667,-76.75,1971-03-19,1971-03-19,1971-03-19,50.0,184.0,545.0,1255.0,1884.0,NO
datos_11077030,6.616666667,-76.75,1971-03-20,1971-03-20,1971-03-20,50.0,234.0,454.0,1305.0,1934.0,NO
datos_11077030,6.616666667,-76.75,1971-03-21,1971-03-21,1971-03-21,7.0,284.0,474.0,1355.0,1984.0,NO
datos_11077030,6.616666667,-76.75,1971-03-22,1971-03-22,1971-03-22,6.0,275.0,476.0,1352.0,1962.0,NO
datos_11077030,6.616666667,-76.75,1971-03-24,1971-03-24,1971-03-24,34.0,236.0,472.0,1303.0,1868.0,NO
datos_11077030,6.616666667,-76.75,1971-03-25,1971-03-25,1971-03-25,83.0,255.0,506.0,1292.0,1873.0,NO
datos_11077030,6.616666667,-76.75,1971-03-26,1971-03-26,1971-03-26,10.0,338.0,577.0,1310.0,1926.0,NO
datos_11077030,6.616666667,-76.75,1971-03-27,1971-03-27,1971-03-27,83.0,303.0,581.0,1309.0,1936.0,NO
datos_11077030,6.616666667,-76.75,1971-03-30,1971-03-30,1971-03-30,5.0,323.0,646.0,1390.0,1969.0,NO
datos_11077030,6.616666667,-76.75,1971-03-31,1971-03-31,1971-03-31,15.0,278.0,633.0,1375.0,1848.0,NO
datos_11077030,6.616666667,-76.75,1971-04-02,1971-04-02,1971-04-02,24.0,236.0,635.0,1260.0,1863.0,NO
datos_11077030,6.616666667,-76.75,1971-04-06,1971-04-06,1971-04-06,7.0,137.0,551.0,1247.0,1840.0,NO
datos_11077030,6.616666667,-76.75,1971-04-07,1971-04-07,1971-04-07,35.0,134.0,558.0,1241.0,1822.0,NO
datos_11077030,6.616666667,-76.75,1971-04-09,1971-04-09,1971-04-09,4.0,86.0,593.0,1193.0,1811.0,NO
datos_11077030,6.616666667,-76.75,1971-04-13,1971-04-13,1971-04-13,5.0,70.0,536.0,1112.0,1792.0,NO
datos_11077030,6.616666667,-76.75,1971-04-14,1971-04-14,1971-04-14,33.0,51.0,526.0,1078.0,1708.0,NO
datos_11077030,6.616666667,-76.75,1971-04-15,1971-04-15,1971-04-15,13.0,84.0,559.0,1101.0,1737.0,NO
datos_11077030,6.616666667,-76.75,1971-04-17,1971-04-17,1971-04-17,6.0,97.0,524.0,1074.0,1723.0,NO
datos_11077030,6.616666667,-76.75,1971-04-19,1971-04-19,1971-04-19,55.0,61.0,470.0,874.0,1725.0,NO
datos_11077030,6.616666667,-76.75,1971-04-22,1971-04-22,1971-04-22,64.0,112.0,418.0,894.0,1770.0,NO
datos_11077030,6.616666667,-76.75,1971-04-23,1971-04-23,1971-04-23,36.0,176.0,476.0,948.0,1779.0,NO
datos_11077030,6.616666667,-76.75,1971-04-27,1971-04-27,1971-04-27,40.0,161.0,385.0,961.0,1694.0,NO
datos_11077030,6.616666667,-76.75,1971-04-28,1971-04-28,1971-04-28,3.0,201.0,342.0,990.0,1734.0,NO
datos_11077030,6.616666667,-76.75,1971-04-29,1971-04-29,1971-04-29,4.0,198.0,345.0,991.0,1735.0,NO
datos_11077030,6.616666667,-76.75,1971-04-30,1971-04-30,1971-04-30,10.0,202.0,349.0,977.0,1719.0,NO
datos_11077030,6.616666667,-76.75,1971-05-01,1971-05-01,1971-05-01,20.0,157.0,354.0,987.0,1654.0,NO
datos_11077030,6.616666667,-76.75,1971-05-03,1971-05-03,1971-05-03,65.0,177.0,359.0,978.0,1604.0,NO
datos_11077030,6.616666667,-76.75,1971-05-04,1971-05-04,1971-05-04,14.0,178.0,400.0,951.0,1662.0,NO
datos_11077030,6.616666667,-76.75,1971-05-07,1971-05-07,1971-05-07,35.0,156.0,414.0,965.0,1648.0,NO
datos_11077030,6.616666667,-76.75,1971-05-08,1971-05-08,1971-05-08,5.0,191.0,442.0,1000.0,1683.0,NO
datos_11077030,6.616666667,-76.75,1971-05-09,1971-05-09,1971-05-09,10.0,156.0,412.0,1005.0,1605.0,NO
datos_11077030,6.616666667,-76.75,1971-05-10,1971-05-10,1971-05-10,21.0,163.0,422.0,1015.0,1610.0,NO
datos_11077030,6.616666667,-76.75,1971-05-12,1971-05-12,1971-05-12,55.0,170.0,439.0,991.0,1551.0,NO
datos_11077030,6.616666667,-76.75,1971-05-15,1971-05-15,1971-05-15,10.0,140.0,489.0,1015.0,1557.0,NO
datos_11077030,6.616666667,-76.75,1971-05-16,1971-05-16,1971-05-16,10.0,136.0,466.0,980.0,1537.0,NO
datos_11077030,6.616666667,-76.75,1971-05-18,1971-05-18,1971-05-18,40.0,146.0,463.0,962.0,1472.0,NO
datos_11077030,6.616666667,-76.75,1971-05-20,1971-05-20,1971-05-20,83.0,146.0,497.0,917.0,1341.0,NO
datos_11077030,6.616666667,-76.75,1971-05-22,1971-05-22,1971-05-22,96.0,198.0,525.0,943.0,1419.0,NO
datos_11077030,6.616666667,-76.75,1971-05-23,1971-05-23,1971-05-23,19.0,294.0,621.0,1033.0,1505.0,NO
datos_11077030,6.616666667,-76.75,1971-05-24,1971-05-24,1971-05-24,5.0,258.0,576.0,1052.0,1524.0,NO
datos_11077030,6.616666667,-76.75,1971-05-26,1971-05-26,1971-05-26,15.0,263.0,545.0,940.0,1511.0,NO
datos_11077030,6.616666667,-76.75,1971-05-27,1971-05-27,1971-05-27,180.0,268.0,560.0,945.0,1521.0,NO
datos_11077030,6.616666667,-76.75,1971-05-29,1971-05-29,1971-05-29,9.0,438.0,700.0,1042.0,1688.0,NO
datos_11077030,6.616666667,-76.75,1971-05-30,1971-05-30,1971-05-30,14.0,407.0,706.0,1051.0,1679.0,NO
datos_11077030,6.616666667,-76.75,1971-05-31,1971-05-31,1971-05-31,4.0,421.0,716.0,1060.0,1693.0,NO
datos_11077030,6.616666667,-76.75,1971-06-01,1971-06-01,1971-06-01,64.0,342.0,710.0,1049.0,1684.0,NO
datos_11077030,6.616666667,-76.75,1971-06-04,1971-06-04,1971-06-04,106.0,291.0,689.0,1089.0,1640.0,NO
datos_11077030,6.616666667,-76.75,1971-06-05,1971-06-05,1971-06-05,9.0,392.0,781.0,1195.0,1746.0,NO
datos_11077030,6.616666667,-76.75,1971-06-06,1971-06-06,1971-06-06,4.0,401.0,790.0,1204.0,1755.0,NO
datos_11077030,6.616666667,-76.75,1971-06-07,1971-06-07,1971-06-07,14.0,390.0,794.0,1201.0,1759.0,NO
datos_11077030,6.616666667,-76.75,1971-06-08,1971-06-08,1971-06-08,4.0,224.0,773.0,1180.0,1773.0,NO
datos_11077030,6.616666667,-76.75,1971-06-09,1971-06-09,1971-06-09,45.0,228.0,772.0,1184.0,1777.0,NO
datos_11077030,6.616666667,-76.75,1971-06-11,1971-06-11,1971-06-11,84.0,250.0,786.0,1225.0,1777.0,NO
datos_11077030,6.616666667,-76.75,1971-06-12,1971-06-12,1971-06-12,40.0,330.0,870.0,1309.0,1845.0,NO
datos_11077030,6.616666667,-76.75,1971-06-14,1971-06-14,1971-06-14,10.0,306.0,855.0,1344.0,1870.0,NO
datos_11077030,6.616666667,-76.75,1971-06-15,1971-06-15,1971-06-15,50.0,316.0,865.0,1321.0,1835.0,NO
datos_11077030,6.616666667,-76.75,1971-06-16,1971-06-16,1971-06-16,89.0,260.0,905.0,1358.0,1882.0,NO
datos_11077030,6.616666667,-76.75,1971-06-17,1971-06-17,1971-06-17,59.0,340.0,984.0,1447.0,1946.0,NO
datos_11077030,6.616666667,-76.75,1971-06-18,1971-06-18,1971-06-18,4.0,395.0,1043.0,1500.0,1970.0,NO
datos_11077030,6.616666667,-76.75,1971-06-19,1971-06-19,1971-06-19,10.0,385.0,1007.0,1504.0,1924.0,NO
datos_11077030,6.616666667,-76.75,1971-06-21,1971-06-21,1971-06-21,15.0,346.0,934.0,1459.0,1877.0,NO
datos_11077030,6.616666667,-76.75,1971-06-23,1971-06-23,1971-06-23,16.0,277.0,853.0,1410.0,1886.0,NO
datos_11077030,6.616666667,-76.75,1971-06-26,1971-06-26,1971-06-26,35.0,243.0,845.0,1390.0,1775.0,NO
datos_11077030,6.616666667,-76.75,1971-06-27,1971-06-27,1971-06-27,15.0,228.0,865.0,1425.0,1727.0,NO
datos_11077030,6.616666667,-76.75,1971-06-28,1971-06-28,1971-06-28,29.0,154.0,700.0,1400.0,1742.0,NO
datos_11077030,6.616666667,-76.75,1971-06-29,1971-06-29,1971-06-29,12.0,124.0,729.0,1426.0,1771.0,NO
datos_11077030,6.616666667,-76.75,1971-07-01,1971-07-01,1971-07-01,22.0,122.0,718.0,1424.0,1763.0,NO
datos_11077030,6.616666667,-76.75,1971-07-02,1971-07-02,1971-07-02,27.0,144.0,736.0,1426.0,1785.0,NO
datos_11077030,6.616666667,-76.75,1971-07-03,1971-07-03,1971-07-03,1.0,156.0,699.0,1453.0,1788.0,NO
datos_11077030,6.616666667,-76.75,1971-07-04,1971-07-04,1971-07-04,2.0,157.0,700.0,1389.0,1789.0,NO
datos_11077030,6.616666667,-76.75,1971-07-06,1971-07-06,1971-07-06,10.0,143.0,596.0,1377.0,1791.0,NO
datos_11077030,6.616666667,-76.75,1971-07-07,1971-07-07,1971-07-07,18.0,153.0,597.0,1387.0,1794.0,NO
datos_11077030,6.616666667,-76.75,1971-07-08,1971-07-08,1971-07-08,13.0,136.0,611.0,1370.0,1777.0,NO
datos_11077030,6.616666667,-76.75,1971-07-10,1971-07-10,1971-07-10,13.0,105.0,606.0,1368.0,1786.0,NO
datos_11077030,6.616666667,-76.75,1971-07-11,1971-07-11,1971-07-11,43.0,106.0,574.0,1360.0,1799.0,NO
datos_11077030,6.616666667,-76.75,1971-07-12,1971-07-12,1971-07-12,59.0,149.0,617.0,1403.0,1842.0,NO
datos_11077030,6.616666667,-76.75,1971-07-15,1971-07-15,1971-07-15,10.0,158.0,552.0,1407.0,1863.0,NO
datos_11077030,6.616666667,-76.75,1971-07-16,1971-07-16,1971-07-16,2.0,166.0,552.0,1407.0,1860.0,NO
datos_11077030,6.616666667,-76.75,1971-07-17,1971-07-17,1971-07-17,10.0,168.0,504.0,1399.0,1862.0,NO
datos_11077030,6.616666667,-76.75,1971-07-19,1971-07-19,1971-07-19,10.0,150.0,366.0,1369.0,1866.0,NO
datos_11077030,6.616666667,-76.75,1971-07-21,1971-07-21,1971-07-21,35.0,147.0,362.0,1296.0,1821.0,NO
datos_11077030,6.616666667,-76.75,1971-07-25,1971-07-25,1971-07-25,55.0,67.0,366.0,1211.0,1756.0,NO
datos_11077030,6.616666667,-76.75,1971-07-27,1971-07-27,1971-07-27,54.0,112.0,421.0,1251.0,1811.0,NO
datos_11077030,6.616666667,-76.75,1971-07-30,1971-07-30,1971-07-30,5.0,154.0,396.0,1116.0,1818.0,NO
datos_11077030,6.616666667,-76.75,1971-07-31,1971-07-31,1971-07-31,4.0,149.0,389.0,1107.0,1813.0,NO
datos_11077030,6.616666667,-76.75,1971-08-01,1971-08-01,1971-08-01,19.0,153.0,393.0,1107.0,1797.0,NO
datos_11077030,6.616666667,-76.75,1971-08-02,1971-08-02,1971-08-02,54.0,137.0,390.0,1062.0,1816.0,NO
datos_11077030,6.616666667,-76.75,1971-08-03,1971-08-03,1971-08-03,33.0,191.0,417.0,1116.0,1805.0,NO
datos_11077030,6.616666667,-76.75,1971-08-04,1971-08-04,1971-08-04,3.0,224.0,449.0,1149.0,1824.0,NO
datos_11077030,6.616666667,-76.75,1971-08-06,1971-08-06,1971-08-06,33.0,172.0,450.0,1037.0,1827.0,NO
datos_11077030,6.616666667,-76.75,1971-08-07,1971-08-07,1971-08-07,33.0,205.0,473.0,1066.0,1825.0,NO
datos_11077030,6.616666667,-76.75,1971-08-12,1971-08-12,1971-08-12,10.0,175.0,419.0,952.0,1767.0,NO
datos_11077030,6.616666667,-76.75,1971-08-13,1971-08-13,1971-08-13,10.0,166.0,370.0,922.0,1777.0,NO
datos_11077030,6.616666667,-76.75,1971-08-14,1971-08-14,1971-08-14,24.0,122.0,380.0,932.0,1787.0,NO
datos_11077030,6.616666667,-76.75,1971-08-15,1971-08-15,1971-08-15,2.0,113.0,404.0,946.0,1801.0,NO
datos_11077030,6.616666667,-76.75,1971-08-16,1971-08-16,1971-08-16,17.0,112.0,396.0,898.0,1793.0,NO
datos_11077030,6.616666667,-76.75,1971-08-17,1971-08-17,1971-08-17,1.0,129.0,411.0,826.0,1810.0,NO
datos_11077030,6.616666667,-76.75,1971-08-18,1971-08-18,1971-08-18,11.0,97.0,402.0,768.0,1771.0,NO
datos_11077030,6.616666667,-76.75,1971-08-19,1971-08-19,1971-08-19,19.0,75.0,413.0,775.0,1782.0,NO
datos_11077030,6.616666667,-76.75,1971-08-20,1971-08-20,1971-08-20,38.0,94.0,422.0,784.0,1718.0,NO
datos_11077030,6.616666667,-76.75,1971-08-21,1971-08-21,1971-08-21,4.0,132.0,460.0,822.0,1756.0,NO
datos_11077030,6.616666667,-76.75,1971-08-23,1971-08-23,1971-08-23,5.0,136.0,429.0,811.0,1645.0,NO
datos_11077030,6.616666667,-76.75,1971-08-24,1971-08-24,1971-08-24,2.0,131.0,434.0,800.0,1645.0,NO
datos_11077030,6.616666667,-76.75,1971-08-25,1971-08-25,1971-08-25,10.0,123.0,436.0,802.0,1647.0,NO
datos_11077030,6.616666667,-76.75,1971-08-30,1971-08-30,1971-08-30,25.0,78.0,337.0,721.0,1439.0,NO
datos_11077030,6.616666667,-76.75,1971-08-31,1971-08-31,1971-08-31,34.0,84.0,357.0,746.0,1460.0,NO
datos_11077030,6.616666667,-76.75,1971-09-01,1971-09-01,1971-09-01,2.0,80.0,387.0,758.0,1430.0,NO
datos_11077030,6.616666667,-76.75,1971-09-02,1971-09-02,1971-09-02,5.0,78.0,370.0,733.0,1432.0,NO
datos_11077030,6.616666667,-76.75,1971-09-05,1971-09-05,1971-09-05,80.0,76.0,285.0,735.0,1322.0,NO
datos_11077030,6.616666667,-76.75,1971-09-06,1971-09-06,1971-09-06,10.0,146.0,365.0,805.0,1398.0,NO
datos_11077030,6.616666667,-76.75,1971-09-07,1971-09-07,1971-09-07,20.0,156.0,342.0,797.0,1394.0,NO
datos_11077030,6.616666667,-76.75,1971-09-08,1971-09-08,1971-09-08,3.0,176.0,329.0,804.0,1410.0,NO
datos_11077030,6.616666667,-76.75,1971-09-10,1971-09-10,1971-09-10,10.0,179.0,332.0,794.0,1368.0,NO
datos_11077030,6.616666667,-76.75,1971-09-11,1971-09-11,1971-09-11,9.0,164.0,342.0,761.0,1294.0,NO
datos_11077030,6.616666667,-76.75,1971-09-12,1971-09-12,1971-09-12,14.0,139.0,351.0,711.0,1263.0,NO
datos_11077030,6.616666667,-76.75,1971-09-13,1971-09-13,1971-09-13,5.0,151.0,355.0,725.0,1277.0,NO
datos_11077030,6.616666667,-76.75,1971-09-15,1971-09-15,1971-09-15,4.0,151.0,326.0,720.0,1222.0,NO
datos_11077030,6.616666667,-76.75,1971-09-16,1971-09-16,1971-09-16,78.0,155.0,328.0,722.0,1137.0,NO
datos_11077030,6.616666667,-76.75,1971-09-18,1971-09-18,1971-09-18,10.0,143.0,388.0,790.0,1152.0,NO
datos_11077030,6.616666667,-76.75,1971-09-20,1971-09-20,1971-09-20,20.0,130.0,368.0,790.0,1152.0,NO
datos_11077030,6.616666667,-76.75,1971-09-23,1971-09-23,1971-09-23,13.0,131.0,346.0,775.0,1141.0,NO
datos_11077030,6.616666667,-76.75,1971-09-24,1971-09-24,1971-09-24,4.0,130.0,354.0,788.0,1154.0,NO
datos_11077030,6.616666667,-76.75,1971-09-25,1971-09-25,1971-09-25,45.0,129.0,356.0,737.0,1158.0,NO
datos_11077030,6.616666667,-76.75,1971-09-26,1971-09-26,1971-09-26,25.0,174.0,391.0,782.0,1168.0,NO
datos_11077030,6.616666667,-76.75,1971-09-28,1971-09-28,1971-09-28,18.0,117.0,416.0,753.0,1149.0,NO
datos_11077030,6.616666667,-76.75,1971-09-29,1971-09-29,1971-09-29,70.0,135.0,434.0,771.0,1155.0,NO
datos_11077030,6.616666667,-76.75,1971-09-30,1971-09-30,1971-09-30,7.0,195.0,504.0,836.0,1225.0,NO
datos_11077030,6.616666667,-76.75,1971-10-03,1971-10-03,1971-10-03,4.0,182.0,450.0,766.0,1182.0,NO
datos_11077030,6.616666667,-76.75,1971-10-04,1971-10-04,1971-10-04,5.0,186.0,449.0,737.0,1184.0,NO
datos_11077030,6.616666667,-76.75,1971-10-05,1971-10-05,1971-10-05,21.0,178.0,454.0,739.0,1189.0,NO
datos_11077030,6.616666667,-76.75,1971-10-06,1971-10-06,1971-10-06,39.0,195.0,475.0,760.0,1200.0,NO
datos_11077030,6.616666667,-76.75,1971-10-07,1971-10-07,1971-10-07,45.0,189.0,434.0,766.0,1221.0,NO
datos_11077030,6.616666667,-76.75,1971-10-09,1971-10-09,1971-10-09,25.0,209.0,449.0,778.0,1253.0,NO
datos_11077030,6.616666667,-76.75,1971-10-10,1971-10-10,1971-10-10,50.0,216.0,471.0,803.0,1265.0,NO
datos_11077030,6.616666667,-76.75,1971-10-11,1971-10-11,1971-10-11,4.0,196.0,521.0,853.0,1272.0,NO
datos_11077030,6.616666667,-76.75,1971-10-12,1971-10-12,1971-10-12,49.0,193.0,515.0,857.0,1217.0,NO
datos_11077030,6.616666667,-76.75,1971-10-13,1971-10-13,1971-10-13,39.0,242.0,555.0,896.0,1266.0,NO
datos_11077030,6.616666667,-76.75,1971-10-14,1971-10-14,1971-10-14,6.0,281.0,580.0,925.0,1305.0,NO
datos_11077030,6.616666667,-76.75,1971-10-15,1971-10-15,1971-10-15,39.0,283.0,581.0,907.0,1301.0,NO
datos_11077030,6.616666667,-76.75,1971-10-16,1971-10-16,1971-10-16,19.0,317.0,620.0,944.0,1338.0,NO
datos_11077030,6.616666667,-76.75,1971-10-20,1971-10-20,1971-10-20,4.0,231.0,547.0,915.0,1337.0,NO
datos_11077030,6.616666667,-76.75,1971-10-21,1971-10-21,1971-10-21,59.0,210.0,551.0,881.0,1306.0,NO
datos_11077030,6.616666667,-76.75,1971-10-24,1971-10-24,1971-10-24,102.0,166.0,590.0,931.0,1365.0,NO
datos_11077030,6.616666667,-76.75,1971-10-28,1971-10-28,1971-10-28,81.0,165.0,605.0,1021.0,1358.0,NO
datos_11077030,6.616666667,-76.75,1971-10-30,1971-10-30,1971-10-30,62.0,246.0,668.0,1102.0,1434.0,NO
datos_11077030,6.616666667,-76.75,1971-10-31,1971-10-31,1971-10-31,4.0,308.0,660.0,1139.0,1492.0,NO
datos_11077030,6.616666667,-76.75,1971-11-01,1971-11-01,1971-11-01,5.0,308.0,657.0,1109.0,1477.0,NO
datos_11077030,6.616666667,-76.75,1971-11-02,1971-11-02,1971-11-02,22.0,254.0,662.0,1112.0,1428.0,NO
datos_11077030,6.616666667,-76.75,1971-11-03,1971-11-03,1971-11-03,3.0,276.0,684.0,1129.0,1417.0,NO
datos_11077030,6.616666667,-76.75,1971-11-05,1971-11-05,1971-11-05,45.0,177.0,678.0,1132.0,1417.0,NO
datos_11077030,6.616666667,-76.75,1971-11-06,1971-11-06,1971-11-06,41.0,222.0,702.0,1097.0,1429.0,NO
datos_11077030,6.616666667,-76.75,1971-11-08,1971-11-08,1971-11-08,4.0,263.0,659.0,1108.0,1437.0,NO
datos_11077030,6.616666667,-76.75,1971-11-13,1971-11-13,1971-11-13,20.0,115.0,535.0,1076.0,1421.0,NO
datos_11077030,6.616666667,-76.75,1971-11-15,1971-11-15,1971-11-15,19.0,110.0,510.0,1091.0,1415.0,NO
datos_11077030,6.616666667,-76.75,1971-11-16,1971-11-16,1971-11-16,2.0,129.0,490.0,1106.0,1417.0,NO
datos_11077030,6.616666667,-76.75,1971-11-17,1971-11-17,1971-11-17,84.0,86.0,473.0,1030.0,1418.0,NO
datos_11077030,6.616666667,-76.75,1971-11-18,1971-11-18,1971-11-18,12.0,129.0,557.0,1114.0,1491.0,NO
datos_11077030,6.616666667,-76.75,1971-11-22,1971-11-22,1971-11-22,90.0,137.0,506.0,1096.0,1442.0,NO
datos_11077030,6.616666667,-76.75,1971-11-26,1971-11-26,1971-11-26,43.0,207.0,494.0,1124.0,1515.0,NO
datos_11077030,6.616666667,-76.75,1971-11-27,1971-11-27,1971-11-27,30.0,231.0,537.0,1142.0,1558.0,NO
datos_11077030,6.616666667,-76.75,1971-11-29,1971-11-29,1971-11-29,27.0,175.0,486.0,1154.0,1588.0,NO
datos_11077030,6.616666667,-76.75,1971-11-30,1971-11-30,1971-11-30,5.0,190.0,513.0,1111.0,1590.0,NO
datos_11077030,6.616666667,-76.75,1971-12-02,1971-12-02,1971-12-02,6.0,195.0,452.0,1109.0,1559.0,NO
datos_11077030,6.616666667,-76.75,1971-12-03,1971-12-03,1971-12-03,20.0,201.0,453.0,1115.0,1560.0,NO
datos_11077030,6.616666667,-76.75,1971-12-04,1971-12-04,1971-12-04,5.0,131.0,451.0,1131.0,1580.0,NO
datos_11077030,6.616666667,-76.75,1971-12-05,1971-12-05,1971-12-05,5.0,136.0,453.0,1131.0,1585.0,NO
datos_11077030,6.616666667,-76.75,1971-12-06,1971-12-06,1971-12-06,44.0,141.0,458.0,1115.0,1510.0,NO
datos_11077030,6.616666667,-76.75,1971-12-07,1971-12-07,1971-12-07,4.0,185.0,457.0,1120.0,1544.0,NO
datos_11077030,6.616666667,-76.75,1971-12-08,1971-12-08,1971-12-08,8.0,146.0,420.0,1079.0,1528.0,NO
datos_11077030,6.616666667,-76.75,1971-12-09,1971-12-09,1971-12-09,70.0,124.0,428.0,1087.0,1533.0,NO
datos_11077030,6.616666667,-76.75,1971-12-11,1971-12-11,1971-12-11,40.0,167.0,494.0,1082.0,1593.0,NO
datos_11077030,6.616666667,-76.75,1971-12-14,1971-12-14,1971-12-14,4.0,196.0,534.0,1030.0,1605.0,NO
datos_11077030,6.616666667,-76.75,1971-12-15,1971-12-15,1971-12-15,5.0,180.0,518.0,1028.0,1609.0,NO
datos_11077030,6.616666667,-76.75,1971-12-16,1971-12-16,1971-12-16,35.0,180.0,523.0,994.0,1610.0,NO
datos_11077030,6.616666667,-76.75,1971-12-19,1971-12-19,1971-12-19,5.0,162.0,453.0,1010.0,1557.0,NO
datos_11077030,6.616666667,-76.75,1971-12-20,1971-12-20,1971-12-20,85.0,159.0,446.0,1015.0,1562.0,NO
datos_11077030,6.616666667,-76.75,1971-12-22,1971-12-22,1971-12-22,73.0,174.0,531.0,1037.0,1627.0,NO
datos_11077030,6.616666667,-76.75,1971-12-23,1971-12-23,1971-12-23,8.0,207.0,604.0,1110.0,1700.0,NO
datos_11077030,6.616666667,-76.75,1971-12-24,1971-12-24,1971-12-24,50.0,215.0,522.0,1118.0,1695.0,NO
datos_11077030,6.616666667,-76.75,1971-12-25,1971-12-25,1971-12-25,50.0,265.0,572.0,1066.0,1741.0,NO
datos_11077030,6.616666667,-76.75,1971-12-26,1971-12-26,1971-12-26,54.0,311.0,622.0,1116.0,1746.0,NO
datos_11077030,6.616666667,-76.75,1971-12-27,1971-12-27,1971-12-27,41.0,360.0,676.0,1170.0,1775.0,NO
datos_11077030,6.616666667,-76.75,1971-12-28,1971-12-28,1971-12-28,48.0,366.0,674.0,1211.0,1816.0,NO
datos_11077030,6.616666667,-76.75,1971-12-29,1971-12-29,1971-12-29,12.0,414.0,692.0,1178.0,1846.0,NO
datos_11077030,6.616666667,-76.75,1971-12-31,1971-12-31,1971-12-31,3.0,421.0,677.0,1128.0,1781.0,NO
datos_11077030,6.616666667,-76.75,1972-01-01,1972-01-01,1972-01-01,5.0,339.0,675.0,1127.0,1784.0,NO
datos_11077030,6.616666667,-76.75,1972-01-02,1972-01-02,1972-01-02,100.0,344.0,680.0,1127.0,1789.0,NO
datos_11077030,6.616666667,-76.75,1972-01-03,1972-01-03,1972-01-03,20.0,371.0,774.0,1205.0,1885.0,NO
datos_11077030,6.616666667,-76.75,1972-01-05,1972-01-05,1972-01-05,40.0,333.0,769.0,1222.0,1879.0,NO
datos_11077030,6.616666667,-76.75,1972-01-06,1972-01-06,1972-01-06,6.0,323.0,804.0,1217.0,1880.0,NO
datos_11077030,6.616666667,-76.75,1972-01-07,1972-01-07,1972-01-07,42.0,275.0,766.0,1182.0,1841.0,NO
datos_11077030,6.616666667,-76.75,1972-01-08,1972-01-08,1972-01-08,43.0,276.0,804.0,1224.0,1883.0,NO
datos_11077030,6.616666667,-76.75,1972-01-10,1972-01-10,1972-01-10,10.0,259.0,769.0,1263.0,1851.0,NO
datos_11077030,6.616666667,-76.75,1972-01-11,1972-01-11,1972-01-11,104.0,269.0,779.0,1273.0,1857.0,NO
datos_11077030,6.616666667,-76.75,1972-01-12,1972-01-12,1972-01-12,5.0,370.0,843.0,1377.0,1912.0,NO
datos_11077030,6.616666667,-76.75,1972-01-14,1972-01-14,1972-01-14,10.0,270.0,848.0,1362.0,1872.0,NO
datos_11077030,6.616666667,-76.75,1972-01-15,1972-01-15,1972-01-15,100.0,260.0,854.0,1372.0,1843.0,NO
datos_11077030,6.616666667,-76.75,1972-01-16,1972-01-16,1972-01-16,30.0,360.0,949.0,1453.0,1924.0,NO
datos_11077030,6.616666667,-76.75,1972-01-19,1972-01-19,1972-01-19,46.0,302.0,944.0,1385.0,1954.0,NO
datos_11077030,6.616666667,-76.75,1972-01-20,1972-01-20,1972-01-20,40.0,305.0,985.0,1431.0,1996.0,NO
datos_11077030,6.616666667,-76.75,1972-01-23,1972-01-23,1972-01-23,10.0,231.0,867.0,1381.0,1977.0,NO
datos_11077030,6.616666667,-76.75,1972-01-24,1972-01-24,1972-01-24,100.0,236.0,869.0,1391.0,1885.0,NO
datos_11077030,6.616666667,-76.75,1972-01-26,1972-01-26,1972-01-26,40.0,326.0,869.0,1491.0,1985.0,NO
datos_11077030,6.616666667,-76.75,1972-01-27,1972-01-27,1972-01-27,120.0,266.0,855.0,1488.0,2025.0,NO
datos_11077030,6.616666667,-76.75,1972-01-28,1972-01-28,1972-01-28,3.0,356.0,934.0,1578.0,2064.0,NO
datos_11077030,6.616666667,-76.75,1972-01-29,1972-01-29,1972-01-29,10.0,359.0,889.0,1581.0,2067.0,NO
datos_11077030,6.616666667,-76.75,1972-01-30,1972-01-30,1972-01-30,2.0,369.0,887.0,1564.0,2015.0,NO
datos_11077030,6.616666667,-76.75,1972-01-31,1972-01-31,1972-01-31,23.0,325.0,889.0,1561.0,2013.0,NO
datos_11077030,6.616666667,-76.75,1972-02-03,1972-02-03,1972-02-03,20.0,308.0,804.0,1558.0,2006.0,NO
datos_11077030,6.616666667,-76.75,1972-02-04,1972-02-04,1972-02-04,2.0,318.0,804.0,1573.0,2026.0,NO
datos_11077030,6.616666667,-76.75,1972-02-06,1972-02-06,1972-02-06,10.0,220.0,766.0,1526.0,1942.0,NO
datos_11077030,6.616666667,-76.75,1972-02-07,1972-02-07,1972-02-07,11.0,190.0,770.0,1532.0,1952.0,NO
datos_11077030,6.616666667,-76.75,1972-02-08,1972-02-08,1972-02-08,12.0,81.0,739.0,1535.0,1959.0,NO
datos_11077030,6.616666667,-76.75,1972-02-27,1972-02-27,1972-02-27,10.0,0.0,213.0,1027.0,1671.0,NO
datos_11077030,6.616666667,-76.75,1972-02-28,1972-02-28,1972-02-28,11.0,10.0,103.0,989.0,1681.0,NO
datos_11077030,6.616666667,-76.75,1972-02-29,1972-02-29,1972-02-29,30.0,21.0,111.0,988.0,1665.0,NO
datos_11077030,6.616666667,-76.75,1972-03-02,1972-03-02,1972-03-02,8.0,51.0,129.0,1015.0,1690.0,NO
datos_11077030,6.616666667,-76.75,1972-03-04,1972-03-04,1972-03-04,120.0,59.0,114.0,918.0,1672.0,NO
datos_11077030,6.616666667,-76.75,1972-03-05,1972-03-05,1972-03-05,10.0,179.0,234.0,1018.0,1787.0,NO
datos_11077030,6.616666667,-76.75,1972-03-10,1972-03-10,1972-03-10,52.0,179.0,201.0,897.0,1666.0,NO
datos_11077030,6.616666667,-76.75,1972-03-18,1972-03-18,1972-03-18,1.0,52.0,241.0,690.0,1634.0,NO
datos_11077030,6.616666667,-76.75,1972-03-19,1972-03-19,1972-03-19,33.0,53.0,242.0,691.0,1635.0,NO
datos_11077030,6.616666667,-76.75,1972-03-21,1972-03-21,1972-03-21,30.0,86.0,275.0,678.0,1578.0,NO
datos_11077030,6.616666667,-76.75,1972-03-26,1972-03-26,1972-03-26,10.0,64.0,305.0,558.0,1427.0,NO
datos_11077030,6.616666667,-76.75,1972-03-27,1972-03-27,1972-03-27,10.0,74.0,315.0,568.0,1383.0,NO
datos_11077030,6.616666667,-76.75,1972-03-28,1972-03-28,1972-03-28,63.0,84.0,325.0,538.0,1352.0,NO
datos_11077030,6.616666667,-76.75,1972-03-30,1972-03-30,1972-03-30,10.0,146.0,378.0,478.0,1355.0,NO
datos_11077030,6.616666667,-76.75,1972-04-01,1972-04-01,1972-04-01,5.0,123.0,347.0,476.0,1362.0,NO
datos_11077030,6.616666667,-76.75,1972-04-08,1972-04-08,1972-04-08,5.0,78.0,214.0,426.0,1154.0,NO
datos_11077030,6.616666667,-76.75,1972-04-09,1972-04-09,1972-04-09,7.0,20.0,219.0,420.0,1116.0,NO
datos_11077030,6.616666667,-76.75,1972-04-12,1972-04-12,1972-04-12,24.0,17.0,174.0,415.0,1009.0,NO
datos_11077030,6.616666667,-76.75,1972-04-13,1972-04-13,1972-04-13,8.0,36.0,198.0,439.0,1028.0,NO
datos_11077030,6.616666667,-76.75,1972-04-15,1972-04-15,1972-04-15,6.0,44.0,206.0,447.0,1026.0,NO
datos_11077030,6.616666667,-76.75,1972-04-19,1972-04-19,1972-04-19,20.0,50.0,211.0,453.0,902.0,NO
datos_11077030,6.616666667,-76.75,1972-04-20,1972-04-20,1972-04-20,30.0,65.0,198.0,473.0,876.0,NO
datos_11077030,6.616666667,-76.75,1972-04-21,1972-04-21,1972-04-21,7.0,88.0,228.0,503.0,866.0,NO
datos_11077030,6.616666667,-76.75,1972-04-22,1972-04-22,1972-04-22,10.0,95.0,205.0,510.0,873.0,NO
datos_11077030,6.616666667,-76.75,1972-04-23,1972-04-23,1972-04-23,2.0,105.0,215.0,520.0,883.0,NO
datos_11077030,6.616666667,-76.75,1972-04-26,1972-04-26,1972-04-26,2.0,75.0,217.0,522.0,775.0,NO
datos_11077030,6.616666667,-76.75,1972-04-27,1972-04-27,1972-04-27,5.0,71.0,209.0,524.0,737.0,NO
datos_11077030,6.616666667,-76.75,1972-04-29,1972-04-29,1972-04-29,14.0,76.0,141.0,519.0,619.0,NO
datos_11077030,6.616666667,-76.75,1972-04-30,1972-04-30,1972-04-30,3.0,90.0,155.0,522.0,623.0,NO
datos_11077030,6.616666667,-76.75,1972-05-01,1972-05-01,1972-05-01,42.0,73.0,148.0,495.0,624.0,NO
datos_11077030,6.616666667,-76.75,1972-05-03,1972-05-03,1972-05-03,3.0,78.0,185.0,529.0,643.0,NO
datos_11077030,6.616666667,-76.75,1972-05-04,1972-05-04,1972-05-04,65.0,71.0,188.0,532.0,646.0,NO
datos_11077030,6.616666667,-76.75,1972-05-05,1972-05-05,1972-05-05,4.0,134.0,253.0,477.0,691.0,NO
datos_11077030,6.616666667,-76.75,1972-05-06,1972-05-06,1972-05-06,3.0,138.0,257.0,471.0,693.0,NO
datos_11077030,6.616666667,-76.75,1972-05-08,1972-05-08,1972-05-08,6.0,139.0,260.0,474.0,686.0,NO
datos_11077030,6.616666667,-76.75,1972-05-09,1972-05-09,1972-05-09,26.0,140.0,266.0,480.0,681.0,NO
datos_11077030,6.616666667,-76.75,1972-05-10,1972-05-10,1972-05-10,70.0,166.0,287.0,506.0,695.0,NO
datos_11077030,6.616666667,-76.75,1972-05-12,1972-05-12,1972-05-12,30.0,219.0,350.0,524.0,765.0,NO
datos_11077030,6.616666667,-76.75,1972-05-14,1972-05-14,1972-05-14,25.0,207.0,356.0,554.0,795.0,NO
datos_11077030,6.616666667,-76.75,1972-05-16,1972-05-16,1972-05-16,27.0,164.0,373.0,579.0,820.0,NO
datos_11077030,6.616666667,-76.75,1972-05-17,1972-05-17,1972-05-17,15.0,187.0,394.0,606.0,847.0,NO
datos_11077030,6.616666667,-76.75,1972-05-18,1972-05-18,1972-05-18,10.0,199.0,409.0,621.0,862.0,NO
datos_11077030,6.616666667,-76.75,1972-05-19,1972-05-19,1972-05-19,21.0,209.0,419.0,630.0,872.0,NO
datos_11077030,6.616666667,-76.75,1972-05-20,1972-05-20,1972-05-20,3.0,224.0,440.0,618.0,893.0,NO
datos_11077030,6.616666667,-76.75,1972-05-21,1972-05-21,1972-05-21,5.0,201.0,423.0,621.0,896.0,NO
datos_11077030,6.616666667,-76.75,1972-05-22,1972-05-22,1972-05-22,49.0,136.0,398.0,596.0,901.0,NO
datos_11077030,6.616666667,-76.75,1972-05-23,1972-05-23,1972-05-23,15.0,185.0,440.0,645.0,950.0,NO
datos_11077030,6.616666667,-76.75,1972-05-26,1972-05-26,1972-05-26,9.0,145.0,443.0,660.0,965.0,NO
datos_11077030,6.616666667,-76.75,1972-05-27,1972-05-27,1972-05-27,10.0,154.0,452.0,659.0,974.0,NO
datos_11077030,6.616666667,-76.75,1972-05-28,1972-05-28,1972-05-28,5.0,137.0,460.0,659.0,984.0,NO
datos_11077030,6.616666667,-76.75,1972-05-29,1972-05-29,1972-05-29,13.0,127.0,460.0,601.0,979.0,NO
datos_11077030,6.616666667,-76.75,1972-06-02,1972-06-02,1972-06-02,3.0,101.0,414.0,599.0,943.0,NO
datos_11077030,6.616666667,-76.75,1972-06-03,1972-06-03,1972-06-03,30.0,55.0,417.0,602.0,946.0,NO
datos_11077030,6.616666667,-76.75,1972-06-06,1972-06-06,1972-06-06,93.0,70.0,375.0,632.0,846.0,NO
datos_11077030,6.616666667,-76.75,1972-06-07,1972-06-07,1972-06-07,98.0,154.0,465.0,725.0,939.0,NO
datos_11077030,6.616666667,-76.75,1972-06-08,1972-06-08,1972-06-08,41.0,242.0,563.0,823.0,1037.0,NO
datos_11077030,6.616666667,-76.75,1972-06-09,1972-06-09,1972-06-09,25.0,278.0,598.0,859.0,1078.0,NO
datos_11077030,6.616666667,-76.75,1972-06-10,1972-06-10,1972-06-10,5.0,290.0,597.0,877.0,1051.0,NO
datos_11077030,6.616666667,-76.75,1972-06-11,1972-06-11,1972-06-11,9.0,295.0,532.0,882.0,1056.0,NO
datos_11077030,6.616666667,-76.75,1972-06-14,1972-06-14,1972-06-14,6.0,301.0,511.0,859.0,1065.0,NO
datos_11077030,6.616666667,-76.75,1972-06-15,1972-06-15,1972-06-15,5.0,277.0,492.0,865.0,1071.0,NO
datos_11077030,6.616666667,-76.75,1972-06-17,1972-06-17,1972-06-17,40.0,282.0,470.0,864.0,1076.0,NO
datos_11077030,6.616666667,-76.75,1972-06-18,1972-06-18,1972-06-18,2.0,229.0,495.0,904.0,1115.0,NO
datos_11077030,6.616666667,-76.75,1972-06-19,1972-06-19,1972-06-19,73.0,133.0,487.0,906.0,1084.0,NO
datos_11077030,6.616666667,-76.75,1972-06-20,1972-06-20,1972-06-20,6.0,165.0,539.0,959.0,1157.0,NO
datos_11077030,6.616666667,-76.75,1972-06-21,1972-06-21,1972-06-21,5.0,146.0,542.0,935.0,1133.0,NO
datos_11077030,6.616666667,-76.75,1972-06-22,1972-06-22,1972-06-22,24.0,146.0,542.0,933.0,1138.0,NO
datos_11077030,6.616666667,-76.75,1972-06-24,1972-06-24,1972-06-24,53.0,161.0,502.0,945.0,1162.0,NO
datos_11077030,6.616666667,-76.75,1972-06-27,1972-06-27,1972-06-27,3.0,203.0,546.0,996.0,1195.0,NO
datos_11077030,6.616666667,-76.75,1972-06-28,1972-06-28,1972-06-28,1.0,206.0,539.0,994.0,1135.0,NO
datos_11077030,6.616666667,-76.75,1972-06-29,1972-06-29,1972-06-29,2.0,167.0,535.0,995.0,1136.0,NO
datos_11077030,6.616666667,-76.75,1972-07-01,1972-07-01,1972-07-01,5.0,94.0,524.0,980.0,1128.0,NO
datos_11077030,6.616666667,-76.75,1972-07-02,1972-07-02,1972-07-02,1.0,93.0,529.0,943.0,1128.0,NO
datos_11077030,6.616666667,-76.75,1972-07-04,1972-07-04,1972-07-04,3.0,65.0,527.0,941.0,1129.0,NO
datos_11077030,6.616666667,-76.75,1972-07-05,1972-07-05,1972-07-05,5.0,68.0,500.0,879.0,1132.0,NO
datos_11077030,6.616666667,-76.75,1972-07-06,1972-07-06,1972-07-06,4.0,20.0,505.0,880.0,1137.0,NO
datos_11077030,6.616666667,-76.75,1972-07-07,1972-07-07,1972-07-07,3.0,24.0,509.0,881.0,1141.0,NO
datos_11077030,6.616666667,-76.75,1972-07-08,1972-07-08,1972-07-08,20.0,27.0,419.0,884.0,1144.0,NO
datos_11077030,6.616666667,-76.75,1972-07-11,1972-07-11,1972-07-11,34.0,41.0,275.0,802.0,1152.0,NO
datos_11077030,6.616666667,-76.75,1972-07-12,1972-07-12,1972-07-12,2.0,75.0,304.0,836.0,1186.0,NO
datos_11077030,6.616666667,-76.75,1972-07-14,1972-07-14,1972-07-14,20.0,71.0,297.0,808.0,1156.0,NO
datos_11077030,6.616666667,-76.75,1972-07-15,1972-07-15,1972-07-15,110.0,91.0,317.0,803.0,1176.0,NO
datos_11077030,6.616666667,-76.75,1972-07-16,1972-07-16,1972-07-16,5.0,198.0,421.0,913.0,1280.0,NO
datos_11077030,6.616666667,-76.75,1972-07-17,1972-07-17,1972-07-17,5.0,198.0,421.0,891.0,1285.0,NO
datos_11077030,6.616666667,-76.75,1972-07-19,1972-07-19,1972-07-19,65.0,196.0,386.0,871.0,1290.0,NO
datos_11077030,6.616666667,-76.75,1972-07-20,1972-07-20,1972-07-20,2.0,241.0,449.0,915.0,1335.0,NO
datos_11077030,6.616666667,-76.75,1972-07-21,1972-07-21,1972-07-21,19.0,243.0,378.0,914.0,1307.0,NO
datos_11077030,6.616666667,-76.75,1972-07-22,1972-07-22,1972-07-22,2.0,262.0,391.0,928.0,1319.0,NO
datos_11077030,6.616666667,-76.75,1972-07-24,1972-07-24,1972-07-24,39.0,228.0,364.0,866.0,1309.0,NO
datos_11077030,6.616666667,-76.75,1972-07-26,1972-07-26,1972-07-26,4.0,247.0,350.0,905.0,1348.0,NO
datos_11077030,6.616666667,-76.75,1972-07-28,1972-07-28,1972-07-28,5.0,136.0,354.0,890.0,1345.0,NO
datos_11077030,6.616666667,-76.75,1972-08-02,1972-08-02,1972-08-02,25.0,50.0,348.0,877.0,1291.0,NO
datos_11077030,6.616666667,-76.75,1972-08-03,1972-08-03,1972-08-03,6.0,73.0,372.0,899.0,1313.0,NO
datos_11077030,6.616666667,-76.75,1972-08-04,1972-08-04,1972-08-04,3.0,79.0,378.0,875.0,1254.0,NO
datos_11077030,6.616666667,-76.75,1972-08-05,1972-08-05,1972-08-05,30.0,43.0,378.0,878.0,1253.0,NO
datos_11077030,6.616666667,-76.75,1972-08-08,1972-08-08,1972-08-08,25.0,69.0,396.0,717.0,1274.0,NO
datos_11077030,6.616666667,-76.75,1972-08-09,1972-08-09,1972-08-09,30.0,89.0,401.0,701.0,1273.0,NO
datos_11077030,6.616666667,-76.75,1972-08-10,1972-08-10,1972-08-10,2.0,119.0,431.0,706.0,1233.0,NO
datos_11077030,6.616666667,-76.75,1972-08-11,1972-08-11,1972-08-11,5.0,121.0,433.0,703.0,1235.0,NO
datos_11077030,6.616666667,-76.75,1972-08-13,1972-08-13,1972-08-13,5.0,126.0,402.0,699.0,1210.0,NO
datos_11077030,6.616666667,-76.75,1972-08-14,1972-08-14,1972-08-14,3.0,106.0,407.0,704.0,1190.0,NO
datos_11077030,6.616666667,-76.75,1972-08-15,1972-08-15,1972-08-15,5.0,103.0,390.0,701.0,1193.0,NO
datos_11077030,6.616666667,-76.75,1972-08-16,1972-08-16,1972-08-16,1.0,105.0,285.0,701.0,1171.0,NO
datos_11077030,6.616666667,-76.75,1972-08-18,1972-08-18,1972-08-18,16.0,76.0,276.0,662.0,1147.0,NO
datos_11077030,6.616666667,-76.75,1972-08-19,1972-08-19,1972-08-19,34.0,92.0,292.0,676.0,1142.0,NO
datos_11077030,6.616666667,-76.75,1972-08-20,1972-08-20,1972-08-20,76.0,101.0,261.0,637.0,1173.0,NO
datos_11077030,6.616666667,-76.75,1972-08-21,1972-08-21,1972-08-21,14.0,147.0,335.0,707.0,1244.0,NO
datos_11077030,6.616666667,-76.75,1972-08-22,1972-08-22,1972-08-22,13.0,159.0,330.0,716.0,1209.0,NO
datos_11077030,6.616666667,-76.75,1972-08-23,1972-08-23,1972-08-23,45.0,167.0,341.0,705.0,1207.0,NO
datos_11077030,6.616666667,-76.75,1972-08-24,1972-08-24,1972-08-24,10.0,212.0,386.0,750.0,1252.0,NO
datos_11077030,6.616666667,-76.75,1972-08-25,1972-08-25,1972-08-25,13.0,217.0,357.0,707.0,1262.0,NO
datos_11077030,6.616666667,-76.75,1972-08-26,1972-08-26,1972-08-26,10.0,227.0,370.0,720.0,1266.0,NO
datos_11077030,6.616666667,-76.75,1972-08-27,1972-08-27,1972-08-27,10.0,232.0,376.0,730.0,1266.0,NO
datos_11077030,6.616666667,-76.75,1972-08-28,1972-08-28,1972-08-28,21.0,241.0,386.0,737.0,1271.0,NO
datos_11077030,6.616666667,-76.75,1972-08-29,1972-08-29,1972-08-29,15.0,262.0,402.0,757.0,1279.0,NO
datos_11077030,6.616666667,-76.75,1972-08-30,1972-08-30,1972-08-30,46.0,261.0,417.0,770.0,1294.0,NO
datos_11077030,6.616666667,-76.75,1972-09-01,1972-09-01,1972-09-01,34.0,197.0,463.0,811.0,1340.0,NO
datos_11077030,6.616666667,-76.75,1972-09-02,1972-09-02,1972-09-02,6.0,217.0,497.0,844.0,1371.0,NO
datos_11077030,6.616666667,-76.75,1972-09-04,1972-09-04,1972-09-04,1.0,165.0,472.0,847.0,1347.0,NO
datos_11077030,6.616666667,-76.75,1972-09-05,1972-09-05,1972-09-05,35.0,156.0,470.0,843.0,1348.0,NO
datos_11077030,6.616666667,-76.75,1972-09-07,1972-09-07,1972-09-07,35.0,168.0,475.0,871.0,1192.0,NO
datos_11077030,6.616666667,-76.75,1972-09-08,1972-09-08,1972-09-08,10.0,193.0,510.0,886.0,1186.0,NO
datos_11077030,6.616666667,-76.75,1972-09-09,1972-09-09,1972-09-09,40.0,182.0,495.0,896.0,1171.0,NO
datos_11077030,6.616666667,-76.75,1972-09-10,1972-09-10,1972-09-10,15.0,207.0,505.0,936.0,1206.0,NO
datos_11077030,6.616666667,-76.75,1972-09-11,1972-09-11,1972-09-11,10.0,176.0,518.0,917.0,1212.0,NO
datos_11077030,6.616666667,-76.75,1972-09-12,1972-09-12,1972-09-12,5.0,186.0,523.0,925.0,1222.0,NO
datos_11077030,6.616666667,-76.75,1972-09-14,1972-09-14,1972-09-14,35.0,151.0,523.0,910.0,1221.0,NO
datos_11077030,6.616666667,-76.75,1972-09-15,1972-09-15,1972-09-15,61.0,186.0,555.0,835.0,1251.0,NO
datos_11077030,6.616666667,-76.75,1972-09-17,1972-09-17,1972-09-17,12.0,211.0,610.0,886.0,1272.0,NO
datos_11077030,6.616666667,-76.75,1972-09-18,1972-09-18,1972-09-18,11.0,223.0,622.0,898.0,1282.0,NO
datos_11077030,6.616666667,-76.75,1972-09-19,1972-09-19,1972-09-19,4.0,199.0,617.0,844.0,1220.0,NO
datos_11077030,6.616666667,-76.75,1972-09-22,1972-09-22,1972-09-22,12.0,138.0,497.0,825.0,1189.0,NO
datos_11077030,6.616666667,-76.75,1972-09-24,1972-09-24,1972-09-24,10.0,135.0,451.0,798.0,1148.0,NO
datos_11077030,6.616666667,-76.75,1972-09-25,1972-09-25,1972-09-25,5.0,145.0,451.0,808.0,1158.0,NO
datos_11077030,6.616666667,-76.75,1972-09-26,1972-09-26,1972-09-26,27.0,115.0,443.0,809.0,1163.0,NO
datos_11077030,6.616666667,-76.75,1972-09-27,1972-09-27,1972-09-27,44.0,81.0,460.0,836.0,1187.0,NO
datos_11077030,6.616666667,-76.75,1972-09-28,1972-09-28,1972-09-28,5.0,125.0,494.0,875.0,1230.0,NO
datos_11077030,6.616666667,-76.75,1972-09-29,1972-09-29,1972-09-29,36.0,118.0,478.0,880.0,1233.0,NO
datos_11077030,6.616666667,-76.75,1972-09-30,1972-09-30,1972-09-30,3.0,143.0,499.0,916.0,1269.0,NO
datos_11077030,6.616666667,-76.75,1972-10-06,1972-10-06,1972-10-06,2.0,120.0,415.0,855.0,1254.0,NO
datos_11077030,6.616666667,-76.75,1972-10-08,1972-10-08,1972-10-08,70.0,90.0,382.0,857.0,1233.0,NO
datos_11077030,6.616666667,-76.75,1972-10-09,1972-10-09,1972-10-09,19.0,116.0,417.0,902.0,1303.0,NO
datos_11077030,6.616666667,-76.75,1972-10-11,1972-10-11,1972-10-11,20.0,94.0,386.0,889.0,1288.0,NO
datos_11077030,6.616666667,-76.75,1972-10-13,1972-10-13,1972-10-13,14.0,111.0,381.0,904.0,1306.0,NO
datos_11077030,6.616666667,-76.75,1972-10-14,1972-10-14,1972-10-14,7.0,125.0,390.0,913.0,1300.0,NO
datos_11077030,6.616666667,-76.75,1972-10-15,1972-10-15,1972-10-15,4.0,132.0,397.0,917.0,1197.0,NO
datos_11077030,6.616666667,-76.75,1972-10-17,1972-10-17,1972-10-17,40.0,136.0,305.0,915.0,1191.0,NO
datos_11077030,6.616666667,-76.75,1972-10-20,1972-10-20,1972-10-20,3.0,104.0,322.0,905.0,1164.0,NO
datos_11077030,6.616666667,-76.75,1972-10-21,1972-10-21,1972-10-21,3.0,88.0,321.0,832.0,1148.0,NO
datos_11077030,6.616666667,-76.75,1972-10-23,1972-10-23,1972-10-23,17.0,71.0,324.0,808.0,1149.0,NO
datos_11077030,6.616666667,-76.75,1972-10-25,1972-10-25,1972-10-25,10.0,74.0,329.0,770.0,1127.0,NO
datos_11077030,6.616666667,-76.75,1972-10-26,1972-10-26,1972-10-26,10.0,77.0,329.0,767.0,1133.0,NO
datos_11077030,6.616666667,-76.75,1972-10-27,1972-10-27,1972-10-27,23.0,83.0,334.0,767.0,1143.0,NO
datos_11077030,6.616666667,-76.75,1972-10-28,1972-10-28,1972-10-28,6.0,106.0,330.0,780.0,1161.0,NO
datos_11077030,6.616666667,-76.75,1972-10-29,1972-10-29,1972-10-29,33.0,72.0,292.0,765.0,1167.0,NO
datos_11077030,6.616666667,-76.75,1972-10-31,1972-10-31,1972-10-31,10.0,105.0,284.0,737.0,1200.0,NO
datos_11077030,6.616666667,-76.75,1972-11-01,1972-11-01,1972-11-01,10.0,112.0,291.0,747.0,1210.0,NO
datos_11077030,6.616666667,-76.75,1972-11-02,1972-11-02,1972-11-02,10.0,119.0,301.0,723.0,1195.0,NO
datos_11077030,6.616666667,-76.75,1972-11-03,1972-11-03,1972-11-03,30.0,129.0,311.0,727.0,1199.0,NO
datos_11077030,6.616666667,-76.75,1972-11-04,1972-11-04,1972-11-04,35.0,142.0,341.0,757.0,1226.0,NO
datos_11077030,6.616666667,-76.75,1972-11-05,1972-11-05,1972-11-05,16.0,177.0,376.0,791.0,1231.0,NO
datos_11077030,6.616666667,-76.75,1972-11-06,1972-11-06,1972-11-06,18.0,183.0,392.0,772.0,1247.0,NO
datos_11077030,6.616666667,-76.75,1972-11-07,1972-11-07,1972-11-07,46.0,191.0,408.0,790.0,1265.0,NO
datos_11077030,6.616666667,-76.75,1972-11-11,1972-11-11,1972-11-11,10.0,175.0,365.0,736.0,1249.0,NO
datos_11077030,6.616666667,-76.75,1972-11-12,1972-11-12,1972-11-12,10.0,175.0,355.0,736.0,1259.0,NO
datos_11077030,6.616666667,-76.75,1972-11-13,1972-11-13,1972-11-13,20.0,175.0,365.0,741.0,1264.0,NO
datos_11077030,6.616666667,-76.75,1972-11-16,1972-11-16,1972-11-16,20.0,120.0,360.0,665.0,1275.0,NO
datos_11077030,6.616666667,-76.75,1972-11-17,1972-11-17,1972-11-17,5.0,124.0,380.0,685.0,1295.0,NO
datos_11077030,6.616666667,-76.75,1972-11-18,1972-11-18,1972-11-18,5.0,111.0,345.0,678.0,1284.0,NO
datos_11077030,6.616666667,-76.75,1972-11-19,1972-11-19,1972-11-19,10.0,70.0,350.0,672.0,1255.0,NO
datos_11077030,6.616666667,-76.75,1972-11-20,1972-11-20,1972-11-20,2.0,80.0,360.0,678.0,1189.0,NO
datos_11077030,6.616666667,-76.75,1972-11-22,1972-11-22,1972-11-22,10.0,82.0,356.0,680.0,1164.0,NO
datos_11077030,6.616666667,-76.75,1972-11-23,1972-11-23,1972-11-23,9.0,82.0,366.0,678.0,1129.0,NO
datos_11077030,6.616666667,-76.75,1972-11-24,1972-11-24,1972-11-24,83.0,81.0,358.0,687.0,1128.0,NO
datos_11077030,6.616666667,-76.75,1972-11-26,1972-11-26,1972-11-26,37.0,144.0,431.0,755.0,1188.0,NO
datos_11077030,6.616666667,-76.75,1972-11-27,1972-11-27,1972-11-27,30.0,181.0,458.0,765.0,1215.0,NO
datos_11077030,6.616666667,-76.75,1973-01-01,1973-01-01,1973-01-01,34.0,0.0,0.0,416.0,707.0,NO
datos_11077030,6.616666667,-76.75,1973-01-04,1973-01-04,1973-01-04,2.0,34.0,34.0,400.0,741.0,NO
datos_11077030,6.616666667,-76.75,1973-01-10,1973-01-10,1973-01-10,6.0,36.0,36.0,287.0,652.0,NO
datos_11077030,6.616666667,-76.75,1973-01-11,1973-01-11,1973-01-11,20.0,42.0,42.0,293.0,638.0,NO
datos_11077030,6.616666667,-76.75,1973-01-24,1973-01-24,1973-01-24,2.0,0.0,62.0,212.0,570.0,NO
datos_11077030,6.616666667,-76.75,1973-01-27,1973-01-27,1973-01-27,13.0,2.0,64.0,94.0,529.0,NO
datos_11077030,6.616666667,-76.75,1973-02-02,1973-02-02,1973-02-02,3.0,15.0,43.0,77.0,473.0,NO
datos_11077030,6.616666667,-76.75,1973-02-14,1973-02-14,1973-02-14,20.0,0.0,18.0,80.0,291.0,NO
datos_11077030,6.616666667,-76.75,1973-03-07,1973-03-07,1973-03-07,25.0,0.0,20.0,64.0,100.0,NO
datos_11077030,6.616666667,-76.75,1973-03-10,1973-03-10,1973-03-10,9.0,25.0,45.0,89.0,125.0,NO
datos_11077030,6.616666667,-76.75,1973-03-13,1973-03-13,1973-03-13,59.0,34.0,54.0,92.0,134.0,NO
datos_11077030,6.616666667,-76.75,1973-03-15,1973-03-15,1973-03-15,105.0,93.0,113.0,131.0,193.0,NO
datos_11077030,6.616666667,-76.75,1973-03-18,1973-03-18,1973-03-18,3.0,198.0,198.0,236.0,298.0,NO
datos_11077030,6.616666667,-76.75,1973-03-21,1973-03-21,1973-03-21,9.0,176.0,201.0,239.0,301.0,NO
datos_11077030,6.616666667,-76.75,1973-03-22,1973-03-22,1973-03-22,3.0,176.0,210.0,248.0,310.0,NO
datos_11077030,6.616666667,-76.75,1973-03-23,1973-03-23,1973-03-23,33.0,179.0,213.0,251.0,313.0,NO
datos_11077030,6.616666667,-76.75,1973-03-24,1973-03-24,1973-03-24,19.0,212.0,246.0,284.0,346.0,NO
datos_11077030,6.616666667,-76.75,1973-03-25,1973-03-25,1973-03-25,12.0,172.0,265.0,303.0,365.0,NO
datos_11077030,6.616666667,-76.75,1973-03-26,1973-03-26,1973-03-26,7.0,184.0,277.0,315.0,377.0,NO
datos_11077030,6.616666667,-76.75,1973-03-30,1973-03-30,1973-03-30,12.0,83.0,284.0,307.0,384.0,NO
datos_11077030,6.616666667,-76.75,1973-04-03,1973-04-03,1973-04-03,10.0,83.0,296.0,319.0,362.0,NO
datos_11077030,6.616666667,-76.75,1973-04-07,1973-04-07,1973-04-07,62.0,22.0,306.0,326.0,370.0,NO
datos_11077030,6.616666667,-76.75,1973-04-08,1973-04-08,1973-04-08,55.0,84.0,343.0,388.0,432.0,NO
datos_11077030,6.616666667,-76.75,1973-04-11,1973-04-11,1973-04-11,23.0,127.0,389.0,443.0,487.0,NO
datos_11077030,6.616666667,-76.75,1973-04-12,1973-04-12,1973-04-12,3.0,150.0,412.0,466.0,504.0,NO
datos_11077030,6.616666667,-76.75,1973-04-16,1973-04-16,1973-04-16,25.0,143.0,251.0,469.0,487.0,NO
datos_11077030,6.616666667,-76.75,1973-04-20,1973-04-20,1973-04-20,95.0,51.0,273.0,474.0,512.0,NO
datos_11077030,6.616666667,-76.75,1973-04-22,1973-04-22,1973-04-22,5.0,146.0,359.0,569.0,607.0,NO
datos_11077030,6.616666667,-76.75,1973-04-26,1973-04-26,1973-04-26,33.0,125.0,297.0,574.0,610.0,NO
datos_11077030,6.616666667,-76.75,1973-04-27,1973-04-27,1973-04-27,40.0,158.0,323.0,607.0,643.0,NO
datos_11077030,6.616666667,-76.75,1973-04-28,1973-04-28,1973-04-28,40.0,173.0,363.0,647.0,683.0,NO
datos_11077030,6.616666667,-76.75,1973-04-30,1973-04-30,1973-04-30,13.0,213.0,403.0,687.0,710.0,NO
datos_11077030,6.616666667,-76.75,1973-10-01,1973-10-01,1973-10-01,12.0,0.0,0.0,0.0,0.0,NO
datos_11077030,6.616666667,-76.75,1973-10-03,1973-10-03,1973-10-03,13.0,12.0,12.0,12.0,12.0,NO
datos_11077030,6.616666667,-76.75,1973-10-05,1973-10-05,1973-10-05,15.0,25.0,25.0,25.0,25.0,NO
datos_11077030,6.616666667,-76.75,1973-10-07,1973-10-07,1973-10-07,10.0,40.0,40.0,40.0,40.0,NO
datos_11077030,6.616666667,-76.75,1973-10-08,1973-10-08,1973-10-08,29.0,50.0,50.0,50.0,50.0,NO
datos_11077030,6.616666667,-76.75,1973-10-10,1973-10-10,1973-10-10,11.0,79.0,79.0,79.0,79.0,NO
datos_11077030,6.616666667,-76.75,1973-10-11,1973-10-11,1973-10-11,6.0,90.0,90.0,90.0,90.0,NO
datos_11077030,6.616666667,-76.75,1973-10-12,1973-10-12,1973-10-12,99.0,96.0,96.0,96.0,96.0,NO
datos_11077030,6.616666667,-76.75,1973-10-13,1973-10-13,1973-10-13,40.0,183.0,195.0,195.0,195.0,NO
datos_11077030,6.616666667,-76.75,1973-10-14,1973-10-14,1973-10-14,6.0,223.0,235.0,235.0,235.0,NO
datos_11077030,6.616666667,-76.75,1973-10-17,1973-10-17,1973-10-17,10.0,201.0,241.0,241.0,241.0,NO
datos_11077030,6.616666667,-76.75,1973-10-18,1973-10-18,1973-10-18,10.0,211.0,251.0,251.0,251.0,NO
datos_11077030,6.616666667,-76.75,1973-10-19,1973-10-19,1973-10-19,49.0,211.0,261.0,261.0,261.0,NO
datos_11077030,6.616666667,-76.75,1973-10-21,1973-10-21,1973-10-21,3.0,231.0,310.0,310.0,310.0,NO
datos_11077030,6.616666667,-76.75,1973-10-22,1973-10-22,1973-10-22,4.0,223.0,313.0,313.0,313.0,NO
datos_11077030,6.616666667,-76.75,1973-10-23,1973-10-23,1973-10-23,10.0,221.0,317.0,317.0,317.0,NO
datos_11077030,6.616666667,-76.75,1973-10-24,1973-10-24,1973-10-24,20.0,132.0,327.0,327.0,327.0,NO
datos_11077030,6.616666667,-76.75,1973-10-25,1973-10-25,1973-10-25,10.0,112.0,347.0,347.0,347.0,NO
datos_11077030,6.616666667,-76.75,1973-10-26,1973-10-26,1973-10-26,31.0,116.0,357.0,357.0,357.0,NO
datos_11077030,6.616666667,-76.75,1973-10-27,1973-10-27,1973-10-27,3.0,147.0,388.0,388.0,388.0,NO
datos_11077030,6.616666667,-76.75,1973-10-28,1973-10-28,1973-10-28,56.0,150.0,391.0,391.0,391.0,NO
datos_11077030,6.616666667,-76.75,1973-10-29,1973-10-29,1973-10-29,12.0,196.0,447.0,447.0,447.0,NO
datos_11077030,6.616666667,-76.75,1973-10-30,1973-10-30,1973-10-30,25.0,198.0,459.0,459.0,459.0,NO
datos_11077030,6.616666667,-76.75,1973-10-31,1973-10-31,1973-10-31,90.0,174.0,484.0,484.0,484.0,NO
datos_11077030,6.616666667,-76.75,1973-11-01,1973-11-01,1973-11-01,40.0,264.0,574.0,574.0,574.0,NO
datos_11077030,6.616666667,-76.75,1973-11-03,1973-11-03,1973-11-03,25.0,297.0,602.0,614.0,614.0,NO
datos_11077030,6.616666667,-76.75,1973-11-04,1973-11-04,1973-11-04,12.0,312.0,614.0,639.0,639.0,NO
datos_11077030,6.616666667,-76.75,1973-11-05,1973-11-05,1973-11-05,10.0,304.0,626.0,651.0,651.0,NO
datos_11077030,6.616666667,-76.75,1973-11-06,1973-11-06,1973-11-06,10.0,304.0,621.0,661.0,661.0,NO
datos_11077030,6.616666667,-76.75,1973-11-07,1973-11-07,1973-11-07,35.0,283.0,631.0,671.0,671.0,NO
datos_11077030,6.616666667,-76.75,1973-11-08,1973-11-08,1973-11-08,21.0,315.0,656.0,706.0,706.0,NO
datos_11077030,6.616666667,-76.75,1973-11-09,1973-11-09,1973-11-09,11.0,280.0,648.0,727.0,727.0,NO
datos_11077030,6.616666667,-76.75,1973-11-10,1973-11-10,1973-11-10,3.0,279.0,659.0,738.0,738.0,NO
datos_11077030,6.616666667,-76.75,1973-11-11,1973-11-11,1973-11-11,7.0,257.0,651.0,741.0,741.0,NO
datos_11077030,6.616666667,-76.75,1973-11-12,1973-11-12,1973-11-12,10.0,174.0,652.0,748.0,748.0,NO
datos_11077030,6.616666667,-76.75,1973-11-13,1973-11-13,1973-11-13,20.0,144.0,563.0,758.0,758.0,NO
datos_11077030,6.616666667,-76.75,1973-11-14,1973-11-14,1973-11-14,40.0,164.0,543.0,778.0,778.0,NO
datos_11077030,6.616666667,-76.75,1973-11-15,1973-11-15,1973-11-15,31.0,179.0,577.0,818.0,818.0,NO
datos_11077030,6.616666667,-76.75,1973-11-21,1973-11-21,1973-11-21,50.0,111.0,539.0,849.0,849.0,NO
datos_11077030,6.616666667,-76.75,1973-11-23,1973-11-23,1973-11-23,3.0,151.0,582.0,899.0,899.0,NO
datos_11077030,6.616666667,-76.75,1973-11-24,1973-11-24,1973-11-24,74.0,144.0,575.0,902.0,902.0,NO
datos_11077030,6.616666667,-76.75,1973-11-25,1973-11-25,1973-11-25,49.0,198.0,629.0,976.0,976.0,NO
datos_11077030,6.616666667,-76.75,1973-11-26,1973-11-26,1973-11-26,90.0,207.0,668.0,1025.0,1025.0,NO
datos_11077030,6.616666667,-76.75,1973-11-27,1973-11-27,1973-11-27,90.0,266.0,727.0,1115.0,1115.0,NO
datos_11077030,6.616666667,-76.75,1973-11-28,1973-11-28,1973-11-28,39.0,356.0,814.0,1205.0,1205.0,NO
datos_11077030,6.616666667,-76.75,1973-11-29,1973-11-29,1973-11-29,39.0,395.0,797.0,1244.0,1244.0,NO
datos_11077030,6.616666667,-76.75,1973-12-01,1973-12-01,1973-12-01,50.0,434.0,799.0,1283.0,1283.0,NO
datos_11077030,6.616666667,-76.75,1973-12-03,1973-12-03,1973-12-03,10.0,434.0,719.0,1321.0,1333.0,NO
datos_11077030,6.616666667,-76.75,1973-12-04,1973-12-04,1973-12-04,20.0,444.0,729.0,1318.0,1343.0,NO
datos_11077030,6.616666667,-76.75,1973-12-06,1973-12-06,1973-12-06,4.0,387.0,712.0,1323.0,1363.0,NO
datos_11077030,6.616666667,-76.75,1973-12-08,1973-12-08,1973-12-08,10.0,252.0,696.0,1317.0,1367.0,NO
datos_11077030,6.616666667,-76.75,1973-12-09,1973-12-09,1973-12-09,35.0,172.0,671.0,1298.0,1377.0,NO
datos_11077030,6.616666667,-76.75,1973-12-10,1973-12-10,1973-12-10,36.0,168.0,685.0,1333.0,1412.0,NO
datos_11077030,6.616666667,-76.75,1973-12-13,1973-12-13,1973-12-13,39.0,115.0,700.0,1253.0,1448.0,NO
datos_11077030,6.616666667,-76.75,1973-12-15,1973-12-15,1973-12-15,50.0,144.0,709.0,1246.0,1487.0,NO
datos_11077030,6.616666667,-76.75,1973-12-17,1973-12-17,1973-12-17,16.0,174.0,688.0,1296.0,1537.0,NO
datos_11077030,6.616666667,-76.75,1973-12-18,1973-12-18,1973-12-18,20.0,186.0,704.0,1302.0,1553.0,NO
datos_11077030,6.616666667,-76.75,1973-12-19,1973-12-19,1973-12-19,10.0,206.0,724.0,1312.0,1573.0,NO
datos_11077030,6.616666667,-76.75,1973-12-20,1973-12-20,1973-12-20,10.0,206.0,734.0,1273.0,1583.0,NO
datos_11077030,6.616666667,-76.75,1973-12-21,1973-12-21,1973-12-21,3.0,181.0,744.0,1283.0,1593.0,NO
datos_11077030,6.616666667,-76.75,1973-12-22,1973-12-22,1973-12-22,20.0,148.0,747.0,1283.0,1596.0,NO
datos_11077030,6.616666667,-76.75,1973-12-23,1973-12-23,1973-12-23,4.0,168.0,717.0,1299.0,1616.0,NO
datos_11077030,6.616666667,-76.75,1973-12-24,1973-12-24,1973-12-24,2.0,172.0,721.0,1293.0,1620.0,NO
datos_11077030,6.616666667,-76.75,1973-12-25,1973-12-25,1973-12-25,3.0,135.0,720.0,1275.0,1622.0,NO
datos_11077030,6.616666667,-76.75,1973-12-26,1973-12-26,1973-12-26,5.0,138.0,649.0,1268.0,1625.0,NO
datos_11077030,6.616666667,-76.75,1973-12-29,1973-12-29,1973-12-29,20.0,77.0,425.0,1183.0,1630.0,NO
datos_11077030,6.616666667,-76.75,1973-12-30,1973-12-30,1973-12-30,30.0,77.0,406.0,1191.0,1650.0,NO
datos_11077030,6.616666667,-76.75,1974-01-02,1974-01-02,1974-01-02,2.5,84.0,347.0,1066.0,1668.0,NO
datos_11077030,6.616666667,-76.75,1974-01-03,1974-01-03,1974-01-03,5.0,66.5,349.5,1068.5,1657.5,NO
datos_11077030,6.616666667,-76.75,1974-01-04,1974-01-04,1974-01-04,5.0,67.5,344.5,1048.5,1662.5,NO
datos_11077030,6.616666667,-76.75,1974-01-05,1974-01-05,1974-01-05,1.5,70.5,329.5,1041.5,1652.5,NO
datos_11077030,6.616666667,-76.75,1974-01-07,1974-01-07,1974-01-07,1.0,64.0,327.0,1023.0,1644.0,NO
datos_11077030,6.616666667,-76.75,1974-01-08,1974-01-08,1974-01-08,1.4,65.0,328.0,989.0,1616.0,NO
datos_11077030,6.616666667,-76.75,1974-01-12,1974-01-12,1974-01-12,10.0,16.4,248.4,948.4,1501.4,NO
datos_11077030,6.616666667,-76.75,1974-01-13,1974-01-13,1974-01-13,1.0,26.4,258.4,948.4,1471.4,NO
datos_11077030,6.616666667,-76.75,1974-01-14,1974-01-14,1974-01-14,1.0,24.9,220.4,929.4,1466.4,NO
datos_11077030,6.616666667,-76.75,1974-01-15,1974-01-15,1974-01-15,16.8,20.9,221.4,890.4,1467.4,NO
datos_11077030,6.616666667,-76.75,1974-01-16,1974-01-16,1974-01-16,1.3,32.7,188.2,876.1999999999999,1484.2,NO
datos_11077030,6.616666667,-76.75,1974-01-18,1974-01-18,1974-01-18,1.0,32.5,173.50000000000003,877.4999999999999,1465.5,NO
datos_11077030,6.616666667,-76.75,1974-01-22,1974-01-22,1974-01-22,9.0,31.200000000000003,131.60000000000002,828.6,1410.6,NO
datos_11077030,6.616666667,-76.75,1974-01-24,1974-01-24,1974-01-24,8.0,30.200000000000003,116.6,834.6,1389.6,NO
datos_11077030,6.616666667,-76.75,1974-01-25,1974-01-25,1974-01-25,1.5,37.2,122.6,768.6,1387.6,NO
datos_11077030,6.616666667,-76.75,1974-01-26,1974-01-26,1974-01-26,2.0,37.7,121.1,721.1,1358.1,NO
datos_11077030,6.616666667,-76.75,1974-01-27,1974-01-27,1974-01-27,4.0,22.9,118.1,633.1,1357.1,NO
datos_11077030,6.616666667,-76.75,1974-02-03,1974-02-03,1974-02-03,13.0,15.9,70.0,409.5,1113.5,NO
datos_11077030,6.616666667,-76.75,1974-02-04,1974-02-04,1974-02-04,24.0,28.9,78.00000000000001,402.5,1114.5,NO
datos_11077030,6.616666667,-76.75,1974-02-05,1974-02-05,1974-02-05,10.0,44.9,97.0,426.5,1128.5,NO
datos_11077030,6.616666667,-76.75,1974-02-06,1974-02-06,1974-02-06,15.0,53.4,105.5,432.5,1128.5,NO
datos_11077030,6.616666667,-76.75,1974-02-07,1974-02-07,1974-02-07,11.0,66.4,120.5,447.5,1108.5,NO
datos_11077030,6.616666667,-76.75,1974-02-08,1974-02-08,1974-02-08,120.0,73.4,130.5,448.5,1098.5,NO
datos_11077030,6.616666667,-76.75,1974-02-09,1974-02-09,1974-02-09,20.0,193.4,249.1,533.5,1207.5,NO
datos_11077030,6.616666667,-76.75,1974-02-10,1974-02-10,1974-02-10,20.0,213.0,269.1,517.5,1224.5,NO
datos_11077030,6.616666667,-76.75,1974-02-15,1974-02-15,1974-02-15,90.0,220.0,277.1,448.5,1136.5,NO
datos_11077030,6.616666667,-76.75,1974-02-16,1974-02-16,1974-02-16,19.0,286.0,350.3,538.5,1226.5,NO
datos_11077030,6.616666667,-76.75,1974-02-18,1974-02-18,1974-02-18,5.0,280.0,368.0,521.5,1245.5,NO
datos_11077030,6.616666667,-76.75,1974-02-20,1974-02-20,1974-02-20,90.0,154.0,372.0,506.5,1250.5,NO
datos_11077030,6.616666667,-76.75,1974-02-21,1974-02-21,1974-02-21,2.0,224.0,461.9,593.5,1290.5,NO
datos_11077030,6.616666667,-76.75,1974-03-01,1974-03-01,1974-03-01,10.0,97.0,439.4,541.5,908.5,NO
datos_11077030,6.616666667,-76.75,1974-03-02,1974-03-02,1974-03-02,10.0,102.0,449.0,521.5,918.5,NO
datos_11077030,6.616666667,-76.75,1974-03-03,1974-03-03,1974-03-03,13.0,112.0,459.0,531.5,878.5,NO
datos_11077030,6.616666667,-76.75,1974-03-08,1974-03-08,1974-03-08,60.0,33.0,435.0,530.5,857.5,NO
datos_11077030,6.616666667,-76.75,1974-03-11,1974-03-11,1974-03-11,10.0,93.0,459.0,588.1,872.5,NO
datos_11077030,6.616666667,-76.75,1974-03-12,1974-03-12,1974-03-12,23.0,103.0,349.0,598.1,846.5,NO
datos_11077030,6.616666667,-76.75,1974-03-14,1974-03-14,1974-03-14,12.0,106.0,332.0,621.1,869.5,NO
datos_11077030,6.616666667,-76.75,1974-03-16,1974-03-16,1974-03-16,10.0,105.0,344.0,622.1,842.5,NO
datos_11077030,6.616666667,-76.75,1974-03-19,1974-03-19,1974-03-19,60.0,115.0,264.0,613.0,786.5,NO
datos_11077030,6.616666667,-76.75,1974-03-20,1974-03-20,1974-03-20,40.0,115.0,305.0,673.0,826.5,NO
datos_11077030,6.616666667,-76.75,1974-03-21,1974-03-21,1974-03-21,80.0,155.0,345.0,712.0,856.5,NO
datos_11077030,6.616666667,-76.75,1974-03-24,1974-03-24,1974-03-24,85.0,202.0,330.0,791.9,903.5,NO
datos_11077030,6.616666667,-76.75,1974-03-25,1974-03-25,1974-03-25,26.0,287.0,413.0,867.9,984.5,NO
datos_11077030,6.616666667,-76.75,1974-03-31,1974-03-31,1974-03-31,22.0,231.0,439.0,878.4,980.5,NO
datos_11077030,6.616666667,-76.75,1974-04-01,1974-04-01,1974-04-01,95.0,213.0,461.0,900.0,972.5,NO
datos_11077030,6.616666667,-76.75,1974-04-06,1974-04-06,1974-04-06,5.0,117.0,523.0,982.0,1055.0,NO
datos_11077030,6.616666667,-76.75,1974-04-08,1974-04-08,1974-04-08,85.0,122.0,528.0,953.0,1058.5,NO
datos_11077030,6.616666667,-76.75,1974-04-12,1974-04-12,1974-04-12,40.0,185.0,543.0,872.0,1141.1,NO
datos_11077030,6.616666667,-76.75,1974-04-13,1974-04-13,1974-04-13,4.0,130.0,560.0,892.0,1181.1,NO
datos_11077030,6.616666667,-76.75,1974-04-14,1974-04-14,1974-04-14,12.0,134.0,564.0,896.0,1175.1,NO
datos_11077030,6.616666667,-76.75,1974-04-18,1974-04-18,1974-04-18,15.0,141.0,554.0,818.0,1167.0,NO
datos_11077030,6.616666667,-76.75,1974-04-22,1974-04-22,1974-04-22,49.0,71.0,389.0,809.0,1180.9,NO
datos_11077030,6.616666667,-76.75,1974-04-26,1974-04-26,1974-04-26,10.0,64.0,327.0,766.0,1212.9,NO
datos_11077030,6.616666667,-76.75,1974-04-27,1974-04-27,1974-04-27,40.0,74.0,337.0,776.0,1221.4,NO
datos_11077030,6.616666667,-76.75,1974-04-28,1974-04-28,1974-04-28,50.0,114.0,377.0,816.0,1259.4,NO
datos_11077030,6.616666667,-76.75,1974-04-29,1974-04-29,1974-04-29,30.0,164.0,427.0,866.0,1305.4,NO
datos_11077030,6.616666667,-76.75,1974-04-30,1974-04-30,1974-04-30,30.0,179.0,457.0,896.0,1335.4,NO
datos_11077030,6.616666667,-76.75,1974-05-02,1974-05-02,1974-05-02,7.0,209.0,465.0,916.0,1365.0,NO
datos_11077030,6.616666667,-76.75,1974-05-06,1974-05-06,1974-05-06,5.0,167.0,377.0,900.0,1359.0,NO
datos_11077030,6.616666667,-76.75,1974-05-07,1974-05-07,1974-05-07,5.0,172.0,382.0,905.0,1340.0,NO
datos_11077030,6.616666667,-76.75,1974-05-08,1974-05-08,1974-05-08,5.0,167.0,382.0,910.0,1335.0,NO
datos_11077030,6.616666667,-76.75,1974-05-10,1974-05-10,1974-05-10,99.0,82.0,302.0,855.0,1314.0,NO
datos_11077030,6.616666667,-76.75,1974-05-13,1974-05-13,1974-05-13,20.0,121.0,401.0,921.0,1253.0,NO
datos_11077030,6.616666667,-76.75,1974-05-14,1974-05-14,1974-05-14,20.0,134.0,381.0,941.0,1273.0,NO
datos_11077030,6.616666667,-76.75,1974-05-15,1974-05-15,1974-05-15,20.0,154.0,397.0,949.0,1293.0,NO
datos_11077030,6.616666667,-76.75,1974-05-16,1974-05-16,1974-05-16,11.0,174.0,405.0,969.0,1313.0,NO
datos_11077030,6.616666667,-76.75,1974-05-17,1974-05-17,1974-05-17,14.0,185.0,416.0,970.0,1324.0,NO
datos_11077030,6.616666667,-76.75,1974-05-18,1974-05-18,1974-05-18,17.0,194.0,430.0,984.0,1248.0,NO
datos_11077030,6.616666667,-76.75,1974-05-19,1974-05-19,1974-05-19,12.0,206.0,447.0,1001.0,1246.0,NO
datos_11077030,6.616666667,-76.75,1974-05-20,1974-05-20,1974-05-20,30.0,213.0,444.0,953.0,1258.0,NO
datos_11077030,6.616666667,-76.75,1974-05-21,1974-05-21,1974-05-21,154.0,243.0,474.0,943.0,1283.0,NO
datos_11077030,6.616666667,-76.75,1974-05-22,1974-05-22,1974-05-22,26.0,298.0,628.0,1017.0,1437.0,NO
datos_11077030,6.616666667,-76.75,1974-05-23,1974-05-23,1974-05-23,42.0,324.0,654.0,1043.0,1373.0,NO
datos_11077030,6.616666667,-76.75,1974-05-24,1974-05-24,1974-05-24,50.0,366.0,647.0,1085.0,1413.0,NO
datos_11077030,6.616666667,-76.75,1974-05-25,1974-05-25,1974-05-25,13.0,396.0,697.0,1050.0,1463.0,NO
datos_11077030,6.616666667,-76.75,1974-05-26,1974-05-26,1974-05-26,16.0,389.0,710.0,1037.0,1476.0,NO
datos_11077030,6.616666667,-76.75,1974-05-27,1974-05-27,1974-05-27,12.0,385.0,726.0,1053.0,1492.0,NO
datos_11077030,6.616666667,-76.75,1974-05-28,1974-05-28,1974-05-28,130.0,386.0,728.0,1065.0,1504.0,NO
datos_11077030,6.616666667,-76.75,1974-05-29,1974-05-29,1974-05-29,15.0,502.0,818.0,1195.0,1634.0,NO
datos_11077030,6.616666667,-76.75,1974-05-30,1974-05-30,1974-05-30,6.0,500.0,783.0,1210.0,1649.0,NO
datos_11077030,6.616666667,-76.75,1974-05-31,1974-05-31,1974-05-31,40.0,494.0,759.0,1216.0,1655.0,NO
datos_11077030,6.616666667,-76.75,1974-06-01,1974-06-01,1974-06-01,3.0,504.0,769.0,1234.0,1685.0,NO
datos_11077030,6.616666667,-76.75,1974-06-02,1974-06-02,1974-06-02,20.0,353.0,772.0,1142.0,1678.0,NO
datos_11077030,6.616666667,-76.75,1974-06-04,1974-06-04,1974-06-04,2.0,305.0,785.0,1162.0,1685.0,NO
datos_11077030,6.616666667,-76.75,1974-06-05,1974-06-05,1974-06-05,120.0,257.0,787.0,1164.0,1687.0,NO
datos_11077030,6.616666667,-76.75,1974-06-06,1974-06-06,1974-06-06,1.0,364.0,907.0,1284.0,1807.0,NO
datos_11077030,6.616666667,-76.75,1974-06-07,1974-06-07,1974-06-07,50.0,349.0,903.0,1280.0,1808.0,NO
datos_11077030,6.616666667,-76.75,1974-06-08,1974-06-08,1974-06-08,55.0,387.0,948.0,1330.0,1798.0,NO
datos_11077030,6.616666667,-76.75,1974-06-09,1974-06-09,1974-06-09,20.0,312.0,998.0,1300.0,1853.0,NO
datos_11077030,6.616666667,-76.75,1974-06-11,1974-06-11,1974-06-11,80.0,311.0,919.0,1320.0,1863.0,NO
datos_11077030,6.616666667,-76.75,1974-06-12,1974-06-12,1974-06-12,20.0,351.0,999.0,1400.0,1920.0,NO
datos_11077030,6.616666667,-76.75,1974-06-14,1974-06-14,1974-06-14,40.0,348.0,999.0,1376.0,1928.0,NO
datos_11077030,6.616666667,-76.75,1974-06-16,1974-06-16,1974-06-16,30.0,386.0,999.0,1404.0,1958.0,NO
datos_11077030,6.616666667,-76.75,1974-06-17,1974-06-17,1974-06-17,60.0,296.0,1018.0,1434.0,1988.0,NO
datos_11077030,6.616666667,-76.75,1974-06-18,1974-06-18,1974-06-18,30.0,355.0,1064.0,1494.0,2048.0,NO
datos_11077030,6.616666667,-76.75,1974-06-19,1974-06-19,1974-06-19,40.0,335.0,1077.0,1509.0,2018.0,NO
datos_11077030,6.616666667,-76.75,1974-06-20,1974-06-20,1974-06-20,20.0,320.0,1105.0,1549.0,2018.0,NO
datos_11077030,6.616666667,-76.75,1974-06-21,1974-06-21,1974-06-21,30.0,320.0,1095.0,1569.0,1958.0,NO
datos_11077030,6.616666667,-76.75,1974-06-22,1974-06-22,1974-06-22,40.0,350.0,971.0,1599.0,1988.0,NO
datos_11077030,6.616666667,-76.75,1974-06-24,1974-06-24,1974-06-24,10.0,290.0,943.0,1590.0,1943.0,NO
datos_11077030,6.616666667,-76.75,1974-06-25,1974-06-25,1974-06-25,30.0,300.0,903.0,1600.0,1927.0,NO
datos_11077030,6.616666667,-76.75,1974-06-26,1974-06-26,1974-06-26,10.0,290.0,920.0,1630.0,1957.0,NO
datos_11077030,6.616666667,-76.75,1974-06-27,1974-06-27,1974-06-27,10.0,300.0,914.0,1630.0,1967.0,NO
datos_11077030,6.616666667,-76.75,1974-06-28,1974-06-28,1974-06-28,70.0,280.0,912.0,1600.0,1977.0,NO
datos_11077030,6.616666667,-76.75,1974-07-01,1974-07-01,1974-07-01,10.0,220.0,831.0,1560.0,2025.0,NO
datos_11077030,6.616666667,-76.75,1974-07-04,1974-07-04,1974-07-04,10.0,140.0,778.0,1563.0,1940.0,NO
datos_11077030,6.616666667,-76.75,1974-07-05,1974-07-05,1974-07-05,30.0,150.0,788.0,1573.0,1950.0,NO
datos_11077030,6.616666667,-76.75,1974-07-08,1974-07-08,1974-07-08,10.0,130.0,695.0,1593.0,1975.0,NO
datos_11077030,6.616666667,-76.75,1974-07-09,1974-07-09,1974-07-09,20.0,130.0,655.0,1598.0,1900.0,NO
datos_11077030,6.616666667,-76.75,1974-07-11,1974-07-11,1974-07-11,12.0,80.0,600.0,1519.0,1920.0,NO
datos_11077030,6.616666667,-76.75,1974-07-12,1974-07-12,1974-07-12,95.0,92.0,612.0,1531.0,1932.0,NO
datos_11077030,6.616666667,-76.75,1974-07-13,1974-07-13,1974-07-13,24.0,177.0,627.0,1626.0,1987.0,NO
datos_11077030,6.616666667,-76.75,1974-07-15,1974-07-15,1974-07-15,40.0,201.0,631.0,1610.0,1995.0,NO
datos_11077030,6.616666667,-76.75,1974-07-16,1974-07-16,1974-07-16,3.0,231.0,631.0,1630.0,2035.0,NO
datos_11077030,6.616666667,-76.75,1974-07-17,1974-07-17,1974-07-17,40.0,204.0,634.0,1622.0,2038.0,NO
datos_11077030,6.616666667,-76.75,1974-07-18,1974-07-18,1974-07-18,60.0,244.0,644.0,1648.0,2078.0,NO
datos_11077030,6.616666667,-76.75,1974-07-19,1974-07-19,1974-07-19,12.0,304.0,644.0,1691.0,2123.0,NO
datos_11077030,6.616666667,-76.75,1974-07-21,1974-07-21,1974-07-21,93.0,286.0,586.0,1661.0,2135.0,NO
datos_11077030,6.616666667,-76.75,1974-07-24,1974-07-24,1974-07-24,50.0,272.0,589.0,1532.0,2179.0,NO
datos_11077030,6.616666667,-76.75,1974-07-25,1974-07-25,1974-07-25,12.0,298.0,639.0,1532.0,2229.0,NO
datos_11077030,6.616666667,-76.75,1974-07-26,1974-07-26,1974-07-26,30.0,310.0,641.0,1531.0,2241.0,NO
datos_11077030,6.616666667,-76.75,1974-07-27,1974-07-27,1974-07-27,120.0,300.0,641.0,1545.0,2261.0,NO
datos_11077030,6.616666667,-76.75,1974-07-28,1974-07-28,1974-07-28,95.0,417.0,751.0,1653.0,2341.0,NO
datos_11077030,6.616666667,-76.75,1974-07-29,1974-07-29,1974-07-29,30.0,472.0,836.0,1618.0,2386.0,NO
datos_11077030,6.616666667,-76.75,1974-08-01,1974-08-01,1974-08-01,35.0,430.0,796.0,1587.0,2356.0,NO
datos_11077030,6.616666667,-76.75,1974-08-03,1974-08-03,1974-08-03,30.0,372.0,821.0,1599.0,2384.0,NO
datos_11077030,6.616666667,-76.75,1974-08-05,1974-08-05,1974-08-05,30.0,352.0,841.0,1627.0,2414.0,NO
datos_11077030,6.616666667,-76.75,1974-08-08,1974-08-08,1974-08-08,24.0,220.0,841.0,1486.0,2429.0,NO
datos_11077030,6.616666667,-76.75,1974-08-10,1974-08-10,1974-08-10,120.0,119.0,835.0,1435.0,2354.0,NO
datos_11077030,6.616666667,-76.75,1974-08-12,1974-08-12,1974-08-12,6.0,239.0,943.0,1475.0,2474.0,NO
datos_11077030,6.616666667,-76.75,1974-08-18,1974-08-18,1974-08-18,15.0,150.0,747.0,1331.0,2378.0,NO
datos_11077030,6.616666667,-76.75,1974-08-19,1974-08-19,1974-08-19,55.0,165.0,702.0,1316.0,2381.0,NO
datos_11077030,6.616666667,-76.75,1974-08-20,1974-08-20,1974-08-20,12.0,196.0,745.0,1331.0,2406.0,NO
datos_11077030,6.616666667,-76.75,1974-08-21,1974-08-21,1974-08-21,47.0,208.0,757.0,1323.0,2264.0,NO
datos_11077030,6.616666667,-76.75,1974-08-22,1974-08-22,1974-08-22,30.0,135.0,711.0,1340.0,2285.0,NO
datos_11077030,6.616666667,-76.75,1974-08-23,1974-08-23,1974-08-23,4.0,165.0,741.0,1330.0,2273.0,NO
datos_11077030,6.616666667,-76.75,1974-08-24,1974-08-24,1974-08-24,19.0,163.0,745.0,1334.0,2227.0,NO
datos_11077030,6.616666667,-76.75,1974-08-25,1974-08-25,1974-08-25,30.0,182.0,714.0,1343.0,2233.0,NO
datos_11077030,6.616666667,-76.75,1974-08-26,1974-08-26,1974-08-26,43.0,212.0,732.0,1343.0,2247.0,NO
datos_11077030,6.616666667,-76.75,1974-08-29,1974-08-29,1974-08-29,63.0,255.0,530.0,1296.0,2133.0,NO
datos_11077030,6.616666667,-76.75,1974-08-30,1974-08-30,1974-08-30,71.0,303.0,563.0,1359.0,2190.0,NO
datos_11077030,6.616666667,-76.75,1974-08-31,1974-08-31,1974-08-31,10.0,319.0,634.0,1430.0,2221.0,NO
datos_11077030,6.616666667,-76.75,1974-09-02,1974-09-02,1974-09-02,50.0,270.0,609.0,1430.0,2208.0,NO
datos_11077030,6.616666667,-76.75,1974-09-05,1974-09-05,1974-09-05,35.0,267.0,629.0,1440.0,2136.0,NO
datos_11077030,6.616666667,-76.75,1974-09-06,1974-09-06,1974-09-06,40.0,272.0,634.0,1475.0,2170.0,NO
datos_11077030,6.616666667,-76.75,1974-09-08,1974-09-08,1974-09-08,2.0,269.0,674.0,1505.0,2105.0,NO
datos_11077030,6.616666667,-76.75,1974-09-09,1974-09-09,1974-09-09,60.0,271.0,652.0,1487.0,2087.0,NO
datos_11077030,6.616666667,-76.75,1974-09-10,1974-09-10,1974-09-10,70.0,268.0,712.0,1547.0,2147.0,NO
datos_11077030,6.616666667,-76.75,1974-09-11,1974-09-11,1974-09-11,85.0,267.0,662.0,1605.0,2137.0,NO
datos_11077030,6.616666667,-76.75,1974-09-12,1974-09-12,1974-09-12,20.0,342.0,747.0,1595.0,2202.0,NO
datos_11077030,6.616666667,-76.75,1974-09-13,1974-09-13,1974-09-13,55.0,362.0,761.0,1591.0,2222.0,NO
datos_11077030,6.616666667,-76.75,1974-09-14,1974-09-14,1974-09-14,35.0,367.0,816.0,1646.0,2237.0,NO
datos_11077030,6.616666667,-76.75,1974-09-15,1974-09-15,1974-09-15,10.0,402.0,851.0,1641.0,2272.0,NO
datos_11077030,6.616666667,-76.75,1974-09-16,1974-09-16,1974-09-16,5.0,412.0,861.0,1648.0,2252.0,NO
datos_11077030,6.616666667,-76.75,1974-09-17,1974-09-17,1974-09-17,48.0,382.0,866.0,1613.0,2197.0,NO
datos_11077030,6.616666667,-76.75,1974-09-21,1974-09-21,1974-09-21,5.0,328.0,832.0,1496.0,2125.0,NO
datos_11077030,6.616666667,-76.75,1974-09-22,1974-09-22,1974-09-22,21.0,263.0,790.0,1501.0,2090.0,NO
datos_11077030,6.616666667,-76.75,1974-09-24,1974-09-24,1974-09-24,29.0,179.0,777.0,1472.0,2101.0,NO
datos_11077030,6.616666667,-76.75,1974-09-27,1974-09-27,1974-09-27,50.0,108.0,714.0,1339.0,2080.0,NO
datos_11077030,6.616666667,-76.75,1974-09-28,1974-09-28,1974-09-28,55.0,153.0,764.0,1294.0,2060.0,NO
datos_11077030,6.616666667,-76.75,1974-09-29,1974-09-29,1974-09-29,5.0,160.0,819.0,1319.0,2115.0,NO
datos_11077030,6.616666667,-76.75,1974-10-02,1974-10-02,1974-10-02,21.0,165.0,680.0,1289.0,2110.0,NO
datos_11077030,6.616666667,-76.75,1974-10-03,1974-10-03,1974-10-03,12.0,181.0,701.0,1310.0,2131.0,NO
datos_11077030,6.616666667,-76.75,1974-10-05,1974-10-05,1974-10-05,20.0,172.0,663.0,1292.0,2103.0,NO
datos_11077030,6.616666667,-76.75,1974-10-06,1974-10-06,1974-10-06,4.0,163.0,683.0,1282.0,2123.0,NO
datos_11077030,6.616666667,-76.75,1974-10-07,1974-10-07,1974-10-07,40.0,167.0,652.0,1286.0,2127.0,NO
datos_11077030,6.616666667,-76.75,1974-10-09,1974-10-09,1974-10-09,12.0,157.0,652.0,1302.0,2137.0,NO
datos_11077030,6.616666667,-76.75,1974-10-10,1974-10-10,1974-10-10,15.0,114.0,662.0,1314.0,2149.0,NO
datos_11077030,6.616666667,-76.75,1974-10-13,1974-10-13,1974-10-13,9.0,124.0,462.0,1203.0,2033.0,NO
datos_11077030,6.616666667,-76.75,1974-10-15,1974-10-15,1974-10-15,9.0,100.0,396.0,1212.0,2002.0,NO
datos_11077030,6.616666667,-76.75,1974-10-16,1974-10-16,1974-10-16,6.0,109.0,370.0,1221.0,2008.0,NO
datos_11077030,6.616666667,-76.75,1974-10-18,1974-10-18,1974-10-18,30.0,91.0,361.0,1227.0,1914.0,NO
datos_11077030,6.616666667,-76.75,1974-10-19,1974-10-19,1974-10-19,40.0,81.0,343.0,1242.0,1932.0,NO
datos_11077030,6.616666667,-76.75,1974-10-20,1974-10-20,1974-10-20,15.0,121.0,383.0,1227.0,1972.0,NO
datos_11077030,6.616666667,-76.75,1974-10-21,1974-10-21,1974-10-21,29.0,124.0,398.0,1230.0,1894.0,NO
datos_11077030,6.616666667,-76.75,1974-10-22,1974-10-22,1974-10-22,20.0,138.0,427.0,1212.0,1923.0,NO
datos_11077030,6.616666667,-76.75,1974-10-23,1974-10-23,1974-10-23,1.0,158.0,442.0,1202.0,1943.0,NO
datos_11077030,6.616666667,-76.75,1974-10-25,1974-10-25,1974-10-25,31.0,150.0,422.0,1180.0,1882.0,NO
datos_11077030,6.616666667,-76.75,1974-10-27,1974-10-27,1974-10-27,90.0,172.0,424.0,1138.0,1763.0,NO
datos_11077030,6.616666667,-76.75,1974-10-29,1974-10-29,1974-10-29,45.0,256.0,464.0,1228.0,1728.0,NO
datos_11077030,6.616666667,-76.75,1974-10-30,1974-10-30,1974-10-30,15.0,271.0,454.0,1210.0,1773.0,NO
datos_11077030,6.616666667,-76.75,1974-11-02,1974-11-02,1974-11-02,71.0,202.0,464.0,1144.0,1753.0,NO
datos_11077030,6.616666667,-76.75,1974-11-03,1974-11-03,1974-11-03,5.0,253.0,514.0,1165.0,1794.0,NO
datos_11077030,6.616666667,-76.75,1974-11-04,1974-11-04,1974-11-04,50.0,257.0,507.0,1170.0,1799.0,NO
datos_11077030,6.616666667,-76.75,1974-11-05,1974-11-05,1974-11-05,11.0,307.0,557.0,1220.0,1819.0,NO
datos_11077030,6.616666667,-76.75,1974-11-07,1974-11-07,1974-11-07,15.0,287.0,544.0,1156.0,1830.0,NO
datos_11077030,6.616666667,-76.75,1974-11-08,1974-11-08,1974-11-08,5.0,212.0,519.0,1171.0,1821.0,NO
datos_11077030,6.616666667,-76.75,1974-11-09,1974-11-09,1974-11-09,73.0,217.0,524.0,1174.0,1826.0,NO
datos_11077030,6.616666667,-76.75,1974-11-10,1974-11-10,1974-11-10,120.0,245.0,585.0,1187.0,1779.0,NO
datos_11077030,6.616666667,-76.75,1974-11-11,1974-11-11,1974-11-11,65.0,350.0,690.0,1237.0,1899.0,NO
datos_11077030,6.616666667,-76.75,1974-11-12,1974-11-12,1974-11-12,5.0,415.0,755.0,1217.0,1958.0,NO
datos_11077030,6.616666667,-76.75,1974-11-13,1974-11-13,1974-11-13,5.0,420.0,760.0,1202.0,1963.0,NO
datos_11077030,6.616666667,-76.75,1974-11-14,1974-11-14,1974-11-14,109.0,354.0,756.0,1152.0,1968.0,NO
datos_11077030,6.616666667,-76.75,1974-11-16,1974-11-16,1974-11-16,27.0,408.0,856.0,1216.0,2077.0,NO
datos_11077030,6.616666667,-76.75,1974-11-17,1974-11-17,1974-11-17,45.0,424.0,877.0,1238.0,2104.0,NO
datos_11077030,6.616666667,-76.75,1974-11-18,1974-11-18,1974-11-18,5.0,469.0,922.0,1235.0,2134.0,NO
datos_11077030,6.616666667,-76.75,1974-11-20,1974-11-20,1974-11-20,21.0,454.0,857.0,1240.0,2072.0,NO
datos_11077030,6.616666667,-76.75,1974-11-21,1974-11-21,1974-11-21,24.0,402.0,863.0,1261.0,2046.0,NO
datos_11077030,6.616666667,-76.75,1974-11-22,1974-11-22,1974-11-22,6.0,306.0,858.0,1280.0,2040.0,NO
datos_11077030,6.616666667,-76.75,1974-11-23,1974-11-23,1974-11-23,5.0,247.0,844.0,1265.0,2042.0,NO
datos_11077030,6.616666667,-76.75,1974-11-24,1974-11-24,1974-11-24,4.0,247.0,848.0,1270.0,2028.0,NO
datos_11077030,6.616666667,-76.75,1974-11-25,1974-11-25,1974-11-25,40.0,246.0,852.0,1245.0,2002.0,NO
datos_11077030,6.616666667,-76.75,1974-11-26,1974-11-26,1974-11-26,10.0,177.0,861.0,1285.0,1999.0,NO
datos_11077030,6.616666667,-76.75,1974-11-28,1974-11-28,1974-11-28,5.0,160.0,781.0,1245.0,2009.0,NO
datos_11077030,6.616666667,-76.75,1974-11-29,1974-11-29,1974-11-29,15.0,120.0,786.0,1195.0,1951.0,NO
datos_11077030,6.616666667,-76.75,1974-11-30,1974-11-30,1974-11-30,45.0,130.0,756.0,1205.0,1895.0,NO
datos_11077030,6.616666667,-76.75,1974-12-03,1974-12-03,1974-12-03,23.0,130.0,786.0,1229.0,1880.0,NO
datos_11077030,6.616666667,-76.75,1974-12-04,1974-12-04,1974-12-04,5.0,147.0,738.0,1240.0,1903.0,NO
datos_11077030,6.616666667,-76.75,1974-12-05,1974-12-05,1974-12-05,10.0,147.0,738.0,1245.0,1908.0,NO
datos_11077030,6.616666667,-76.75,1974-12-08,1974-12-08,1974-12-08,10.0,103.0,687.0,1191.0,1843.0,NO
datos_11077030,6.616666667,-76.75,1974-12-09,1974-12-09,1974-12-09,6.0,113.0,682.0,1201.0,1851.0,NO
datos_11077030,6.616666667,-76.75,1974-12-14,1974-12-14,1974-12-14,22.0,54.0,420.0,1171.0,1567.0,NO
datos_11077030,6.616666667,-76.75,1974-12-15,1974-12-15,1974-12-15,19.0,53.0,437.0,1193.0,1554.0,NO
datos_11077030,6.616666667,-76.75,1974-12-16,1974-12-16,1974-12-16,3.0,67.0,347.0,1203.0,1563.0,NO
datos_11077030,6.616666667,-76.75,1974-12-17,1974-12-17,1974-12-17,35.0,60.0,350.0,1200.0,1561.0,NO
datos_11077030,6.616666667,-76.75,1974-12-18,1974-12-18,1974-12-18,10.0,95.0,358.0,1235.0,1548.0,NO
datos_11077030,6.616666667,-76.75,1974-12-19,1974-12-19,1974-12-19,30.0,105.0,323.0,1215.0,1558.0,NO
datos_11077030,6.616666667,-76.75,1974-12-20,1974-12-20,1974-12-20,12.0,125.0,348.0,1205.0,1588.0,NO
datos_11077030,6.616666667,-76.75,1974-12-25,1974-12-25,1974-12-25,29.0,131.0,304.0,1152.0,1545.0,NO
datos_11077030,6.616666667,-76.75,1974-12-29,1974-12-29,1974-12-29,10.0,81.0,279.0,1060.0,1469.0,NO
datos_11077030,6.616666667,-76.75,1975-01-02,1975-01-02,1975-01-02,70.0,39.0,224.0,1010.0,1453.0,NO
datos_11077030,6.616666667,-76.75,1975-01-03,1975-01-03,1975-01-03,4.0,109.0,294.0,1009.0,1511.0,NO
datos_11077030,6.616666667,-76.75,1975-01-05,1975-01-05,1975-01-05,30.0,113.0,270.0,958.0,1495.0,NO
datos_11077030,6.616666667,-76.75,1975-01-10,1975-01-10,1975-01-10,15.0,104.0,274.0,884.0,1454.0,NO
datos_11077030,6.616666667,-76.75,1975-01-11,1975-01-11,1975-01-11,15.0,119.0,289.0,779.0,1469.0,NO
datos_11077030,6.616666667,-76.75,1975-01-16,1975-01-16,1975-01-16,110.0,60.0,263.0,610.0,1460.0,NO
datos_11077030,6.616666667,-76.75,1975-01-20,1975-01-20,1975-01-20,10.0,140.0,295.0,643.0,1485.0,NO
datos_11077030,6.616666667,-76.75,1975-01-21,1975-01-21,1975-01-21,4.0,150.0,293.0,632.0,1466.0,NO
datos_11077030,6.616666667,-76.75,1975-01-22,1975-01-22,1975-01-22,80.0,139.0,297.0,612.0,1450.0,NO
datos_11077030,6.616666667,-76.75,1975-01-23,1975-01-23,1975-01-23,55.0,204.0,377.0,686.0,1529.0,NO
datos_11077030,6.616666667,-76.75,1975-01-24,1975-01-24,1975-01-24,38.0,259.0,432.0,736.0,1584.0,NO
datos_11077030,6.616666667,-76.75,1975-01-25,1975-01-25,1975-01-25,5.0,297.0,470.0,770.0,1591.0,NO
datos_11077030,6.616666667,-76.75,1975-01-26,1975-01-26,1975-01-26,1.0,302.0,446.0,735.0,1596.0,NO
datos_11077030,6.616666667,-76.75,1975-01-30,1975-01-30,1975-01-30,41.0,193.0,437.0,706.0,1447.0,NO
datos_11077030,6.616666667,-76.75,1975-01-31,1975-01-31,1975-01-31,22.0,234.0,478.0,702.0,1488.0,NO
datos_11077030,6.616666667,-76.75,1975-02-01,1975-02-01,1975-02-01,30.0,246.0,500.0,724.0,1510.0,NO
datos_11077030,6.616666667,-76.75,1975-02-03,1975-02-03,1975-02-03,5.0,192.0,460.0,731.0,1464.0,NO
datos_11077030,6.616666667,-76.75,1975-02-19,1975-02-19,1975-02-19,50.0,0.0,291.0,586.0,934.0,NO
datos_11077030,6.616666667,-76.75,1975-02-20,1975-02-20,1975-02-20,5.0,50.0,341.0,624.0,963.0,NO
datos_11077030,6.616666667,-76.75,1975-02-24,1975-02-24,1975-02-24,7.0,55.0,197.0,629.0,929.0,NO
datos_11077030,6.616666667,-76.75,1975-02-26,1975-02-26,1975-02-26,20.0,62.0,161.0,607.0,886.0,NO
datos_11077030,6.616666667,-76.75,1975-02-28,1975-02-28,1975-02-28,70.0,82.0,180.0,627.0,901.0,NO
datos_11077030,6.616666667,-76.75,1975-03-01,1975-03-01,1975-03-01,12.0,152.0,250.0,687.0,956.0,NO
datos_11077030,6.616666667,-76.75,1975-03-04,1975-03-04,1975-03-04,10.0,109.0,199.0,699.0,923.0,NO
datos_11077030,6.616666667,-76.75,1975-03-06,1975-03-06,1975-03-06,18.0,119.0,179.0,635.0,905.0,NO
datos_11077030,6.616666667,-76.75,1975-03-12,1975-03-12,1975-03-12,5.0,40.0,192.0,623.0,897.0,NO
datos_11077030,6.616666667,-76.75,1975-03-25,1975-03-25,1975-03-25,12.0,0.0,142.0,394.0,771.0,NO
datos_11077030,6.616666667,-76.75,1975-03-26,1975-03-26,1975-03-26,12.0,12.0,154.0,351.0,783.0,NO
datos_11077030,6.616666667,-76.75,1975-03-27,1975-03-27,1975-03-27,11.0,24.0,166.0,325.0,766.0,NO
datos_11077030,6.616666667,-76.75,1975-03-29,1975-03-29,1975-03-29,25.0,35.0,170.0,330.0,777.0,NO
datos_11077030,6.616666667,-76.75,1975-03-30,1975-03-30,1975-03-30,5.0,60.0,175.0,355.0,802.0,NO
datos_11077030,6.616666667,-76.75,1975-03-31,1975-03-31,1975-03-31,5.0,65.0,180.0,360.0,797.0,NO
datos_11077030,6.616666667,-76.75,1975-04-01,1975-04-01,1975-04-01,30.0,70.0,115.0,365.0,802.0,NO
datos_11077030,6.616666667,-76.75,1975-04-07,1975-04-07,1975-04-07,10.0,76.0,105.0,297.0,728.0,NO
datos_11077030,6.616666667,-76.75,1975-04-10,1975-04-10,1975-04-10,20.0,50.0,115.0,307.0,738.0,NO
datos_11077030,6.616666667,-76.75,1975-04-12,1975-04-12,1975-04-12,5.0,60.0,135.0,327.0,743.0,NO
datos_11077030,6.616666667,-76.75,1975-04-14,1975-04-14,1975-04-14,12.0,35.0,135.0,332.0,733.0,NO
datos_11077030,6.616666667,-76.75,1975-04-15,1975-04-15,1975-04-15,5.0,47.0,147.0,344.0,745.0,NO
datos_11077030,6.616666667,-76.75,1975-04-18,1975-04-18,1975-04-18,10.0,52.0,152.0,349.0,640.0,NO
datos_11077030,6.616666667,-76.75,1975-04-24,1975-04-24,1975-04-24,5.0,27.0,162.0,304.0,556.0,NO
datos_11077030,6.616666667,-76.75,1975-04-25,1975-04-25,1975-04-25,12.0,32.0,167.0,309.0,506.0,NO
datos_11077030,6.616666667,-76.75,1975-04-27,1975-04-27,1975-04-27,90.0,27.0,155.0,314.0,475.0,NO
datos_11077030,6.616666667,-76.75,1975-04-28,1975-04-28,1975-04-28,5.0,117.0,234.0,404.0,564.0,NO
datos_11077030,6.616666667,-76.75,1975-05-02,1975-05-02,1975-05-02,27.0,112.0,204.0,307.0,528.0,NO
datos_11077030,6.616666667,-76.75,1975-05-04,1975-05-04,1975-05-04,30.0,139.0,201.0,334.0,503.0,NO
datos_11077030,6.616666667,-76.75,1975-05-05,1975-05-05,1975-05-05,15.0,169.0,231.0,354.0,533.0,NO
datos_11077030,6.616666667,-76.75,1975-05-06,1975-05-06,1975-05-06,29.0,179.0,246.0,369.0,543.0,NO
datos_11077030,6.616666667,-76.75,1975-05-07,1975-05-07,1975-05-07,100.0,196.0,275.0,380.0,572.0,NO
datos_11077030,6.616666667,-76.75,1975-05-08,1975-05-08,1975-05-08,10.0,296.0,375.0,480.0,672.0,NO
datos_11077030,6.616666667,-76.75,1975-05-10,1975-05-10,1975-05-10,12.0,211.0,375.0,490.0,682.0,NO
datos_11077030,6.616666667,-76.75,1975-05-11,1975-05-11,1975-05-11,48.0,223.0,387.0,502.0,694.0,NO
datos_11077030,6.616666667,-76.75,1975-05-12,1975-05-12,1975-05-12,38.0,271.0,415.0,550.0,742.0,NO
datos_11077030,6.616666667,-76.75,1975-05-13,1975-05-13,1975-05-13,20.0,309.0,453.0,583.0,780.0,NO
datos_11077030,6.616666667,-76.75,1975-05-14,1975-05-14,1975-05-14,10.0,302.0,468.0,603.0,800.0,NO
datos_11077030,6.616666667,-76.75,1975-05-15,1975-05-15,1975-05-15,90.0,312.0,478.0,613.0,810.0,NO
datos_11077030,6.616666667,-76.75,1975-05-20,1975-05-20,1975-05-20,28.0,218.0,541.0,703.0,900.0,NO
datos_11077030,6.616666667,-76.75,1975-05-21,1975-05-21,1975-05-21,55.0,246.0,569.0,731.0,928.0,NO
datos_11077030,6.616666667,-76.75,1975-05-23,1975-05-23,1975-05-23,15.0,241.0,624.0,786.0,928.0,NO
datos_11077030,6.616666667,-76.75,1975-05-24,1975-05-24,1975-05-24,28.0,218.0,639.0,801.0,943.0,NO
datos_11077030,6.616666667,-76.75,1975-05-25,1975-05-25,1975-05-25,56.0,226.0,667.0,829.0,971.0,NO
datos_11077030,6.616666667,-76.75,1975-05-26,1975-05-26,1975-05-26,6.0,272.0,718.0,873.0,1027.0,NO
datos_11077030,6.616666667,-76.75,1975-05-28,1975-05-28,1975-05-28,65.0,188.0,712.0,856.0,1026.0,NO
datos_11077030,6.616666667,-76.75,1975-05-29,1975-05-29,1975-05-29,100.0,253.0,687.0,921.0,1071.0,NO
datos_11077030,6.616666667,-76.75,1975-06-02,1975-06-02,1975-06-02,14.0,270.0,782.0,956.0,1089.0,NO
datos_11077030,6.616666667,-76.75,1975-06-03,1975-06-03,1975-06-03,28.0,284.0,769.0,970.0,1103.0,NO
datos_11077030,6.616666667,-76.75,1975-06-04,1975-06-04,1975-06-04,7.0,297.0,797.0,998.0,1121.0,NO
datos_11077030,6.616666667,-76.75,1975-06-06,1975-06-06,1975-06-06,30.0,220.0,759.0,1005.0,1110.0,NO
datos_11077030,6.616666667,-76.75,1975-06-07,1975-06-07,1975-06-07,16.0,244.0,760.0,1035.0,1140.0,NO
datos_11077030,6.616666667,-76.75,1975-06-14,1975-06-14,1975-06-14,50.0,81.0,548.0,1016.0,1151.0,NO
datos_11077030,6.616666667,-76.75,1975-06-15,1975-06-15,1975-06-15,40.0,103.0,588.0,1054.0,1201.0,NO
datos_11077030,6.616666667,-76.75,1975-06-17,1975-06-17,1975-06-17,10.0,136.0,538.0,1089.0,1241.0,NO
datos_11077030,6.616666667,-76.75,1975-06-18,1975-06-18,1975-06-18,55.0,116.0,548.0,1099.0,1251.0,NO
datos_11077030,6.616666667,-76.75,1975-06-19,1975-06-19,1975-06-19,20.0,155.0,603.0,1144.0,1306.0,NO
datos_11077030,6.616666667,-76.75,1975-06-20,1975-06-20,1975-06-20,20.0,175.0,623.0,1164.0,1326.0,NO
datos_11077030,6.616666667,-76.75,1975-06-23,1975-06-23,1975-06-23,80.0,195.0,560.0,1184.0,1346.0,NO
datos_11077030,6.616666667,-76.75,1975-06-27,1975-06-27,1975-06-27,54.0,185.0,535.0,1247.0,1391.0,NO
datos_11077030,6.616666667,-76.75,1975-06-28,1975-06-28,1975-06-28,20.0,239.0,589.0,1211.0,1445.0,NO
datos_11077030,6.616666667,-76.75,1975-06-29,1975-06-29,1975-06-29,130.0,249.0,544.0,1226.0,1440.0,NO
datos_11077030,6.616666667,-76.75,1975-06-30,1975-06-30,1975-06-30,50.0,324.0,574.0,1356.0,1565.0,NO
datos_11077030,6.616666667,-76.75,1975-07-04,1975-07-04,1975-07-04,95.0,334.0,610.0,1379.0,1580.0,NO
datos_11077030,6.616666667,-76.75,1975-07-06,1975-07-06,1975-07-06,73.0,349.0,670.0,1429.0,1675.0,NO
datos_11077030,6.616666667,-76.75,1975-07-07,1975-07-07,1975-07-07,5.0,422.0,743.0,1473.0,1748.0,NO
datos_11077030,6.616666667,-76.75,1975-07-08,1975-07-08,1975-07-08,10.0,427.0,718.0,1378.0,1743.0,NO
datos_11077030,6.616666667,-76.75,1975-07-09,1975-07-09,1975-07-09,25.0,383.0,712.0,1378.0,1753.0,NO
datos_11077030,6.616666667,-76.75,1975-07-10,1975-07-10,1975-07-10,58.0,388.0,737.0,1403.0,1778.0,NO
datos_11077030,6.616666667,-76.75,1975-07-11,1975-07-11,1975-07-11,85.0,316.0,795.0,1449.0,1816.0,NO
datos_11077030,6.616666667,-76.75,1975-07-16,1975-07-16,1975-07-16,10.0,256.0,830.0,1328.0,1879.0,NO
datos_11077030,6.616666667,-76.75,1975-07-19,1975-07-19,1975-07-19,21.0,188.0,790.0,1338.0,1879.0,NO
datos_11077030,6.616666667,-76.75,1975-07-20,1975-07-20,1975-07-20,11.0,199.0,756.0,1359.0,1900.0,NO
datos_11077030,6.616666667,-76.75,1975-07-23,1975-07-23,1975-07-23,30.0,42.0,727.0,1287.0,1911.0,NO
datos_11077030,6.616666667,-76.75,1975-07-24,1975-07-24,1975-07-24,69.0,72.0,757.0,1302.0,1941.0,NO
datos_11077030,6.616666667,-76.75,1975-07-25,1975-07-25,1975-07-25,10.0,141.0,746.0,1343.0,2005.0,NO
datos_11077030,6.616666667,-76.75,1975-07-26,1975-07-26,1975-07-26,19.0,151.0,756.0,1297.0,2003.0,NO
datos_11077030,6.616666667,-76.75,1975-07-27,1975-07-27,1975-07-27,10.0,170.0,775.0,1310.0,2022.0,NO
datos_11077030,6.616666667,-76.75,1975-07-28,1975-07-28,1975-07-28,11.0,170.0,785.0,1320.0,1942.0,NO
datos_11077030,6.616666667,-76.75,1975-07-30,1975-07-30,1975-07-30,42.0,181.0,722.0,1166.0,1948.0,NO
datos_11077030,6.616666667,-76.75,1975-07-31,1975-07-31,1975-07-31,42.0,202.0,634.0,1208.0,1990.0,NO
datos_11077030,6.616666667,-76.75,1975-08-01,1975-08-01,1975-08-01,40.0,233.0,626.0,1250.0,2032.0,NO
datos_11077030,6.616666667,-76.75,1975-08-02,1975-08-02,1975-08-02,30.0,273.0,666.0,1290.0,2045.0,NO
datos_11077030,6.616666667,-76.75,1975-08-03,1975-08-03,1975-08-03,112.0,303.0,696.0,1306.0,2075.0,NO
datos_11077030,6.616666667,-76.75,1975-08-05,1975-08-05,1975-08-05,4.0,316.0,713.0,1383.0,2142.0,NO
datos_11077030,6.616666667,-76.75,1975-08-07,1975-08-07,1975-08-07,30.0,291.0,644.0,1357.0,2017.0,NO
datos_11077030,6.616666667,-76.75,1975-08-08,1975-08-08,1975-08-08,69.0,311.0,669.0,1371.0,2037.0,NO
datos_11077030,6.616666667,-76.75,1975-08-10,1975-08-10,1975-08-10,11.0,369.0,703.0,1440.0,2094.0,NO
datos_11077030,6.616666667,-76.75,1975-08-12,1975-08-12,1975-08-12,10.0,296.0,571.0,1451.0,2019.0,NO
datos_11077030,6.616666667,-76.75,1975-08-14,1975-08-14,1975-08-14,16.0,236.0,581.0,1461.0,1999.0,NO
datos_11077030,6.616666667,-76.75,1975-08-15,1975-08-15,1975-08-15,10.0,140.0,597.0,1427.0,1925.0,NO
datos_11077030,6.616666667,-76.75,1975-08-16,1975-08-16,1975-08-16,104.0,150.0,607.0,1397.0,1935.0,NO
datos_11077030,6.616666667,-76.75,1975-08-18,1975-08-18,1975-08-18,42.0,250.0,701.0,1491.0,2039.0,NO
datos_11077030,6.616666667,-76.75,1975-08-19,1975-08-19,1975-08-19,17.0,262.0,743.0,1478.0,2081.0,NO
datos_11077030,6.616666667,-76.75,1975-08-20,1975-08-20,1975-08-20,50.0,210.0,739.0,1475.0,2070.0,NO
datos_11077030,6.616666667,-76.75,1975-08-21,1975-08-21,1975-08-21,29.0,260.0,778.0,1505.0,2065.0,NO
datos_11077030,6.616666667,-76.75,1975-08-23,1975-08-23,1975-08-23,30.0,278.0,807.0,1534.0,2079.0,NO
datos_11077030,6.616666667,-76.75,1975-08-24,1975-08-24,1975-08-24,100.0,298.0,807.0,1484.0,2081.0,NO
datos_11077030,6.616666667,-76.75,1975-08-26,1975-08-26,1975-08-26,42.0,382.0,828.0,1584.0,2119.0,NO
datos_11077030,6.616666667,-76.75,1975-08-27,1975-08-27,1975-08-27,65.0,414.0,851.0,1626.0,2161.0,NO
datos_11077030,6.616666667,-76.75,1975-08-28,1975-08-28,1975-08-28,56.0,375.0,906.0,1637.0,2161.0,NO
datos_11077030,6.616666667,-76.75,1975-08-29,1975-08-29,1975-08-29,76.0,431.0,951.0,1673.0,2117.0,NO
datos_11077030,6.616666667,-76.75,1975-09-03,1975-09-03,1975-09-03,5.0,369.0,873.0,1569.0,2151.0,NO
datos_11077030,6.616666667,-76.75,1975-09-04,1975-09-04,1975-09-04,16.0,344.0,766.0,1479.0,2149.0,NO
datos_11077030,6.616666667,-76.75,1975-09-05,1975-09-05,1975-09-05,12.0,260.0,782.0,1495.0,2165.0,NO
datos_11077030,6.616666667,-76.75,1975-09-06,1975-09-06,1975-09-06,13.0,272.0,790.0,1434.0,2147.0,NO
datos_11077030,6.616666667,-76.75,1975-09-07,1975-09-07,1975-09-07,35.0,243.0,803.0,1442.0,2144.0,NO
datos_11077030,6.616666667,-76.75,1975-09-08,1975-09-08,1975-09-08,51.0,213.0,808.0,1467.0,2179.0,NO
datos_11077030,6.616666667,-76.75,1975-09-09,1975-09-09,1975-09-09,11.0,208.0,790.0,1493.0,2230.0,NO
datos_11077030,6.616666667,-76.75,1975-09-12,1975-09-12,1975-09-12,30.0,143.0,790.0,1361.0,2241.0,NO
datos_11077030,6.616666667,-76.75,1975-09-13,1975-09-13,1975-09-13,10.0,173.0,810.0,1391.0,2271.0,NO
datos_11077030,6.616666667,-76.75,1975-09-14,1975-09-14,1975-09-14,11.0,183.0,820.0,1401.0,2231.0,NO
datos_11077030,6.616666667,-76.75,1975-09-15,1975-09-15,1975-09-15,12.0,189.0,815.0,1412.0,2202.0,NO
datos_11077030,6.616666667,-76.75,1975-09-18,1975-09-18,1975-09-18,86.0,160.0,713.0,1414.0,2149.0,NO
datos_11077030,6.616666667,-76.75,1975-09-20,1975-09-20,1975-09-20,5.0,160.0,740.0,1468.0,2195.0,NO
datos_11077030,6.616666667,-76.75,1975-09-24,1975-09-24,1975-09-24,9.0,124.0,636.0,1374.0,2120.0,NO
datos_11077030,6.616666667,-76.75,1975-09-25,1975-09-25,1975-09-25,27.0,123.0,545.0,1373.0,2129.0,NO
datos_11077030,6.616666667,-76.75,1975-09-26,1975-09-26,1975-09-26,6.0,139.0,572.0,1381.0,2156.0,NO
datos_11077030,6.616666667,-76.75,1975-09-27,1975-09-27,1975-09-27,18.0,133.0,536.0,1377.0,2108.0,NO
datos_11077030,6.616666667,-76.75,1975-09-28,1975-09-28,1975-09-28,39.0,151.0,489.0,1384.0,2106.0,NO
datos_11077030,6.616666667,-76.75,1975-09-29,1975-09-29,1975-09-29,12.0,190.0,472.0,1423.0,2015.0,NO
datos_11077030,6.616666667,-76.75,1975-09-30,1975-09-30,1975-09-30,6.0,116.0,408.0,1393.0,1977.0,NO
datos_11077030,6.616666667,-76.75,1975-10-01,1975-10-01,1975-10-01,21.0,122.0,414.0,1357.0,1983.0,NO
datos_11077030,6.616666667,-76.75,1975-10-02,1975-10-02,1975-10-02,64.0,138.0,435.0,1338.0,2004.0,NO
datos_11077030,6.616666667,-76.75,1975-10-03,1975-10-03,1975-10-03,96.0,202.0,499.0,1372.0,2068.0,NO
datos_11077030,6.616666667,-76.75,1975-10-04,1975-10-04,1975-10-04,10.0,298.0,595.0,1356.0,2069.0,NO
datos_11077030,6.616666667,-76.75,1975-10-05,1975-10-05,1975-10-05,70.0,308.0,600.0,1366.0,2079.0,NO
datos_11077030,6.616666667,-76.75,1975-10-06,1975-10-06,1975-10-06,13.0,369.0,654.0,1432.0,2076.0,NO
datos_11077030,6.616666667,-76.75,1975-10-07,1975-10-07,1975-10-07,6.0,355.0,655.0,1445.0,2084.0,NO
datos_11077030,6.616666667,-76.75,1975-10-08,1975-10-08,1975-10-08,70.0,355.0,648.0,1421.0,2080.0,NO
datos_11077030,6.616666667,-76.75,1975-10-09,1975-10-09,1975-10-09,10.0,407.0,683.0,1422.0,2125.0,NO
datos_11077030,6.616666667,-76.75,1975-10-10,1975-10-10,1975-10-10,11.0,378.0,642.0,1432.0,2077.0,NO
datos_11077030,6.616666667,-76.75,1975-10-11,1975-10-11,1975-10-11,20.0,377.0,642.0,1432.0,2003.0,NO
datos_11077030,6.616666667,-76.75,1975-10-13,1975-10-13,1975-10-13,10.0,370.0,662.0,1442.0,2023.0,NO
datos_11077030,6.616666667,-76.75,1975-10-14,1975-10-14,1975-10-14,6.0,316.0,642.0,1452.0,2033.0,NO
datos_11077030,6.616666667,-76.75,1975-10-17,1975-10-17,1975-10-17,20.0,146.0,615.0,1328.0,2029.0,NO
datos_11077030,6.616666667,-76.75,1975-10-18,1975-10-18,1975-10-18,68.0,153.0,635.0,1348.0,2049.0,NO
datos_11077030,6.616666667,-76.75,1975-10-19,1975-10-19,1975-10-19,64.0,215.0,703.0,1374.0,2096.0,NO
datos_11077030,6.616666667,-76.75,1975-10-20,1975-10-20,1975-10-20,5.0,209.0,681.0,1421.0,2149.0,NO
datos_11077030,6.616666667,-76.75,1975-10-21,1975-10-21,1975-10-21,35.0,204.0,686.0,1376.0,2154.0,NO
datos_11077030,6.616666667,-76.75,1975-10-22,1975-10-22,1975-10-22,6.0,228.0,716.0,1382.0,2189.0,NO
datos_11077030,6.616666667,-76.75,1975-10-23,1975-10-23,1975-10-23,20.0,214.0,722.0,1388.0,2165.0,NO
datos_11077030,6.616666667,-76.75,1975-10-24,1975-10-24,1975-10-24,15.0,234.0,742.0,1378.0,2116.0,NO
datos_11077030,6.616666667,-76.75,1975-10-26,1975-10-26,1975-10-26,95.0,233.0,748.0,1293.0,2102.0,NO
datos_11077030,6.616666667,-76.75,1975-10-30,1975-10-30,1975-10-30,16.0,240.0,753.0,1149.0,2134.0,NO
datos_11077030,6.616666667,-76.75,1975-11-02,1975-11-02,1975-11-02,10.0,152.0,730.0,1165.0,2038.0,NO
datos_11077030,6.616666667,-76.75,1975-11-03,1975-11-03,1975-11-03,30.0,156.0,676.0,1175.0,1936.0,NO
datos_11077030,6.616666667,-76.75,1975-11-04,1975-11-04,1975-11-04,100.0,166.0,610.0,1200.0,1966.0,NO
datos_11077030,6.616666667,-76.75,1975-11-06,1975-11-06,1975-11-06,40.0,251.0,630.0,1272.0,2062.0,NO
datos_11077030,6.616666667,-76.75,1975-11-07,1975-11-07,1975-11-07,10.0,196.0,657.0,1299.0,2072.0,NO
datos_11077030,6.616666667,-76.75,1975-11-08,1975-11-08,1975-11-08,12.0,206.0,661.0,1274.0,2013.0,NO
datos_11077030,6.616666667,-76.75,1975-11-10,1975-11-10,1975-11-10,6.0,218.0,593.0,1224.0,2014.0,NO
datos_11077030,6.616666667,-76.75,1975-11-13,1975-11-13,1975-11-13,11.0,208.0,568.0,1200.0,2010.0,NO
datos_11077030,6.616666667,-76.75,1975-11-14,1975-11-14,1975-11-14,24.0,209.0,569.0,1201.0,2005.0,NO
datos_11077030,6.616666667,-76.75,1975-11-15,1975-11-15,1975-11-15,21.0,203.0,587.0,1214.0,2019.0,NO
datos_11077030,6.616666667,-76.75,1975-11-16,1975-11-16,1975-11-16,10.0,124.0,608.0,1223.0,1936.0,NO
datos_11077030,6.616666667,-76.75,1975-11-17,1975-11-17,1975-11-17,33.0,134.0,618.0,1233.0,1946.0,NO
datos_11077030,6.616666667,-76.75,1975-11-18,1975-11-18,1975-11-18,24.0,127.0,631.0,1266.0,1937.0,NO
datos_11077030,6.616666667,-76.75,1975-11-19,1975-11-19,1975-11-19,24.0,141.0,587.0,1204.0,1944.0,NO
datos_11077030,6.616666667,-76.75,1975-11-20,1975-11-20,1975-11-20,78.0,153.0,547.0,1228.0,1918.0,NO
datos_11077030,6.616666667,-76.75,1975-11-21,1975-11-21,1975-11-21,64.0,231.0,620.0,1301.0,1967.0,NO
datos_11077030,6.616666667,-76.75,1975-11-22,1975-11-22,1975-11-22,29.0,289.0,649.0,1365.0,2031.0,NO
datos_11077030,6.616666667,-76.75,1975-11-24,1975-11-24,1975-11-24,30.0,318.0,652.0,1394.0,1930.0,NO
datos_11077030,6.616666667,-76.75,1975-11-25,1975-11-25,1975-11-25,88.0,337.0,667.0,1415.0,1960.0,NO
datos_11077030,6.616666667,-76.75,1975-11-28,1975-11-28,1975-11-28,70.0,370.0,660.0,1452.0,1885.0,NO
datos_11077030,6.616666667,-76.75,1975-11-29,1975-11-29,1975-11-29,81.0,407.0,730.0,1483.0,1879.0,NO
datos_11077030,6.616666667,-76.75,1975-11-30,1975-11-30,1975-11-30,52.0,464.0,811.0,1552.0,1960.0,NO
datos_11077030,6.616666667,-76.75,1975-12-02,1975-12-02,1975-12-02,10.0,414.0,847.0,1577.0,2012.0,NO
datos_11077030,6.616666667,-76.75,1975-12-04,1975-12-04,1975-12-04,20.0,331.0,847.0,1427.0,2017.0,NO
datos_11077030,6.616666667,-76.75,1975-12-06,1975-12-06,1975-12-06,10.0,321.0,737.0,1367.0,2009.0,NO
datos_11077030,6.616666667,-76.75,1975-12-09,1975-12-09,1975-12-09,20.0,243.0,697.0,1288.0,1920.0,NO
datos_11077030,6.616666667,-76.75,1975-12-13,1975-12-13,1975-12-13,40.0,60.0,699.0,1267.0,1899.0,NO
datos_11077030,6.616666667,-76.75,1975-12-16,1975-12-16,1975-12-16,22.0,70.0,704.0,1291.0,1906.0,NO
datos_11077030,6.616666667,-76.75,1975-12-17,1975-12-17,1975-12-17,40.0,92.0,705.0,1313.0,1928.0,NO
datos_11077030,6.616666667,-76.75,1975-12-18,1975-12-18,1975-12-18,22.0,122.0,735.0,1333.0,1968.0,NO
datos_11077030,6.616666667,-76.75,1975-12-19,1975-12-19,1975-12-19,21.0,144.0,724.0,1287.0,1904.0,NO
datos_11077030,6.616666667,-76.75,1975-12-20,1975-12-20,1975-12-20,69.0,165.0,721.0,1244.0,1925.0,NO
datos_11077030,6.616666667,-76.75,1975-12-21,1975-12-21,1975-12-21,40.0,214.0,766.0,1308.0,1989.0,NO
datos_11077030,6.616666667,-76.75,1975-12-23,1975-12-23,1975-12-23,10.0,254.0,664.0,1307.0,2029.0,NO
datos_11077030,6.616666667,-76.75,1975-12-25,1975-12-25,1975-12-25,11.0,224.0,645.0,1282.0,2030.0,NO
datos_11077030,6.616666667,-76.75,1975-12-26,1975-12-26,1975-12-26,63.0,235.0,626.0,1293.0,2014.0,NO
datos_11077030,6.616666667,-76.75,1975-12-28,1975-12-28,1975-12-28,40.0,276.0,601.0,1261.0,2053.0,NO
datos_11077030,6.616666667,-76.75,1975-12-29,1975-12-29,1975-12-29,49.0,276.0,641.0,1301.0,2054.0,NO
datos_11077030,6.616666667,-76.75,1976-01-05,1976-01-05,1976-01-05,10.0,163.0,457.0,1194.0,1824.0,NO
datos_11077030,6.616666667,-76.75,1976-01-07,1976-01-07,1976-01-07,5.0,99.0,457.0,1164.0,1815.0,NO
datos_11077030,6.616666667,-76.75,1976-01-08,1976-01-08,1976-01-08,19.0,104.0,462.0,1159.0,1750.0,NO
datos_11077030,6.616666667,-76.75,1976-01-09,1976-01-09,1976-01-09,4.0,83.0,481.0,1166.0,1759.0,NO
datos_11077030,6.616666667,-76.75,1976-01-13,1976-01-13,1976-01-13,16.0,38.0,465.0,1164.0,1722.0,NO
datos_11077030,6.616666667,-76.75,1976-01-14,1976-01-14,1976-01-14,10.0,54.0,441.0,1169.0,1732.0,NO
datos_11077030,6.616666667,-76.75,1976-01-15,1976-01-15,1976-01-15,23.0,64.0,451.0,1155.0,1742.0,NO
datos_11077030,6.616666667,-76.75,1976-01-16,1976-01-16,1976-01-16,19.0,87.0,474.0,1157.0,1765.0,NO
datos_11077030,6.616666667,-76.75,1976-01-19,1976-01-19,1976-01-19,54.0,91.0,409.0,1109.0,1632.0,NO
datos_11077030,6.616666667,-76.75,1976-01-20,1976-01-20,1976-01-20,44.0,126.0,442.0,1139.0,1681.0,NO
datos_11077030,6.616666667,-76.75,1976-01-26,1976-01-26,1976-01-26,29.0,140.0,356.0,894.0,1554.0,NO
datos_11077030,6.616666667,-76.75,1976-01-27,1976-01-27,1976-01-27,38.0,146.0,322.0,923.0,1583.0,NO
datos_11077030,6.616666667,-76.75,1976-01-28,1976-01-28,1976-01-28,12.0,165.0,360.0,961.0,1621.0,NO
datos_11077030,6.616666667,-76.75,1976-01-29,1976-01-29,1976-01-29,14.0,177.0,332.0,903.0,1633.0,NO
datos_11077030,6.616666667,-76.75,1976-02-04,1976-02-04,1976-02-04,55.0,93.0,297.0,754.0,1491.0,NO
datos_11077030,6.616666667,-76.75,1976-02-05,1976-02-05,1976-02-05,25.0,148.0,352.0,809.0,1546.0,NO
datos_11077030,6.616666667,-76.75,1976-02-06,1976-02-06,1976-02-06,10.0,173.0,367.0,824.0,1531.0,NO
datos_11077030,6.616666667,-76.75,1976-02-21,1976-02-21,1976-02-21,55.0,0.0,183.0,560.0,1224.0,NO
datos_11077030,6.616666667,-76.75,1976-02-22,1976-02-22,1976-02-22,32.0,55.0,238.0,615.0,1250.0,NO
datos_11077030,6.616666667,-76.75,1976-02-23,1976-02-23,1976-02-23,13.0,87.0,270.0,637.0,1282.0,NO
datos_11077030,6.616666667,-76.75,1976-02-28,1976-02-28,1976-02-28,7.0,100.0,216.0,536.0,1107.0,NO
datos_11077030,6.616666667,-76.75,1976-02-29,1976-02-29,1976-02-29,5.0,107.0,211.0,494.0,1033.0,NO
datos_11077030,6.616666667,-76.75,1976-03-02,1976-03-02,1976-03-02,12.0,112.0,202.0,499.0,986.0,NO
datos_11077030,6.616666667,-76.75,1976-03-13,1976-03-13,1976-03-13,5.0,12.0,124.0,473.0,938.0,NO
datos_11077030,6.616666667,-76.75,1976-03-21,1976-03-21,1976-03-21,12.0,5.0,129.0,356.0,729.0,NO
datos_11077030,6.616666667,-76.75,1976-04-08,1976-04-08,1976-04-08,49.0,0.0,17.0,141.0,513.0,NO
datos_11077030,6.616666667,-76.75,1976-04-09,1976-04-09,1976-04-09,10.0,49.0,66.0,190.0,543.0,NO
datos_11077030,6.616666667,-76.75,1976-04-21,1976-04-21,1976-04-21,1.0,0.0,71.0,200.0,383.0,NO
datos_11077030,6.616666667,-76.75,1976-04-23,1976-04-23,1976-04-23,33.0,1.0,60.0,146.0,384.0,NO
datos_11077030,6.616666667,-76.75,1976-04-24,1976-04-24,1976-04-24,33.0,34.0,93.0,147.0,417.0,NO
datos_11077030,6.616666667,-76.75,1976-04-25,1976-04-25,1976-04-25,34.0,67.0,126.0,167.0,450.0,NO
datos_11077030,6.616666667,-76.75,1976-04-26,1976-04-26,1976-04-26,5.0,101.0,160.0,201.0,484.0,NO
datos_11077030,6.616666667,-76.75,1976-04-27,1976-04-27,1976-04-27,67.0,106.0,165.0,206.0,460.0,NO
datos_11077030,6.616666667,-76.75,1976-04-28,1976-04-28,1976-04-28,66.0,173.0,232.0,273.0,489.0,NO
datos_11077030,6.616666667,-76.75,1976-04-29,1976-04-29,1976-04-29,35.0,239.0,298.0,339.0,543.0,NO
datos_11077030,6.616666667,-76.75,1976-04-30,1976-04-30,1976-04-30,45.0,274.0,333.0,367.0,564.0,NO
datos_11077030,6.616666667,-76.75,1976-05-01,1976-05-01,1976-05-01,5.0,319.0,378.0,407.0,609.0,NO
datos_11077030,6.616666667,-76.75,1976-05-02,1976-05-02,1976-05-02,21.0,324.0,383.0,412.0,614.0,NO
datos_11077030,6.616666667,-76.75,1976-05-03,1976-05-03,1976-05-03,20.0,344.0,404.0,421.0,635.0,NO
datos_11077030,6.616666667,-76.75,1976-05-04,1976-05-04,1976-05-04,4.0,364.0,424.0,441.0,655.0,NO
datos_11077030,6.616666667,-76.75,1976-05-05,1976-05-05,1976-05-05,33.0,335.0,428.0,445.0,659.0,NO
datos_11077030,6.616666667,-76.75,1976-05-06,1976-05-06,1976-05-06,10.0,335.0,461.0,478.0,637.0,NO
datos_11077030,6.616666667,-76.75,1976-05-11,1976-05-11,1976-05-11,5.0,138.0,412.0,488.0,612.0,NO
datos_11077030,6.616666667,-76.75,1976-05-12,1976-05-12,1976-05-12,18.0,98.0,417.0,493.0,617.0,NO
datos_11077030,6.616666667,-76.75,1976-05-13,1976-05-13,1976-05-13,16.0,111.0,435.0,511.0,635.0,NO
datos_11077030,6.616666667,-76.75,1976-05-14,1976-05-14,1976-05-14,8.0,106.0,451.0,522.0,651.0,NO
datos_11077030,6.616666667,-76.75,1976-05-15,1976-05-15,1976-05-15,40.0,94.0,459.0,530.0,659.0,NO
datos_11077030,6.616666667,-76.75,1976-05-16,1976-05-16,1976-05-16,58.0,130.0,499.0,570.0,699.0,NO
datos_11077030,6.616666667,-76.75,1976-05-20,1976-05-20,1976-05-20,10.0,145.0,557.0,628.0,757.0,NO
datos_11077030,6.616666667,-76.75,1976-05-21,1976-05-21,1976-05-21,5.0,155.0,567.0,638.0,767.0,NO
datos_11077030,6.616666667,-76.75,1976-05-22,1976-05-22,1976-05-22,45.0,160.0,572.0,631.0,772.0,NO
datos_11077030,6.616666667,-76.75,1976-05-27,1976-05-27,1976-05-27,10.0,118.0,516.0,676.0,717.0,NO
datos_11077030,6.616666667,-76.75,1976-05-29,1976-05-29,1976-05-29,12.0,70.0,454.0,686.0,727.0,NO
datos_11077030,6.616666667,-76.75,1976-05-30,1976-05-30,1976-05-30,12.0,82.0,400.0,698.0,732.0,NO
datos_11077030,6.616666667,-76.75,1976-06-01,1976-06-01,1976-06-01,26.0,84.0,332.0,710.0,739.0,NO
datos_11077030,6.616666667,-76.75,1976-06-02,1976-06-02,1976-06-02,12.0,105.0,353.0,736.0,753.0,NO
datos_11077030,6.616666667,-76.75,1976-06-03,1976-06-03,1976-06-03,44.0,72.0,344.0,748.0,765.0,NO
datos_11077030,6.616666667,-76.75,1976-06-04,1976-06-04,1976-06-04,3.0,116.0,368.0,792.0,809.0,NO
datos_11077030,6.616666667,-76.75,1976-06-06,1976-06-06,1976-06-06,30.0,119.0,334.0,795.0,812.0,NO
datos_11077030,6.616666667,-76.75,1976-06-07,1976-06-07,1976-06-07,4.0,149.0,354.0,825.0,842.0,NO
datos_11077030,6.616666667,-76.75,1976-06-08,1976-06-08,1976-06-08,5.0,143.0,358.0,829.0,846.0,NO
datos_11077030,6.616666667,-76.75,1976-06-09,1976-06-09,1976-06-09,49.0,148.0,363.0,785.0,851.0,NO
datos_11077030,6.616666667,-76.75,1976-06-10,1976-06-10,1976-06-10,1.0,185.0,412.0,824.0,900.0,NO
datos_11077030,6.616666667,-76.75,1976-06-11,1976-06-11,1976-06-11,10.0,174.0,413.0,825.0,901.0,NO
datos_11077030,6.616666667,-76.75,1976-06-13,1976-06-13,1976-06-13,60.0,158.0,400.0,835.0,906.0,NO
datos_11077030,6.616666667,-76.75,1976-06-16,1976-06-16,1976-06-16,65.0,159.0,396.0,895.0,966.0,NO
datos_11077030,6.616666667,-76.75,1976-06-18,1976-06-18,1976-06-18,25.0,194.0,403.0,960.0,1031.0,NO
datos_11077030,6.616666667,-76.75,1976-06-20,1976-06-20,1976-06-20,3.0,210.0,428.0,985.0,1056.0,NO
datos_11077030,6.616666667,-76.75,1976-06-21,1976-06-21,1976-06-21,10.0,164.0,421.0,988.0,1047.0,NO
datos_11077030,6.616666667,-76.75,1976-06-24,1976-06-24,1976-06-24,13.0,163.0,381.0,964.0,1057.0,NO
datos_11077030,6.616666667,-76.75,1976-06-26,1976-06-26,1976-06-26,30.0,116.0,394.0,910.0,1070.0,NO
datos_11077030,6.616666667,-76.75,1976-06-27,1976-06-27,1976-06-27,18.0,146.0,424.0,935.0,1100.0,NO
datos_11077030,6.616666667,-76.75,1976-06-28,1976-06-28,1976-06-28,18.0,99.0,432.0,886.0,1118.0,NO
datos_11077030,6.616666667,-76.75,1976-07-01,1976-07-01,1976-07-01,2.0,92.0,426.0,758.0,1136.0,NO
datos_11077030,6.616666667,-76.75,1976-07-03,1976-07-03,1976-07-03,5.0,81.0,402.0,734.0,1138.0,NO
datos_11077030,6.616666667,-76.75,1976-07-04,1976-07-04,1976-07-04,66.0,86.0,395.0,719.0,1143.0,NO
datos_11077030,6.616666667,-76.75,1976-07-05,1976-07-05,1976-07-05,5.0,152.0,417.0,781.0,1209.0,NO
datos_11077030,6.616666667,-76.75,1976-07-06,1976-07-06,1976-07-06,1.0,144.0,419.0,753.0,1214.0,NO
datos_11077030,6.616666667,-76.75,1976-07-08,1976-07-08,1976-07-08,24.0,115.0,390.0,744.0,1215.0,NO
datos_11077030,6.616666667,-76.75,1976-07-09,1976-07-09,1976-07-09,24.0,121.0,410.0,768.0,1190.0,NO
datos_11077030,6.616666667,-76.75,1976-07-10,1976-07-10,1976-07-10,10.0,127.0,429.0,792.0,1204.0,NO
datos_11077030,6.616666667,-76.75,1976-07-11,1976-07-11,1976-07-11,39.0,137.0,390.0,802.0,1214.0,NO
datos_11077030,6.616666667,-76.75,1976-07-12,1976-07-12,1976-07-12,26.0,176.0,428.0,836.0,1253.0,NO
datos_11077030,6.616666667,-76.75,1976-07-16,1976-07-16,1976-07-16,5.0,129.0,384.0,780.0,1279.0,NO
datos_11077030,6.616666667,-76.75,1976-07-17,1976-07-17,1976-07-17,5.0,129.0,389.0,727.0,1284.0,NO
datos_11077030,6.616666667,-76.75,1976-07-18,1976-07-18,1976-07-18,5.0,133.0,329.0,732.0,1289.0,NO
datos_11077030,6.616666667,-76.75,1976-07-19,1976-07-19,1976-07-19,80.0,138.0,334.0,737.0,1294.0,NO
datos_11077030,6.616666667,-76.75,1976-07-21,1976-07-21,1976-07-21,22.0,170.0,389.0,807.0,1374.0,NO
datos_11077030,6.616666667,-76.75,1976-07-24,1976-07-24,1976-07-24,6.0,117.0,398.0,779.0,1362.0,NO
datos_11077030,6.616666667,-76.75,1976-07-25,1976-07-25,1976-07-25,26.0,123.0,404.0,785.0,1335.0,NO
datos_11077030,6.616666667,-76.75,1976-08-01,1976-08-01,1976-08-01,19.0,54.0,351.0,777.0,1104.0,NO
datos_11077030,6.616666667,-76.75,1976-08-02,1976-08-02,1976-08-02,20.0,51.0,368.0,770.0,1102.0,NO
datos_11077030,6.616666667,-76.75,1976-08-03,1976-08-03,1976-08-03,11.0,71.0,388.0,778.0,1102.0,NO
datos_11077030,6.616666667,-76.75,1976-08-07,1976-08-07,1976-08-07,2.0,50.0,322.0,712.0,1066.0,NO
datos_11077030,6.616666667,-76.75,1976-08-08,1976-08-08,1976-08-08,40.0,52.0,324.0,710.0,1068.0,NO
datos_11077030,6.616666667,-76.75,1976-08-10,1976-08-10,1976-08-10,38.0,92.0,316.0,696.0,1108.0,NO
datos_11077030,6.616666667,-76.75,1976-08-11,1976-08-11,1976-08-11,94.0,130.0,344.0,733.0,1141.0,NO
datos_11077030,6.616666667,-76.75,1976-08-14,1976-08-14,1976-08-14,5.0,185.0,373.0,757.0,1193.0,NO
datos_11077030,6.616666667,-76.75,1976-08-15,1976-08-15,1976-08-15,9.0,179.0,378.0,762.0,1158.0,NO
datos_11077030,6.616666667,-76.75,1976-08-16,1976-08-16,1976-08-16,10.0,188.0,387.0,771.0,1109.0,NO
datos_11077030,6.616666667,-76.75,1976-08-17,1976-08-17,1976-08-17,25.0,198.0,392.0,716.0,1119.0,NO
datos_11077030,6.616666667,-76.75,1976-08-18,1976-08-18,1976-08-18,35.0,223.0,412.0,741.0,1144.0,NO
datos_11077030,6.616666667,-76.75,1976-08-21,1976-08-21,1976-08-21,70.0,216.0,362.0,748.0,1164.0,NO
datos_11077030,6.616666667,-76.75,1976-08-22,1976-08-22,1976-08-22,10.0,248.0,410.0,808.0,1189.0,NO
datos_11077030,6.616666667,-76.75,1976-08-23,1976-08-23,1976-08-23,10.0,164.0,420.0,818.0,1199.0,NO
datos_11077030,6.616666667,-76.75,1976-08-24,1976-08-24,1976-08-24,60.0,174.0,430.0,828.0,1209.0,NO
datos_11077030,6.616666667,-76.75,1976-08-25,1976-08-25,1976-08-25,91.0,234.0,484.0,875.0,1269.0,NO
datos_11077030,6.616666667,-76.75,1976-08-26,1976-08-26,1976-08-26,5.0,320.0,549.0,966.0,1360.0,NO
datos_11077030,6.616666667,-76.75,1976-08-27,1976-08-27,1976-08-27,5.0,316.0,554.0,941.0,1355.0,NO
datos_11077030,6.616666667,-76.75,1976-08-29,1976-08-29,1976-08-29,5.0,286.0,559.0,910.0,1348.0,NO
datos_11077030,6.616666667,-76.75,1976-08-31,1976-08-31,1976-08-31,101.0,256.0,564.0,915.0,1341.0,NO
datos_11077030,6.616666667,-76.75,1976-09-01,1976-09-01,1976-09-01,57.0,357.0,665.0,1014.0,1416.0,NO
datos_11077030,6.616666667,-76.75,1976-09-02,1976-09-02,1976-09-02,10.0,344.0,703.0,1071.0,1461.0,NO
datos_11077030,6.616666667,-76.75,1976-09-04,1976-09-04,1976-09-04,40.0,334.0,682.0,1010.0,1424.0,NO
datos_11077030,6.616666667,-76.75,1976-09-05,1976-09-05,1976-09-05,5.0,314.0,722.0,1045.0,1464.0,NO
datos_11077030,6.616666667,-76.75,1976-09-07,1976-09-07,1976-09-07,100.0,223.0,727.0,1049.0,1435.0,NO
datos_11077030,6.616666667,-76.75,1976-09-09,1976-09-09,1976-09-09,19.0,318.0,785.0,1101.0,1481.0,NO
datos_11077030,6.616666667,-76.75,1976-09-12,1976-09-12,1976-09-12,11.0,231.0,672.0,1045.0,1489.0,NO
datos_11077030,6.616666667,-76.75,1976-09-13,1976-09-13,1976-09-13,20.0,185.0,683.0,1056.0,1440.0,NO
datos_11077030,6.616666667,-76.75,1976-09-14,1976-09-14,1976-09-14,30.0,195.0,703.0,1076.0,1460.0,NO
datos_11077030,6.616666667,-76.75,1976-09-15,1976-09-15,1976-09-15,12.0,225.0,728.0,1106.0,1490.0,NO
datos_11077030,6.616666667,-76.75,1976-09-16,1976-09-16,1976-09-16,6.0,197.0,731.0,1113.0,1437.0,NO
datos_11077030,6.616666667,-76.75,1976-09-18,1976-09-18,1976-09-18,7.0,198.0,702.0,1109.0,1418.0,NO
datos_11077030,6.616666667,-76.75,1976-09-21,1976-09-21,1976-09-21,10.0,86.0,674.0,1014.0,1412.0,NO
datos_11077030,6.616666667,-76.75,1976-09-22,1976-09-22,1976-09-22,10.0,96.0,614.0,1024.0,1422.0,NO
datos_11077030,6.616666667,-76.75,1976-09-24,1976-09-24,1976-09-24,50.0,95.0,604.0,1028.0,1419.0,NO
datos_11077030,6.616666667,-76.75,1976-09-25,1976-09-25,1976-09-25,15.0,125.0,594.0,1052.0,1469.0,NO
datos_11077030,6.616666667,-76.75,1976-09-26,1976-09-26,1976-09-26,75.0,110.0,518.0,1067.0,1454.0,NO
datos_11077030,6.616666667,-76.75,1976-09-28,1976-09-28,1976-09-28,9.0,167.0,583.0,1142.0,1493.0,NO
datos_11077030,6.616666667,-76.75,1976-10-01,1976-10-01,1976-10-01,5.0,169.0,587.0,1151.0,1500.0,NO
datos_11077030,6.616666667,-76.75,1976-10-02,1976-10-02,1976-10-02,103.0,174.0,491.0,1137.0,1505.0,NO
datos_11077030,6.616666667,-76.75,1976-10-03,1976-10-03,1976-10-03,5.0,267.0,537.0,1220.0,1603.0,NO
datos_11077030,6.616666667,-76.75,1976-10-07,1976-10-07,1976-10-07,17.0,197.0,487.0,1214.0,1536.0,NO
datos_11077030,6.616666667,-76.75,1976-10-08,1976-10-08,1976-10-08,36.0,139.0,504.0,1229.0,1529.0,NO
datos_11077030,6.616666667,-76.75,1976-10-13,1976-10-13,1976-10-13,30.0,161.0,421.0,1093.0,1466.0,NO
datos_11077030,6.616666667,-76.75,1976-10-14,1976-10-14,1976-10-14,20.0,88.0,440.0,1123.0,1496.0,NO
datos_11077030,6.616666667,-76.75,1976-10-15,1976-10-15,1976-10-15,100.0,103.0,440.0,1138.0,1516.0,NO
datos_11077030,6.616666667,-76.75,1976-10-18,1976-10-18,1976-10-18,7.0,203.0,492.0,1194.0,1601.0,NO
datos_11077030,6.616666667,-76.75,1976-10-19,1976-10-19,1976-10-19,6.0,193.0,499.0,1166.0,1528.0,NO
datos_11077030,6.616666667,-76.75,1976-10-20,1976-10-20,1976-10-20,55.0,163.0,498.0,1172.0,1534.0,NO
datos_11077030,6.616666667,-76.75,1976-10-22,1976-10-22,1976-10-22,24.0,218.0,553.0,1157.0,1567.0,NO
datos_11077030,6.616666667,-76.75,1976-10-23,1976-10-23,1976-10-23,3.0,242.0,567.0,1171.0,1591.0,NO
datos_11077030,6.616666667,-76.75,1976-10-24,1976-10-24,1976-10-24,18.0,245.0,560.0,1164.0,1588.0,NO
datos_11077030,6.616666667,-76.75,1976-10-25,1976-10-25,1976-10-25,13.0,233.0,578.0,1122.0,1580.0,NO
datos_11077030,6.616666667,-76.75,1976-10-26,1976-10-26,1976-10-26,10.0,226.0,541.0,1044.0,1593.0,NO
datos_11077030,6.616666667,-76.75,1976-10-27,1976-10-27,1976-10-27,3.0,136.0,536.0,1049.0,1603.0,NO
datos_11077030,6.616666667,-76.75,1976-10-28,1976-10-28,1976-10-28,2.0,139.0,464.0,1047.0,1606.0,NO
datos_11077030,6.616666667,-76.75,1976-11-02,1976-11-02,1976-11-02,58.0,73.0,452.0,886.0,1569.0,NO
datos_11077030,6.616666667,-76.75,1976-11-03,1976-11-03,1976-11-03,5.0,107.0,407.0,934.0,1616.0,NO
datos_11077030,6.616666667,-76.75,1976-11-04,1976-11-04,1976-11-04,12.0,109.0,407.0,939.0,1621.0,NO
datos_11077030,6.616666667,-76.75,1976-11-05,1976-11-05,1976-11-05,105.0,103.0,419.0,911.0,1633.0,NO
datos_11077030,6.616666667,-76.75,1976-11-08,1976-11-08,1976-11-08,5.0,182.0,507.0,911.0,1696.0,NO
datos_11077030,6.616666667,-76.75,1976-11-09,1976-11-09,1976-11-09,95.0,185.0,476.0,916.0,1701.0,NO
datos_11077030,6.616666667,-76.75,1976-11-10,1976-11-10,1976-11-10,5.0,280.0,571.0,992.0,1758.0,NO
datos_11077030,6.616666667,-76.75,1976-11-11,1976-11-11,1976-11-11,30.0,285.0,576.0,997.0,1669.0,NO
datos_11077030,6.616666667,-76.75,1976-11-12,1976-11-12,1976-11-12,5.0,315.0,606.0,1027.0,1699.0,NO
datos_11077030,6.616666667,-76.75,1976-11-13,1976-11-13,1976-11-13,5.0,320.0,611.0,1021.0,1704.0,NO
datos_11077030,6.616666667,-76.75,1976-11-14,1976-11-14,1976-11-14,34.0,267.0,586.0,1006.0,1704.0,NO
datos_11077030,6.616666667,-76.75,1976-11-15,1976-11-15,1976-11-15,22.0,296.0,600.0,1010.0,1729.0,NO
datos_11077030,6.616666667,-76.75,1976-11-16,1976-11-16,1976-11-16,10.0,306.0,522.0,1020.0,1741.0,NO
datos_11077030,6.616666667,-76.75,1976-11-17,1976-11-17,1976-11-17,12.0,211.0,532.0,1024.0,1726.0,NO
datos_11077030,6.616666667,-76.75,1976-11-24,1976-11-24,1976-11-24,15.0,83.0,449.0,1009.0,1553.0,NO
datos_11077030,6.616666667,-76.75,1976-11-25,1976-11-25,1976-11-25,2.0,93.0,446.0,974.0,1477.0,NO
datos_11077030,6.616666667,-76.75,1976-11-27,1976-11-27,1976-11-27,22.0,39.0,425.0,886.0,1469.0,NO
datos_11077030,6.616666667,-76.75,1976-11-28,1976-11-28,1976-11-28,69.0,51.0,444.0,908.0,1491.0,NO
datos_11077030,6.616666667,-76.75,1976-11-30,1976-11-30,1976-11-30,79.0,108.0,511.0,968.0,1555.0,NO
datos_11077030,6.616666667,-76.75,1976-12-01,1976-12-01,1976-12-01,28.0,187.0,590.0,1047.0,1533.0,NO
datos_11077030,6.616666667,-76.75,1976-12-02,1976-12-02,1976-12-02,40.0,215.0,618.0,1070.0,1504.0,NO
datos_11077030,6.616666667,-76.75,1976-12-03,1976-12-03,1976-12-03,20.0,255.0,658.0,1007.0,1534.0,NO
datos_11077030,6.616666667,-76.75,1976-12-04,1976-12-04,1976-12-04,8.0,275.0,620.0,1022.0,1554.0,NO
datos_11077030,6.616666667,-76.75,1976-12-05,1976-12-05,1976-12-05,5.0,283.0,623.0,1030.0,1522.0,NO
datos_11077030,6.616666667,-76.75,1976-12-07,1976-12-07,1976-12-07,50.0,271.0,511.0,1035.0,1522.0,NO
datos_11077030,6.616666667,-76.75,1976-12-08,1976-12-08,1976-12-08,6.0,321.0,561.0,1068.0,1472.0,NO
datos_11077030,6.616666667,-76.75,1976-12-12,1976-12-12,1976-12-12,10.0,157.0,462.0,1038.0,1459.0,NO
datos_11077030,6.616666667,-76.75,1976-12-13,1976-12-13,1976-12-13,1.0,139.0,442.0,1048.0,1458.0,NO
datos_11077030,6.616666667,-76.75,1976-12-14,1976-12-14,1976-12-14,3.0,100.0,438.0,1019.0,1439.0,NO
datos_11077030,6.616666667,-76.75,1976-12-15,1976-12-15,1976-12-15,40.0,83.0,436.0,1002.0,1412.0,NO
datos_11077030,6.616666667,-76.75,1976-12-17,1976-12-17,1976-12-17,70.0,110.0,420.0,942.0,1434.0,NO
datos_11077030,6.616666667,-76.75,1976-12-18,1976-12-18,1976-12-18,10.0,180.0,480.0,1012.0,1504.0,NO
datos_11077030,6.616666667,-76.75,1976-12-19,1976-12-19,1976-12-19,50.0,140.0,478.0,1015.0,1507.0,NO
datos_11077030,6.616666667,-76.75,1976-12-28,1976-12-28,1976-12-28,2.0,130.0,511.0,933.0,1397.0,NO
datos_11077030,6.616666667,-76.75,1977-01-12,1977-01-12,1977-01-12,5.0,0.0,186.0,618.0,1224.0,NO
datos_11077030,6.616666667,-76.75,1977-01-29,1977-01-29,1977-01-29,6.0,0.0,5.0,427.0,938.0,NO
datos_11077030,6.616666667,-76.75,1977-01-30,1977-01-30,1977-01-30,12.0,6.0,11.0,433.0,944.0,NO
datos_11077030,6.616666667,-76.75,1977-02-02,1977-02-02,1977-02-02,13.0,18.0,23.0,298.0,898.0,NO
datos_11077030,6.616666667,-76.75,1977-02-07,1977-02-07,1977-02-07,5.0,31.0,36.0,228.0,789.0,NO
datos_11077030,6.616666667,-76.75,1977-02-08,1977-02-08,1977-02-08,8.0,36.0,41.0,227.0,789.0,NO
datos_11077030,6.616666667,-76.75,1977-02-09,1977-02-09,1977-02-09,3.0,44.0,49.0,235.0,702.0,NO
datos_11077030,6.616666667,-76.75,1977-02-10,1977-02-10,1977-02-10,5.0,41.0,52.0,238.0,700.0,NO
datos_11077030,6.616666667,-76.75,1977-02-12,1977-02-12,1977-02-12,44.0,34.0,57.0,233.0,670.0,NO
datos_11077030,6.616666667,-76.75,1977-02-13,1977-02-13,1977-02-13,46.0,78.0,96.0,276.0,709.0,NO
datos_11077030,6.616666667,-76.75,1977-02-14,1977-02-14,1977-02-14,3.0,111.0,142.0,319.0,721.0,NO
datos_11077030,6.616666667,-76.75,1977-02-19,1977-02-19,1977-02-19,10.0,109.0,145.0,152.0,680.0,NO
datos_11077030,6.616666667,-76.75,1977-02-20,1977-02-20,1977-02-20,20.0,111.0,155.0,162.0,690.0,NO
datos_11077030,6.616666667,-76.75,1977-02-22,1977-02-22,1977-02-22,12.0,123.0,175.0,182.0,710.0,NO
datos_11077030,6.616666667,-76.75,1977-02-25,1977-02-25,1977-02-25,15.0,45.0,187.0,194.0,705.0,NO
datos_11077030,6.616666667,-76.75,1977-02-27,1977-02-27,1977-02-27,6.0,57.0,202.0,209.0,698.0,NO
datos_11077030,6.616666667,-76.75,1977-03-10,1977-03-10,1977-03-10,3.0,6.0,177.0,213.0,399.0,NO
datos_11077030,6.616666667,-76.75,1977-03-20,1977-03-20,1977-03-20,137.0,3.0,66.0,211.0,268.0,NO
datos_11077030,6.616666667,-76.75,1977-03-21,1977-03-21,1977-03-21,29.0,140.0,203.0,348.0,355.0,NO
datos_11077030,6.616666667,-76.75,1977-03-22,1977-03-22,1977-03-22,3.0,166.0,232.0,377.0,384.0,NO
datos_11077030,6.616666667,-76.75,1977-03-28,1977-03-28,1977-03-28,38.0,169.0,193.0,380.0,387.0,NO
datos_11077030,6.616666667,-76.75,1977-03-30,1977-03-30,1977-03-30,4.0,207.0,216.0,418.0,423.0,NO
datos_11077030,6.616666667,-76.75,1977-03-31,1977-03-31,1977-03-31,7.0,211.0,214.0,422.0,427.0,NO
datos_11077030,6.616666667,-76.75,1977-04-12,1977-04-12,1977-04-12,11.0,0.0,218.0,382.0,434.0,NO
datos_11077030,6.616666667,-76.75,1977-04-14,1977-04-14,1977-04-14,31.0,11.0,229.0,388.0,440.0,NO
datos_11077030,6.616666667,-76.75,1977-04-15,1977-04-15,1977-04-15,6.0,42.0,260.0,375.0,471.0,NO
datos_11077030,6.616666667,-76.75,1977-04-16,1977-04-16,1977-04-16,131.0,48.0,266.0,335.0,477.0,NO
datos_11077030,6.616666667,-76.75,1977-04-17,1977-04-17,1977-04-17,14.0,179.0,397.0,463.0,608.0,NO
datos_11077030,6.616666667,-76.75,1977-04-18,1977-04-18,1977-04-18,5.0,193.0,411.0,477.0,622.0,NO
datos_11077030,6.616666667,-76.75,1977-04-19,1977-04-19,1977-04-19,10.0,198.0,416.0,482.0,627.0,NO
datos_11077030,6.616666667,-76.75,1977-04-20,1977-04-20,1977-04-20,7.0,208.0,426.0,492.0,637.0,NO
datos_11077030,6.616666667,-76.75,1977-04-21,1977-04-21,1977-04-21,7.0,215.0,296.0,499.0,644.0,NO
datos_11077030,6.616666667,-76.75,1977-04-22,1977-04-22,1977-04-22,20.0,222.0,274.0,496.0,651.0,NO
datos_11077030,6.616666667,-76.75,1977-04-25,1977-04-25,1977-04-25,9.0,231.0,291.0,484.0,671.0,NO
datos_11077030,6.616666667,-76.75,1977-04-27,1977-04-27,1977-04-27,11.0,203.0,300.0,493.0,680.0,NO
datos_11077030,6.616666667,-76.75,1977-04-28,1977-04-28,1977-04-28,31.0,83.0,311.0,489.0,691.0,NO
datos_11077030,6.616666667,-76.75,1977-04-29,1977-04-29,1977-04-29,3.0,100.0,304.0,520.0,722.0,NO
datos_11077030,6.616666667,-76.75,1977-07-14,1977-07-14,1977-07-14,15.0,0.0,0.0,0.0,285.0,NO
datos_11077030,6.616666667,-76.75,1977-07-16,1977-07-16,1977-07-16,2.0,15.0,15.0,15.0,263.0,NO
datos_11077030,6.616666667,-76.75,1977-07-19,1977-07-19,1977-07-19,5.0,17.0,17.0,17.0,115.0,NO
datos_11077030,6.616666667,-76.75,1977-07-22,1977-07-22,1977-07-22,5.0,22.0,22.0,22.0,96.0,NO
datos_11077030,6.616666667,-76.75,1977-07-23,1977-07-23,1977-07-23,12.0,27.0,27.0,27.0,81.0,NO
datos_11077030,6.616666667,-76.75,1977-07-24,1977-07-24,1977-07-24,130.0,39.0,39.0,39.0,93.0,NO
datos_11077030,6.616666667,-76.75,1977-07-25,1977-07-25,1977-07-25,75.0,169.0,169.0,169.0,223.0,NO
datos_11077030,6.616666667,-76.75,1977-07-26,1977-07-26,1977-07-26,63.0,229.0,244.0,244.0,289.0,NO
datos_11077030,6.616666667,-76.75,1977-07-27,1977-07-27,1977-07-27,5.0,292.0,307.0,307.0,352.0,NO
datos_11077030,6.616666667,-76.75,1977-07-28,1977-07-28,1977-07-28,8.0,295.0,312.0,312.0,346.0,NO
datos_11077030,6.616666667,-76.75,1977-07-30,1977-07-30,1977-07-30,10.0,303.0,320.0,320.0,320.0,NO
datos_11077030,6.616666667,-76.75,1977-07-31,1977-07-31,1977-07-31,26.0,308.0,330.0,330.0,330.0,NO
datos_11077030,6.616666667,-76.75,1977-08-03,1977-08-03,1977-08-03,10.0,329.0,356.0,356.0,356.0,NO
datos_11077030,6.616666667,-76.75,1977-08-04,1977-08-04,1977-08-04,12.0,327.0,366.0,366.0,366.0,NO
datos_11077030,6.616666667,-76.75,1977-08-05,1977-08-05,1977-08-05,20.0,209.0,378.0,378.0,378.0,NO
datos_11077030,6.616666667,-76.75,1977-08-06,1977-08-06,1977-08-06,63.0,154.0,398.0,398.0,398.0,NO
datos_11077030,6.616666667,-76.75,1977-08-07,1977-08-07,1977-08-07,40.0,154.0,461.0,461.0,461.0,NO
datos_11077030,6.616666667,-76.75,1977-08-08,1977-08-08,1977-08-08,13.0,189.0,501.0,501.0,501.0,NO
datos_11077030,6.616666667,-76.75,1977-08-10,1977-08-10,1977-08-10,70.0,194.0,514.0,514.0,514.0,NO
datos_11077030,6.616666667,-76.75,1977-08-12,1977-08-12,1977-08-12,12.0,228.0,584.0,584.0,584.0,NO
datos_11077030,6.616666667,-76.75,1977-08-13,1977-08-13,1977-08-13,11.0,240.0,596.0,596.0,596.0,NO
datos_11077030,6.616666667,-76.75,1977-08-14,1977-08-14,1977-08-14,12.0,251.0,607.0,607.0,607.0,NO
datos_11077030,6.616666667,-76.75,1977-08-15,1977-08-15,1977-08-15,65.0,253.0,604.0,619.0,619.0,NO
datos_11077030,6.616666667,-76.75,1977-08-16,1977-08-16,1977-08-16,30.0,306.0,669.0,684.0,684.0,NO
datos_11077030,6.616666667,-76.75,1977-08-17,1977-08-17,1977-08-17,5.0,316.0,697.0,714.0,714.0,NO
datos_11077030,6.616666667,-76.75,1977-08-19,1977-08-19,1977-08-19,6.0,218.0,702.0,719.0,719.0,NO
datos_11077030,6.616666667,-76.75,1977-08-20,1977-08-20,1977-08-20,20.0,211.0,703.0,725.0,725.0,NO
datos_11077030,6.616666667,-76.75,1977-08-23,1977-08-23,1977-08-23,6.0,161.0,718.0,745.0,745.0,NO
datos_11077030,6.616666667,-76.75,1977-08-25,1977-08-25,1977-08-25,17.0,144.0,582.0,751.0,751.0,NO
datos_11077030,6.616666667,-76.75,1977-08-26,1977-08-26,1977-08-26,35.0,149.0,524.0,768.0,768.0,NO
datos_11077030,6.616666667,-76.75,1977-08-29,1977-08-29,1977-08-29,4.0,84.0,483.0,803.0,803.0,NO
datos_11077030,6.616666667,-76.75,1977-09-04,1977-09-04,1977-09-04,13.0,56.0,441.0,807.0,807.0,NO
datos_11077030,6.616666667,-76.75,1977-09-05,1977-09-05,1977-09-05,3.0,69.0,442.0,820.0,820.0,NO
datos_11077030,6.616666667,-76.75,1977-09-08,1977-09-08,1977-09-08,11.0,20.0,322.0,823.0,823.0,NO
datos_11077030,6.616666667,-76.75,1977-09-09,1977-09-09,1977-09-09,50.0,31.0,320.0,834.0,834.0,NO
datos_11077030,6.616666667,-76.75,1977-09-11,1977-09-11,1977-09-11,32.0,77.0,300.0,884.0,884.0,NO
datos_11077030,6.616666667,-76.75,1977-09-12,1977-09-12,1977-09-12,6.0,109.0,332.0,916.0,916.0,NO
datos_11077030,6.616666667,-76.75,1977-09-13,1977-09-13,1977-09-13,22.0,115.0,326.0,922.0,922.0,NO
datos_11077030,6.616666667,-76.75,1977-09-14,1977-09-14,1977-09-14,36.0,137.0,337.0,929.0,944.0,NO
datos_11077030,6.616666667,-76.75,1977-09-16,1977-09-16,1977-09-16,50.0,160.0,296.0,963.0,980.0,NO
datos_11077030,6.616666667,-76.75,1977-09-19,1977-09-19,1977-09-19,20.0,207.0,311.0,1008.0,1030.0,NO
datos_11077030,6.616666667,-76.75,1977-09-20,1977-09-20,1977-09-20,17.0,216.0,325.0,1028.0,1050.0,NO
datos_11077030,6.616666667,-76.75,1977-09-23,1977-09-23,1977-09-23,100.0,151.0,322.0,1028.0,1067.0,NO
datos_11077030,6.616666667,-76.75,1977-09-24,1977-09-24,1977-09-24,10.0,245.0,416.0,998.0,1167.0,NO
datos_11077030,6.616666667,-76.75,1977-09-25,1977-09-25,1977-09-25,30.0,233.0,426.0,933.0,1177.0,NO
datos_11077030,6.616666667,-76.75,1977-09-26,1977-09-26,1977-09-26,4.0,227.0,439.0,900.0,1207.0,NO
datos_11077030,6.616666667,-76.75,1977-09-30,1977-09-30,1977-09-30,65.0,181.0,404.0,881.0,1211.0,NO
datos_11077030,6.616666667,-76.75,1977-10-01,1977-10-01,1977-10-01,15.0,226.0,469.0,920.0,1276.0,NO
datos_11077030,6.616666667,-76.75,1977-10-03,1977-10-03,1977-10-03,21.0,224.0,484.0,935.0,1291.0,NO
datos_11077030,6.616666667,-76.75,1977-10-06,1977-10-06,1977-10-06,12.0,135.0,492.0,914.0,1312.0,NO
datos_11077030,6.616666667,-76.75,1977-10-08,1977-10-08,1977-10-08,51.0,113.0,501.0,823.0,1324.0,NO
datos_11077030,6.616666667,-76.75,1977-10-09,1977-10-09,1977-10-09,80.0,164.0,552.0,861.0,1375.0,NO
datos_11077030,6.616666667,-76.75,1977-10-10,1977-10-10,1977-10-10,10.0,244.0,621.0,941.0,1455.0,NO
datos_11077030,6.616666667,-76.75,1977-10-11,1977-10-11,1977-10-11,55.0,254.0,581.0,881.0,1465.0,NO
datos_11077030,6.616666667,-76.75,1977-10-13,1977-10-13,1977-10-13,10.0,229.0,604.0,924.0,1520.0,NO
datos_11077030,6.616666667,-76.75,1977-10-14,1977-10-14,1977-10-14,25.0,239.0,608.0,923.0,1515.0,NO
datos_11077030,6.616666667,-76.75,1977-10-15,1977-10-15,1977-10-15,5.0,243.0,611.0,936.0,1540.0,NO
datos_11077030,6.616666667,-76.75,1977-10-16,1977-10-16,1977-10-16,64.0,248.0,580.0,876.0,1543.0,NO
datos_11077030,6.616666667,-76.75,1977-10-17,1977-10-17,1977-10-17,4.0,312.0,644.0,910.0,1607.0,NO
datos_11077030,6.616666667,-76.75,1977-10-18,1977-10-18,1977-10-18,10.0,304.0,598.0,909.0,1611.0,NO
datos_11077030,6.616666667,-76.75,1977-10-20,1977-10-20,1977-10-20,13.0,263.0,608.0,913.0,1616.0,NO
datos_11077030,6.616666667,-76.75,1977-10-21,1977-10-21,1977-10-21,5.0,196.0,601.0,906.0,1629.0,NO
datos_11077030,6.616666667,-76.75,1977-10-22,1977-10-22,1977-10-22,6.0,191.0,589.0,911.0,1629.0,NO
datos_11077030,6.616666667,-76.75,1977-10-23,1977-10-23,1977-10-23,8.0,142.0,595.0,917.0,1623.0,NO
datos_11077030,6.616666667,-76.75,1977-10-24,1977-10-24,1977-10-24,19.0,150.0,603.0,919.0,1501.0,NO
datos_11077030,6.616666667,-76.75,1977-10-27,1977-10-27,1977-10-27,3.0,129.0,482.0,886.0,1377.0,NO
datos_11077030,6.616666667,-76.75,1977-10-30,1977-10-30,1977-10-30,9.0,54.0,481.0,885.0,1362.0,NO
datos_11077030,6.616666667,-76.75,1977-10-31,1977-10-31,1977-10-31,7.0,63.0,490.0,894.0,1345.0,NO
datos_11077030,6.616666667,-76.75,1977-11-02,1977-11-02,1977-11-02,3.0,52.0,417.0,901.0,1352.0,NO
datos_11077030,6.616666667,-76.75,1977-11-03,1977-11-03,1977-11-03,52.0,49.0,420.0,904.0,1345.0,NO
datos_11077030,6.616666667,-76.75,1977-11-04,1977-11-04,1977-11-04,55.0,93.0,451.0,956.0,1385.0,NO
datos_11077030,6.616666667,-76.75,1977-11-05,1977-11-05,1977-11-05,10.0,129.0,506.0,998.0,1420.0,NO
datos_11077030,6.616666667,-76.75,1977-11-06,1977-11-06,1977-11-06,24.0,139.0,516.0,1005.0,1367.0,NO
datos_11077030,6.616666667,-76.75,1977-11-07,1977-11-07,1977-11-07,6.0,163.0,528.0,1029.0,1351.0,NO
datos_11077030,6.616666667,-76.75,1977-11-08,1977-11-08,1977-11-08,4.0,166.0,534.0,1035.0,1344.0,NO
datos_11077030,6.616666667,-76.75,1977-11-09,1977-11-09,1977-11-09,55.0,170.0,487.0,1028.0,1348.0,NO
datos_11077030,6.616666667,-76.75,1977-11-10,1977-11-10,1977-11-10,15.0,225.0,462.0,1033.0,1333.0,NO
datos_11077030,6.616666667,-76.75,1977-11-12,1977-11-12,1977-11-12,11.0,224.0,412.0,1016.0,1336.0,NO
datos_11077030,6.616666667,-76.75,1977-11-13,1977-11-13,1977-11-13,8.0,235.0,423.0,1021.0,1336.0,NO
datos_11077030,6.616666667,-76.75,1977-11-16,1977-11-16,1977-11-16,3.0,133.0,391.0,971.0,1237.0,NO
datos_11077030,6.616666667,-76.75,1977-11-17,1977-11-17,1977-11-17,40.0,126.0,330.0,924.0,1235.0,NO
datos_11077030,6.616666667,-76.75,1977-11-18,1977-11-18,1977-11-18,13.0,142.0,366.0,964.0,1275.0,NO
datos_11077030,6.616666667,-76.75,1977-11-20,1977-11-20,1977-11-20,37.0,145.0,369.0,957.0,1262.0,NO
datos_11077030,6.616666667,-76.75,1977-11-21,1977-11-21,1977-11-21,13.0,127.0,393.0,977.0,1299.0,NO
datos_11077030,6.616666667,-76.75,1977-11-22,1977-11-22,1977-11-22,24.0,125.0,401.0,990.0,1312.0,NO
datos_11077030,6.616666667,-76.75,1977-11-23,1977-11-23,1977-11-23,5.0,149.0,419.0,1014.0,1330.0,NO
datos_11077030,6.616666667,-76.75,1977-11-25,1977-11-25,1977-11-25,12.0,135.0,397.0,909.0,1318.0,NO
datos_11077030,6.616666667,-76.75,1977-11-26,1977-11-26,1977-11-26,22.0,147.0,409.0,891.0,1295.0,NO
datos_11077030,6.616666667,-76.75,1977-11-30,1977-11-30,1977-11-30,4.0,113.0,428.0,909.0,1313.0,NO
datos_11077030,6.616666667,-76.75,1977-12-03,1977-12-03,1977-12-03,85.0,67.0,416.0,833.0,1317.0,NO
datos_11077030,6.616666667,-76.75,1977-12-04,1977-12-04,1977-12-04,2.0,128.0,498.0,897.0,1402.0,NO
datos_11077030,6.616666667,-76.75,1977-12-05,1977-12-05,1977-12-05,4.0,125.0,448.0,899.0,1391.0,NO
datos_11077030,6.616666667,-76.75,1977-12-06,1977-12-06,1977-12-06,2.0,129.0,397.0,903.0,1392.0,NO
datos_11077030,6.616666667,-76.75,1977-12-08,1977-12-08,1977-12-08,8.0,97.0,365.0,893.0,1394.0,NO
datos_11077030,6.616666667,-76.75,1977-12-09,1977-12-09,1977-12-09,54.0,105.0,367.0,850.0,1391.0,NO
datos_11077030,6.616666667,-76.75,1977-12-11,1977-12-11,1977-12-11,22.0,159.0,362.0,814.0,1395.0,NO
datos_11077030,6.616666667,-76.75,1977-12-13,1977-12-13,1977-12-13,12.0,177.0,369.0,781.0,1379.0,NO
datos_11077030,6.616666667,-76.75,1977-12-14,1977-12-14,1977-12-14,25.0,189.0,370.0,783.0,1369.0,NO
datos_11077030,6.616666667,-76.75,1977-12-15,1977-12-15,1977-12-15,23.0,129.0,387.0,783.0,1358.0,NO
datos_11077030,6.616666667,-76.75,1977-12-17,1977-12-17,1977-12-17,16.0,146.0,410.0,737.0,1331.0,NO
datos_11077030,6.616666667,-76.75,1977-12-18,1977-12-18,1977-12-18,4.0,160.0,423.0,749.0,1347.0,NO
datos_11077030,6.616666667,-76.75,1977-12-19,1977-12-19,1977-12-19,12.0,164.0,387.0,743.0,1351.0,NO
datos_11077030,6.616666667,-76.75,1977-12-23,1977-12-23,1977-12-23,8.0,92.0,336.0,731.0,1326.0,NO
datos_11077030,6.616666667,-76.75,1977-12-24,1977-12-24,1977-12-24,9.0,100.0,320.0,731.0,1234.0,NO
datos_11077030,6.616666667,-76.75,1977-12-25,1977-12-25,1977-12-25,25.0,97.0,324.0,721.0,1233.0,NO
datos_11077030,6.616666667,-76.75,1977-12-26,1977-12-26,1977-12-26,31.0,97.0,349.0,746.0,1228.0,NO
datos_11077030,6.616666667,-76.75,1977-12-27,1977-12-27,1977-12-27,11.0,105.0,368.0,777.0,1255.0,NO
datos_11077030,6.616666667,-76.75,1977-12-28,1977-12-28,1977-12-28,7.0,116.0,357.0,785.0,1266.0,NO
datos_11077030,6.616666667,-76.75,1977-12-30,1977-12-30,1977-12-30,19.0,103.0,364.0,792.0,1273.0,NO
datos_11077030,6.616666667,-76.75,1977-12-31,1977-12-31,1977-12-31,30.0,110.0,383.0,802.0,1227.0,NO
datos_11077030,6.616666667,-76.75,1978-01-01,1978-01-01,1978-01-01,32.0,140.0,409.0,825.0,1242.0,NO
datos_11077030,6.616666667,-76.75,1978-01-03,1978-01-03,1978-01-03,5.0,172.0,441.0,854.0,1253.0,NO
datos_11077030,6.616666667,-76.75,1978-01-09,1978-01-09,1978-01-09,61.0,86.0,345.0,708.0,1115.0,NO
datos_11077030,6.616666667,-76.75,1978-01-17,1978-01-17,1978-01-17,3.0,61.0,270.0,677.0,1003.0,NO
datos_11077030,6.616666667,-76.75,1978-01-25,1978-01-25,1978-01-25,3.0,3.0,224.0,548.0,945.0,NO
datos_11077030,6.616666667,-76.75,1978-02-03,1978-02-03,1978-02-03,100.0,3.0,72.0,428.0,874.0,NO
datos_11077030,6.616666667,-76.75,1978-02-04,1978-02-04,1978-02-04,20.0,103.0,167.0,526.0,919.0,NO
datos_11077030,6.616666667,-76.75,1978-02-11,1978-02-11,1978-02-11,4.0,120.0,126.0,456.0,825.0,NO
datos_11077030,6.616666667,-76.75,1978-02-21,1978-02-21,1978-02-21,3.0,4.0,127.0,368.0,704.0,NO
datos_11077030,6.616666667,-76.75,1978-03-05,1978-03-05,1978-03-05,23.0,0.0,127.0,199.0,555.0,NO
datos_11077030,6.616666667,-76.75,1978-03-06,1978-03-06,1978-03-06,24.0,23.0,150.0,217.0,576.0,NO
datos_11077030,6.616666667,-76.75,1978-03-07,1978-03-07,1978-03-07,43.0,47.0,74.0,241.0,596.0,NO
datos_11077030,6.616666667,-76.75,1978-03-13,1978-03-13,1978-03-13,67.0,90.0,97.0,223.0,553.0,NO
datos_11077030,6.616666667,-76.75,1978-03-14,1978-03-14,1978-03-14,84.0,157.0,164.0,290.0,620.0,NO
datos_11077030,6.616666667,-76.75,1978-03-22,1978-03-22,1978-03-22,20.0,151.0,244.0,371.0,612.0,NO
datos_11077030,6.616666667,-76.75,1978-03-24,1978-03-24,1978-03-24,15.0,171.0,264.0,391.0,632.0,NO
datos_11077030,6.616666667,-76.75,1978-03-26,1978-03-26,1978-03-26,10.0,35.0,276.0,406.0,630.0,NO
datos_11077030,6.616666667,-76.75,1978-03-27,1978-03-27,1978-03-27,13.0,45.0,286.0,416.0,615.0,NO
datos_11077030,6.616666667,-76.75,1978-03-28,1978-03-28,1978-03-28,3.0,58.0,299.0,426.0,597.0,NO
datos_11077030,6.616666667,-76.75,1978-03-29,1978-03-29,1978-03-29,40.0,61.0,302.0,429.0,589.0,NO
datos_11077030,6.616666667,-76.75,1978-03-30,1978-03-30,1978-03-30,9.0,101.0,342.0,469.0,622.0,NO
datos_11077030,6.616666667,-76.75,1978-03-31,1978-03-31,1978-03-31,9.0,110.0,351.0,478.0,631.0,NO
datos_11077030,6.616666667,-76.75,1978-04-05,1978-04-05,1978-04-05,60.0,84.0,360.0,487.0,554.0,NO
datos_11077030,6.616666667,-76.75,1978-04-06,1978-04-06,1978-04-06,23.0,144.0,397.0,447.0,614.0,NO
datos_11077030,6.616666667,-76.75,1978-04-07,1978-04-07,1978-04-07,113.0,157.0,396.0,450.0,637.0,NO
datos_11077030,6.616666667,-76.75,1978-04-09,1978-04-09,1978-04-09,30.0,254.0,466.0,563.0,750.0,NO
datos_11077030,6.616666667,-76.75,1978-04-10,1978-04-10,1978-04-10,12.0,244.0,496.0,593.0,780.0,NO
datos_11077030,6.616666667,-76.75,1978-04-11,1978-04-11,1978-04-11,94.0,247.0,508.0,605.0,731.0,NO
datos_11077030,6.616666667,-76.75,1978-04-12,1978-04-12,1978-04-12,130.0,332.0,602.0,699.0,825.0,NO
datos_11077030,6.616666667,-76.75,1978-04-13,1978-04-13,1978-04-13,38.0,462.0,732.0,829.0,955.0,NO
datos_11077030,6.616666667,-76.75,1978-04-17,1978-04-17,1978-04-17,3.0,440.0,619.0,863.0,993.0,NO
datos_11077030,6.616666667,-76.75,1978-04-19,1978-04-19,1978-04-19,15.0,307.0,622.0,866.0,993.0,NO
datos_11077030,6.616666667,-76.75,1978-04-20,1978-04-20,1978-04-20,15.0,322.0,637.0,881.0,1008.0,NO
datos_11077030,6.616666667,-76.75,1978-04-21,1978-04-21,1978-04-21,53.0,307.0,652.0,896.0,1023.0,NO
datos_11077030,6.616666667,-76.75,1978-04-22,1978-04-22,1978-04-22,19.0,348.0,705.0,949.0,1076.0,NO
datos_11077030,6.616666667,-76.75,1978-04-23,1978-04-23,1978-04-23,13.0,273.0,704.0,968.0,1095.0,NO
datos_11077030,6.616666667,-76.75,1978-04-25,1978-04-25,1978-04-25,50.0,118.0,702.0,978.0,1108.0,NO
datos_11077030,6.616666667,-76.75,1978-04-26,1978-04-26,1978-04-26,10.0,168.0,752.0,1028.0,1158.0,NO
datos_11077030,6.616666667,-76.75,1978-04-27,1978-04-27,1978-04-27,7.0,178.0,752.0,1038.0,1165.0,NO
datos_11077030,6.616666667,-76.75,1978-04-28,1978-04-28,1978-04-28,3.0,185.0,746.0,1045.0,1172.0,NO
datos_11077030,6.616666667,-76.75,1978-04-29,1978-04-29,1978-04-29,30.0,185.0,746.0,1048.0,1175.0,NO
datos_11077030,6.616666667,-76.75,1978-04-30,1978-04-30,1978-04-30,12.0,215.0,736.0,1078.0,1205.0,NO
datos_11077030,6.616666667,-76.75,1978-05-02,1978-05-02,1978-05-02,20.0,197.0,730.0,1090.0,1217.0,NO
datos_11077030,6.616666667,-76.75,1978-05-06,1978-05-06,1978-05-06,7.0,132.0,750.0,1087.0,1137.0,NO
datos_11077030,6.616666667,-76.75,1978-05-09,1978-05-09,1978-05-09,49.0,72.0,561.0,1027.0,1124.0,NO
datos_11077030,6.616666667,-76.75,1978-05-10,1978-05-10,1978-05-10,19.0,118.0,610.0,1076.0,1173.0,NO
datos_11077030,6.616666667,-76.75,1978-05-11,1978-05-11,1978-05-11,25.0,107.0,599.0,1095.0,1192.0,NO
datos_11077030,6.616666667,-76.75,1978-05-12,1978-05-12,1978-05-12,100.0,120.0,612.0,1120.0,1217.0,NO
datos_11077030,6.616666667,-76.75,1978-05-13,1978-05-13,1978-05-13,6.0,220.0,618.0,1220.0,1317.0,NO
datos_11077030,6.616666667,-76.75,1978-05-14,1978-05-14,1978-05-14,6.0,206.0,494.0,1159.0,1319.0,NO
datos_11077030,6.616666667,-76.75,1978-05-15,1978-05-15,1978-05-15,30.0,212.0,462.0,1081.0,1325.0,NO
datos_11077030,6.616666667,-76.75,1978-05-16,1978-05-16,1978-05-16,50.0,242.0,492.0,1111.0,1355.0,NO
datos_11077030,6.616666667,-76.75,1978-05-17,1978-05-17,1978-05-17,17.0,292.0,542.0,1161.0,1405.0,NO
datos_11077030,6.616666667,-76.75,1978-05-19,1978-05-19,1978-05-19,15.0,302.0,556.0,1178.0,1422.0,NO
datos_11077030,6.616666667,-76.75,1978-05-20,1978-05-20,1978-05-20,82.0,317.0,571.0,1193.0,1437.0,NO
datos_11077030,6.616666667,-76.75,1978-05-22,1978-05-22,1978-05-22,30.0,331.0,623.0,1275.0,1519.0,NO
datos_11077030,6.616666667,-76.75,1978-05-23,1978-05-23,1978-05-23,80.0,336.0,600.0,1285.0,1549.0,NO
datos_11077030,6.616666667,-76.75,1978-05-24,1978-05-24,1978-05-24,16.0,316.0,661.0,1365.0,1626.0,NO
datos_11077030,6.616666667,-76.75,1978-05-26,1978-05-26,1978-05-26,40.0,320.0,664.0,1366.0,1642.0,NO
datos_11077030,6.616666667,-76.75,1978-05-27,1978-05-27,1978-05-27,41.0,330.0,654.0,1396.0,1682.0,NO
datos_11077030,6.616666667,-76.75,1978-05-29,1978-05-29,1978-05-29,68.0,304.0,678.0,1421.0,1723.0,NO
datos_11077030,6.616666667,-76.75,1978-05-30,1978-05-30,1978-05-30,43.0,372.0,743.0,1449.0,1791.0,NO
datos_11077030,6.616666667,-76.75,1978-05-31,1978-05-31,1978-05-31,3.0,400.0,756.0,1483.0,1834.0,NO
datos_11077030,6.616666667,-76.75,1978-06-01,1978-06-01,1978-06-01,52.0,321.0,747.0,1477.0,1837.0,NO
datos_11077030,6.616666667,-76.75,1978-06-02,1978-06-02,1978-06-02,6.0,373.0,799.0,1529.0,1889.0,NO
datos_11077030,6.616666667,-76.75,1978-06-03,1978-06-03,1978-06-03,85.0,349.0,785.0,1535.0,1895.0,NO
datos_11077030,6.616666667,-76.75,1978-06-04,1978-06-04,1978-06-04,90.0,354.0,870.0,1620.0,1980.0,NO
datos_11077030,6.616666667,-76.75,1978-06-05,1978-06-05,1978-06-05,19.0,428.0,960.0,1710.0,2047.0,NO
datos_11077030,6.616666667,-76.75,1978-06-07,1978-06-07,1978-06-07,52.0,407.0,972.0,1646.0,1999.0,NO
datos_11077030,6.616666667,-76.75,1978-06-08,1978-06-08,1978-06-08,20.0,418.0,1024.0,1585.0,2051.0,NO
datos_11077030,6.616666667,-76.75,1978-06-10,1978-06-10,1978-06-10,12.0,370.0,995.0,1575.0,2071.0,NO
datos_11077030,6.616666667,-76.75,1978-06-11,1978-06-11,1978-06-11,52.0,339.0,988.0,1575.0,2083.0,NO
datos_11077030,6.616666667,-76.75,1978-06-13,1978-06-13,1978-06-13,3.0,336.0,915.0,1403.0,2068.0,NO
datos_11077030,6.616666667,-76.75,1978-06-14,1978-06-14,1978-06-14,137.0,333.0,912.0,1368.0,1987.0,NO
datos_11077030,6.616666667,-76.75,1978-06-15,1978-06-15,1978-06-15,9.0,385.0,1043.0,1505.0,2124.0,NO
datos_11077030,6.616666667,-76.75,1978-06-16,1978-06-16,1978-06-16,43.0,304.0,1022.0,1514.0,2133.0,NO
datos_11077030,6.616666667,-76.75,1978-06-17,1978-06-17,1978-06-17,3.0,328.0,1015.0,1557.0,2176.0,NO
datos_11077030,6.616666667,-76.75,1978-06-18,1978-06-18,1978-06-18,12.0,331.0,1001.0,1557.0,2179.0,NO
datos_11077030,6.616666667,-76.75,1978-06-19,1978-06-19,1978-06-19,25.0,291.0,1013.0,1569.0,2191.0,NO
datos_11077030,6.616666667,-76.75,1978-06-21,1978-06-21,1978-06-21,4.0,296.0,941.0,1564.0,2216.0,NO
datos_11077030,6.616666667,-76.75,1978-06-22,1978-06-22,1978-06-22,120.0,288.0,945.0,1515.0,2200.0,NO
datos_11077030,6.616666667,-76.75,1978-06-23,1978-06-23,1978-06-23,84.0,356.0,1035.0,1616.0,2320.0,NO
datos_11077030,6.616666667,-76.75,1978-06-25,1978-06-25,1978-06-25,5.0,437.0,1023.0,1687.0,2389.0,NO
datos_11077030,6.616666667,-76.75,1978-06-26,1978-06-26,1978-06-26,24.0,305.0,1028.0,1642.0,2384.0,NO
datos_11077030,6.616666667,-76.75,1978-06-29,1978-06-29,1978-06-29,54.0,274.0,971.0,1646.0,2352.0,NO
datos_11077030,6.616666667,-76.75,1978-07-02,1978-07-02,1978-07-02,30.0,291.0,911.0,1658.0,2388.0,NO
datos_11077030,6.616666667,-76.75,1978-07-03,1978-07-03,1978-07-03,5.0,317.0,889.0,1668.0,2418.0,NO
datos_11077030,6.616666667,-76.75,1978-07-04,1978-07-04,1978-07-04,130.0,202.0,888.0,1673.0,2423.0,NO
datos_11077030,6.616666667,-76.75,1978-07-05,1978-07-05,1978-07-05,41.0,248.0,933.0,1803.0,2553.0,NO
datos_11077030,6.616666667,-76.75,1978-07-07,1978-07-07,1978-07-07,74.0,284.0,865.0,1837.0,2511.0,NO
datos_11077030,6.616666667,-76.75,1978-07-08,1978-07-08,1978-07-08,4.0,334.0,939.0,1911.0,2472.0,NO
datos_11077030,6.616666667,-76.75,1978-07-09,1978-07-09,1978-07-09,54.0,338.0,891.0,1915.0,2476.0,NO
datos_11077030,6.616666667,-76.75,1978-07-10,1978-07-10,1978-07-10,40.0,392.0,925.0,1920.0,2500.0,NO
datos_11077030,6.616666667,-76.75,1978-07-11,1978-07-11,1978-07-11,42.0,378.0,965.0,1941.0,2528.0,NO
datos_11077030,6.616666667,-76.75,1978-07-12,1978-07-12,1978-07-12,30.0,420.0,995.0,1958.0,2476.0,NO
datos_11077030,6.616666667,-76.75,1978-07-13,1978-07-13,1978-07-13,30.0,450.0,973.0,1888.0,2376.0,NO
datos_11077030,6.616666667,-76.75,1978-07-14,1978-07-14,1978-07-14,3.0,450.0,1003.0,1912.0,2368.0,NO
datos_11077030,6.616666667,-76.75,1978-07-15,1978-07-15,1978-07-15,4.0,448.0,1003.0,1909.0,2371.0,NO
datos_11077030,6.616666667,-76.75,1978-07-18,1978-07-18,1978-07-18,21.0,281.0,818.0,1816.0,2372.0,NO
datos_11077030,6.616666667,-76.75,1978-07-21,1978-07-21,1978-07-21,2.0,170.0,799.0,1740.0,2363.0,NO
datos_11077030,6.616666667,-76.75,1978-07-22,1978-07-22,1978-07-22,65.0,132.0,801.0,1742.0,2312.0,NO
datos_11077030,6.616666667,-76.75,1978-07-24,1978-07-24,1978-07-24,15.0,125.0,742.0,1697.0,2345.0,NO
datos_11077030,6.616666667,-76.75,1978-07-25,1978-07-25,1978-07-25,12.0,110.0,673.0,1696.0,2360.0,NO
datos_11077030,6.616666667,-76.75,1978-07-26,1978-07-26,1978-07-26,16.0,119.0,685.0,1708.0,2322.0,NO
datos_11077030,6.616666667,-76.75,1978-07-29,1978-07-29,1978-07-29,22.0,131.0,672.0,1643.0,2318.0,NO
datos_11077030,6.616666667,-76.75,1978-08-01,1978-08-01,1978-08-01,25.0,132.0,640.0,1551.0,2298.0,NO
datos_11077030,6.616666667,-76.75,1978-08-02,1978-08-02,1978-08-02,3.0,155.0,665.0,1524.0,2303.0,NO
datos_11077030,6.616666667,-76.75,1978-08-03,1978-08-03,1978-08-03,75.0,93.0,638.0,1521.0,2306.0,NO
datos_11077030,6.616666667,-76.75,1978-08-04,1978-08-04,1978-08-04,73.0,168.0,708.0,1511.0,2381.0,NO
datos_11077030,6.616666667,-76.75,1978-08-05,1978-08-05,1978-08-05,44.0,226.0,651.0,1494.0,2454.0,NO
datos_11077030,6.616666667,-76.75,1978-08-06,1978-08-06,1978-08-06,95.0,258.0,654.0,1519.0,2491.0,NO
datos_11077030,6.616666667,-76.75,1978-08-08,1978-08-08,1978-08-08,15.0,337.0,675.0,1562.0,2586.0,NO
datos_11077030,6.616666667,-76.75,1978-08-13,1978-08-13,1978-08-13,16.0,305.0,520.0,1493.0,2402.0,NO
datos_11077030,6.616666667,-76.75,1978-08-14,1978-08-14,1978-08-14,35.0,318.0,506.0,1506.0,2412.0,NO
datos_11077030,6.616666667,-76.75,1978-08-17,1978-08-17,1978-08-17,30.0,161.0,534.0,1352.0,2350.0,NO
datos_11077030,6.616666667,-76.75,1978-08-18,1978-08-18,1978-08-18,10.0,96.0,564.0,1379.0,2380.0,NO
datos_11077030,6.616666667,-76.75,1978-08-19,1978-08-19,1978-08-19,22.0,106.0,553.0,1377.0,2375.0,NO
datos_11077030,6.616666667,-76.75,1978-08-20,1978-08-20,1978-08-20,10.0,113.0,575.0,1374.0,2315.0,NO
datos_11077030,6.616666667,-76.75,1978-08-21,1978-08-21,1978-08-21,40.0,123.0,585.0,1384.0,2325.0,NO
datos_11077030,6.616666667,-76.75,1978-08-22,1978-08-22,1978-08-22,30.0,163.0,623.0,1420.0,2335.0,NO
datos_11077030,6.616666667,-76.75,1978-08-24,1978-08-24,1978-08-24,191.0,193.0,588.0,1246.0,2269.0,NO
datos_11077030,6.616666667,-76.75,1978-08-25,1978-08-25,1978-08-25,14.0,368.0,764.0,1437.0,2460.0,NO
datos_11077030,6.616666667,-76.75,1978-08-26,1978-08-26,1978-08-26,34.0,347.0,766.0,1446.0,2434.0,NO
datos_11077030,6.616666667,-76.75,1978-08-27,1978-08-27,1978-08-27,117.0,381.0,784.0,1456.0,2427.0,NO
datos_11077030,6.616666667,-76.75,1978-08-28,1978-08-28,1978-08-28,46.0,498.0,901.0,1573.0,2544.0,NO
datos_11077030,6.616666667,-76.75,1978-08-29,1978-08-29,1978-08-29,50.0,514.0,947.0,1619.0,2522.0,NO
datos_11077030,6.616666667,-76.75,1978-08-30,1978-08-30,1978-08-30,3.0,554.0,975.0,1615.0,2529.0,NO
datos_11077030,6.616666667,-76.75,1978-08-31,1978-08-31,1978-08-31,18.0,535.0,978.0,1618.0,2529.0,NO
datos_11077030,6.616666667,-76.75,1978-09-01,1978-09-01,1978-09-01,6.0,543.0,996.0,1636.0,2495.0,NO
datos_11077030,6.616666667,-76.75,1978-09-02,1978-09-02,1978-09-02,16.0,509.0,977.0,1612.0,2495.0,NO
datos_11077030,6.616666667,-76.75,1978-09-03,1978-09-03,1978-09-03,3.0,495.0,990.0,1623.0,2426.0,NO
datos_11077030,6.616666667,-76.75,1978-09-07,1978-09-07,1978-09-07,62.0,259.0,706.0,1381.0,2268.0,NO
datos_11077030,6.616666667,-76.75,1978-09-08,1978-09-08,1978-09-08,80.0,204.0,768.0,1439.0,2310.0,NO
datos_11077030,6.616666667,-76.75,1978-09-09,1978-09-09,1978-09-09,27.0,238.0,833.0,1465.0,2390.0,NO
datos_11077030,6.616666667,-76.75,1978-09-10,1978-09-10,1978-09-10,12.0,215.0,860.0,1452.0,2405.0,NO
datos_11077030,6.616666667,-76.75,1978-09-14,1978-09-14,1978-09-14,72.0,184.0,856.0,1359.0,2225.0,NO
datos_11077030,6.616666667,-76.75,1978-09-15,1978-09-15,1978-09-15,7.0,253.0,893.0,1427.0,2288.0,NO
datos_11077030,6.616666667,-76.75,1978-09-16,1978-09-16,1978-09-16,3.0,260.0,900.0,1434.0,2252.0,NO
datos_11077030,6.616666667,-76.75,1978-09-17,1978-09-17,1978-09-17,8.0,263.0,903.0,1437.0,2252.0,NO
datos_11077030,6.616666667,-76.75,1978-09-19,1978-09-19,1978-09-19,12.0,209.0,871.0,1424.0,2223.0,NO
datos_11077030,6.616666667,-76.75,1978-09-20,1978-09-20,1978-09-20,5.0,141.0,861.0,1436.0,2235.0,NO
datos_11077030,6.616666667,-76.75,1978-09-22,1978-09-22,1978-09-22,5.0,107.0,816.0,1374.0,2116.0,NO
datos_11077030,6.616666667,-76.75,1978-09-23,1978-09-23,1978-09-23,75.0,112.0,791.0,1379.0,2037.0,NO
datos_11077030,6.616666667,-76.75,1978-09-26,1978-09-26,1978-09-26,10.0,115.0,661.0,1411.0,2083.0,NO
datos_11077030,6.616666667,-76.75,1978-09-27,1978-09-27,1978-09-27,42.0,118.0,637.0,1421.0,2093.0,NO
datos_11077030,6.616666667,-76.75,1978-09-30,1978-09-30,1978-09-30,2.0,149.0,466.0,1441.0,2081.0,NO
datos_11077030,6.616666667,-76.75,1978-10-01,1978-10-01,1978-10-01,5.0,139.0,465.0,1443.0,2083.0,NO
datos_11077030,6.616666667,-76.75,1978-10-02,1978-10-02,1978-10-02,74.0,139.0,452.0,1423.0,2058.0,NO
datos_11077030,6.616666667,-76.75,1978-10-03,1978-10-03,1978-10-03,208.0,213.0,520.0,1494.0,2127.0,NO
datos_11077030,6.616666667,-76.75,1978-10-04,1978-10-04,1978-10-04,5.0,416.0,712.0,1627.0,2205.0,NO
datos_11077030,6.616666667,-76.75,1978-10-05,1978-10-05,1978-10-05,44.0,346.0,714.0,1559.0,2169.0,NO
datos_11077030,6.616666667,-76.75,1978-10-06,1978-10-06,1978-10-06,5.0,390.0,758.0,1559.0,2213.0,NO
datos_11077030,6.616666667,-76.75,1978-10-08,1978-10-08,1978-10-08,35.0,385.0,763.0,1469.0,2140.0,NO
datos_11077030,6.616666667,-76.75,1978-10-10,1978-10-10,1978-10-10,85.0,378.0,656.0,1489.0,2081.0,NO
datos_11077030,6.616666667,-76.75,1978-10-12,1978-10-12,1978-10-12,10.0,461.0,702.0,1574.0,2094.0,NO
datos_11077030,6.616666667,-76.75,1978-10-13,1978-10-13,1978-10-13,12.0,466.0,712.0,1584.0,2074.0,NO
datos_11077030,6.616666667,-76.75,1978-10-17,1978-10-17,1978-10-17,9.0,147.0,645.0,1545.0,2079.0,NO
datos_11077030,6.616666667,-76.75,1978-10-18,1978-10-18,1978-10-18,4.0,151.0,651.0,1524.0,2067.0,NO
datos_11077030,6.616666667,-76.75,1978-10-19,1978-10-19,1978-10-19,80.0,155.0,647.0,1518.0,2071.0,NO
datos_11077030,6.616666667,-76.75,1978-10-20,1978-10-20,1978-10-20,124.0,200.0,727.0,1576.0,2151.0,NO
datos_11077030,6.616666667,-76.75,1978-10-21,1978-10-21,1978-10-21,3.0,324.0,839.0,1690.0,2273.0,NO
datos_11077030,6.616666667,-76.75,1978-10-22,1978-10-22,1978-10-22,28.0,242.0,837.0,1653.0,2211.0,NO
datos_11077030,6.616666667,-76.75,1978-10-27,1978-10-27,1978-10-27,7.0,248.0,785.0,1412.0,2196.0,NO
datos_11077030,6.616666667,-76.75,1978-10-28,1978-10-28,1978-10-28,5.0,255.0,782.0,1302.0,2203.0,NO
datos_11077030,6.616666667,-76.75,1978-10-29,1978-10-29,1978-10-29,10.0,251.0,745.0,1261.0,2186.0,NO
datos_11077030,6.616666667,-76.75,1978-10-30,1978-10-30,1978-10-30,5.0,257.0,755.0,1221.0,2196.0,NO
datos_11077030,6.616666667,-76.75,1978-11-02,1978-11-02,1978-11-02,55.0,55.0,753.0,1199.0,2173.0,NO
datos_11077030,6.616666667,-76.75,1978-11-03,1978-11-03,1978-11-03,10.0,82.0,734.0,1238.0,2153.0,NO
datos_11077030,6.616666667,-76.75,1978-11-04,1978-11-04,1978-11-04,130.0,92.0,536.0,1245.0,2090.0,NO
datos_11077030,6.616666667,-76.75,1978-11-06,1978-11-06,1978-11-06,10.0,222.0,617.0,1375.0,2081.0,NO
datos_11077030,6.616666667,-76.75,1978-11-07,1978-11-07,1978-11-07,15.0,232.0,622.0,1385.0,2091.0,NO
datos_11077030,6.616666667,-76.75,1978-11-08,1978-11-08,1978-11-08,15.0,240.0,637.0,1338.0,2091.0,NO
datos_11077030,6.616666667,-76.75,1978-11-09,1978-11-09,1978-11-09,23.0,250.0,617.0,1273.0,2106.0,NO
datos_11077030,6.616666667,-76.75,1978-11-10,1978-11-10,1978-11-10,16.0,263.0,640.0,1269.0,2129.0,NO
datos_11077030,6.616666667,-76.75,1978-11-11,1978-11-11,1978-11-11,30.0,274.0,571.0,1273.0,2145.0,NO
datos_11077030,6.616666667,-76.75,1978-11-12,1978-11-12,1978-11-12,10.0,304.0,601.0,1303.0,2175.0,NO
datos_11077030,6.616666667,-76.75,1978-11-14,1978-11-14,1978-11-14,17.0,259.0,589.0,1313.0,2134.0,NO
datos_11077030,6.616666667,-76.75,1978-11-15,1978-11-15,1978-11-15,10.0,266.0,606.0,1258.0,2151.0,NO
datos_11077030,6.616666667,-76.75,1978-11-16,1978-11-16,1978-11-16,80.0,146.0,616.0,1261.0,2161.0,NO
datos_11077030,6.616666667,-76.75,1978-11-17,1978-11-17,1978-11-17,70.0,226.0,696.0,1338.0,2211.0,NO
datos_11077030,6.616666667,-76.75,1978-11-21,1978-11-21,1978-11-21,4.0,233.0,549.0,1383.0,2199.0,NO
datos_11077030,6.616666667,-76.75,1978-11-22,1978-11-22,1978-11-22,24.0,221.0,550.0,1387.0,2173.0,NO
datos_11077030,6.616666667,-76.75,1978-11-23,1978-11-23,1978-11-23,3.0,215.0,546.0,1406.0,2197.0,NO
datos_11077030,6.616666667,-76.75,1978-11-25,1978-11-25,1978-11-25,190.0,208.0,549.0,1334.0,1995.0,NO
datos_11077030,6.616666667,-76.75,1978-11-26,1978-11-26,1978-11-26,3.0,381.0,739.0,1524.0,2151.0,NO
datos_11077030,6.616666667,-76.75,1978-11-30,1978-11-30,1978-11-30,13.0,224.0,720.0,1475.0,1938.0,NO
datos_11077030,6.616666667,-76.75,1978-12-02,1978-12-02,1978-12-02,4.0,237.0,728.0,1481.0,1927.0,NO
datos_11077030,6.616666667,-76.75,1978-12-03,1978-12-03,1978-12-03,45.0,237.0,732.0,1411.0,1915.0,NO
datos_11077030,6.616666667,-76.75,1978-12-04,1978-12-04,1978-12-04,3.0,258.0,722.0,1248.0,1957.0,NO
datos_11077030,6.616666667,-76.75,1978-12-06,1978-12-06,1978-12-06,13.0,258.0,585.0,1202.0,1960.0,NO
datos_11077030,6.616666667,-76.75,1978-12-07,1978-12-07,1978-12-07,6.0,81.0,598.0,1210.0,1973.0,NO
datos_11077030,6.616666667,-76.75,1978-12-08,1978-12-08,1978-12-08,5.0,84.0,594.0,1216.0,1917.0,NO
datos_11077030,6.616666667,-76.75,1978-12-09,1978-12-09,1978-12-09,5.0,89.0,584.0,1186.0,1842.0,NO
datos_11077030,6.616666667,-76.75,1978-12-10,1978-12-10,1978-12-10,5.0,94.0,574.0,1191.0,1820.0,NO
datos_11077030,6.616666667,-76.75,1978-12-11,1978-12-11,1978-12-11,45.0,99.0,556.0,1111.0,1813.0,NO
datos_11077030,6.616666667,-76.75,1978-12-12,1978-12-12,1978-12-12,55.0,131.0,585.0,1156.0,1858.0,NO
datos_11077030,6.616666667,-76.75,1978-12-13,1978-12-13,1978-12-13,100.0,186.0,610.0,1201.0,1913.0,NO
datos_11077030,6.616666667,-76.75,1978-12-14,1978-12-14,1978-12-14,4.0,282.0,700.0,1289.0,2013.0,NO
datos_11077030,6.616666667,-76.75,1978-12-15,1978-12-15,1978-12-15,40.0,241.0,704.0,1293.0,1945.0,NO
datos_11077030,6.616666667,-76.75,1978-12-16,1978-12-16,1978-12-16,60.0,278.0,727.0,1333.0,1978.0,NO
datos_11077030,6.616666667,-76.75,1978-12-17,1978-12-17,1978-12-17,54.0,338.0,777.0,1393.0,2035.0,NO
datos_11077030,6.616666667,-76.75,1978-12-18,1978-12-18,1978-12-18,90.0,379.0,751.0,1438.0,2081.0,NO
datos_11077030,6.616666667,-76.75,1978-12-19,1978-12-19,1978-12-19,5.0,463.0,771.0,1524.0,2171.0,NO
datos_11077030,6.616666667,-76.75,1978-12-27,1978-12-27,1978-12-27,20.0,209.0,555.0,1294.0,2069.0,NO
datos_11077030,6.616666667,-76.75,1978-12-29,1978-12-29,1978-12-29,10.0,115.0,572.0,1302.0,2047.0,NO
datos_11077030,6.616666667,-76.75,1978-12-30,1978-12-30,1978-12-30,12.0,35.0,582.0,1302.0,2057.0,NO
datos_11077030,6.616666667,-76.75,1979-01-01,1979-01-01,1979-01-01,10.0,42.0,581.0,1309.0,2062.0,NO
datos_11077030,6.616666667,-76.75,1979-01-02,1979-01-02,1979-01-02,12.0,52.0,591.0,1319.0,1998.0,NO
datos_11077030,6.616666667,-76.75,1979-01-15,1979-01-15,1979-01-15,4.0,0.0,313.0,1000.0,1606.0,NO
datos_11077030,6.616666667,-76.75,1979-01-21,1979-01-21,1979-01-21,12.0,4.0,68.0,844.0,1390.0,NO
datos_11077030,6.616666667,-76.75,1979-01-23,1979-01-23,1979-01-23,5.0,16.0,80.0,828.0,1374.0,NO
datos_11077030,6.616666667,-76.75,1979-01-25,1979-01-25,1979-01-25,5.0,21.0,85.0,830.0,1379.0,NO
datos_11077030,6.616666667,-76.75,1979-01-26,1979-01-26,1979-01-26,99.0,26.0,90.0,645.0,1384.0,NO
datos_11077030,6.616666667,-76.75,1979-01-27,1979-01-27,1979-01-27,18.0,121.0,189.0,741.0,1476.0,NO
datos_11077030,6.616666667,-76.75,1979-01-28,1979-01-28,1979-01-28,12.0,139.0,187.0,759.0,1489.0,NO
datos_11077030,6.616666667,-76.75,1979-01-29,1979-01-29,1979-01-29,12.0,151.0,199.0,771.0,1491.0,NO
datos_11077030,6.616666667,-76.75,1979-01-30,1979-01-30,1979-01-30,15.0,163.0,201.0,783.0,1498.0,NO
datos_11077030,6.616666667,-76.75,1979-01-31,1979-01-31,1979-01-31,4.0,178.0,204.0,785.0,1513.0,NO
datos_11077030,6.616666667,-76.75,1979-02-01,1979-02-01,1979-02-01,11.0,182.0,208.0,789.0,1517.0,NO
datos_11077030,6.616666667,-76.75,1979-02-07,1979-02-07,1979-02-07,4.0,72.0,197.0,729.0,1308.0,NO
datos_11077030,6.616666667,-76.75,1979-02-11,1979-02-11,1979-02-11,25.0,19.0,201.0,673.0,1228.0,NO
datos_11077030,6.616666667,-76.75,1979-02-13,1979-02-13,1979-02-13,5.0,29.0,226.0,543.0,1243.0,NO
datos_11077030,6.616666667,-76.75,1979-02-14,1979-02-14,1979-02-14,5.0,34.0,231.0,544.0,1231.0,NO
datos_11077030,6.616666667,-76.75,1979-02-15,1979-02-15,1979-02-15,25.0,39.0,236.0,509.0,1226.0,NO
datos_11077030,6.616666667,-76.75,1979-02-16,1979-02-16,1979-02-16,5.0,64.0,257.0,474.0,1171.0,NO
datos_11077030,6.616666667,-76.75,1979-02-22,1979-02-22,1979-02-22,55.0,65.0,250.0,330.0,1078.0,NO
datos_11077030,6.616666667,-76.75,1979-02-24,1979-02-24,1979-02-24,11.0,95.0,300.0,385.0,1130.0,NO
datos_11077030,6.616666667,-76.75,1979-03-01,1979-03-01,1979-03-01,9.0,66.0,177.0,366.0,948.0,NO
datos_11077030,6.616666667,-76.75,1979-03-02,1979-03-02,1979-03-02,15.0,75.0,174.0,363.0,944.0,NO
datos_11077030,6.616666667,-76.75,1979-03-07,1979-03-07,1979-03-07,15.0,35.0,159.0,356.0,907.0,NO
datos_11077030,6.616666667,-76.75,1979-03-08,1979-03-08,1979-03-08,15.0,39.0,174.0,371.0,909.0,NO
datos_11077030,6.616666667,-76.75,1979-03-17,1979-03-17,1979-03-17,36.0,30.0,155.0,386.0,659.0,NO
datos_11077030,6.616666667,-76.75,1979-03-29,1979-03-29,1979-03-29,22.0,0.0,90.0,297.0,466.0,NO
datos_11077030,6.616666667,-76.75,1979-03-30,1979-03-30,1979-03-30,15.0,22.0,112.0,301.0,488.0,NO
datos_11077030,6.616666667,-76.75,1979-03-31,1979-03-31,1979-03-31,14.0,37.0,127.0,304.0,493.0,NO
datos_11077030,6.616666667,-76.75,1979-04-02,1979-04-02,1979-04-02,77.0,51.0,132.0,291.0,495.0,NO
datos_11077030,6.616666667,-76.75,1979-04-03,1979-04-03,1979-04-03,50.0,128.0,194.0,364.0,562.0,NO
datos_11077030,6.616666667,-76.75,1979-04-04,1979-04-04,1979-04-04,12.0,178.0,244.0,403.0,600.0,NO
datos_11077030,6.616666667,-76.75,1979-04-05,1979-04-05,1979-04-05,12.0,190.0,256.0,415.0,612.0,NO
datos_11077030,6.616666667,-76.75,1979-04-06,1979-04-06,1979-04-06,14.0,202.0,268.0,427.0,624.0,NO
datos_11077030,6.616666667,-76.75,1979-04-07,1979-04-07,1979-04-07,9.0,216.0,282.0,441.0,638.0,NO
datos_11077030,6.616666667,-76.75,1979-04-09,1979-04-09,1979-04-09,30.0,225.0,261.0,450.0,647.0,NO
datos_11077030,6.616666667,-76.75,1979-04-13,1979-04-13,1979-04-13,3.0,204.0,291.0,476.0,677.0,NO
datos_11077030,6.616666667,-76.75,1979-04-14,1979-04-14,1979-04-14,10.0,130.0,294.0,454.0,680.0,NO
datos_11077030,6.616666667,-76.75,1979-04-15,1979-04-15,1979-04-15,2.0,90.0,304.0,464.0,690.0,NO
datos_11077030,6.616666667,-76.75,1979-04-17,1979-04-17,1979-04-17,19.0,68.0,306.0,456.0,688.0,NO
datos_11077030,6.616666667,-76.75,1979-04-18,1979-04-18,1979-04-18,3.0,73.0,289.0,450.0,707.0,NO
datos_11077030,6.616666667,-76.75,1979-04-19,1979-04-19,1979-04-19,10.0,67.0,292.0,448.0,710.0,NO
datos_11077030,6.616666667,-76.75,1979-04-20,1979-04-20,1979-04-20,55.0,77.0,302.0,458.0,720.0,NO
datos_11077030,6.616666667,-76.75,1979-04-21,1979-04-21,1979-04-21,24.0,102.0,357.0,513.0,775.0,NO
datos_11077030,6.616666667,-76.75,1979-04-24,1979-04-24,1979-04-24,15.0,126.0,381.0,537.0,787.0,NO
datos_11077030,6.616666667,-76.75,1979-04-25,1979-04-25,1979-04-25,55.0,138.0,396.0,497.0,797.0,NO
datos_11077030,6.616666667,-76.75,1979-04-27,1979-04-27,1979-04-27,44.0,181.0,451.0,541.0,847.0,NO
datos_11077030,6.616666667,-76.75,1979-04-28,1979-04-28,1979-04-28,2.0,225.0,495.0,585.0,792.0,NO
datos_11077030,6.616666667,-76.75,1979-04-29,1979-04-29,1979-04-29,1.0,208.0,497.0,587.0,776.0,NO
datos_11077030,6.616666667,-76.75,1979-05-05,1979-05-05,1979-05-05,7.0,117.0,320.0,564.0,723.0,NO
datos_11077030,6.616666667,-76.75,1979-05-07,1979-05-07,1979-05-07,2.0,54.0,303.0,571.0,730.0,NO
datos_11077030,6.616666667,-76.75,1979-05-10,1979-05-10,1979-05-10,73.0,10.0,282.0,543.0,728.0,NO
datos_11077030,6.616666667,-76.75,1979-05-12,1979-05-12,1979-05-12,8.0,82.0,325.0,616.0,801.0,NO
datos_11077030,6.616666667,-76.75,1979-05-13,1979-05-13,1979-05-13,16.0,90.0,333.0,624.0,809.0,NO
datos_11077030,6.616666667,-76.75,1979-05-14,1979-05-14,1979-05-14,19.0,106.0,349.0,640.0,800.0,NO
datos_11077030,6.616666667,-76.75,1979-05-15,1979-05-15,1979-05-15,5.0,125.0,365.0,659.0,819.0,NO
datos_11077030,6.616666667,-76.75,1979-05-16,1979-05-16,1979-05-16,4.0,130.0,360.0,664.0,819.0,NO
datos_11077030,6.616666667,-76.75,1979-05-18,1979-05-18,1979-05-18,8.0,127.0,362.0,632.0,793.0,NO
datos_11077030,6.616666667,-76.75,1979-05-21,1979-05-21,1979-05-21,10.0,133.0,338.0,640.0,796.0,NO
datos_11077030,6.616666667,-76.75,1979-05-22,1979-05-22,1979-05-22,18.0,70.0,293.0,650.0,806.0,NO
datos_11077030,6.616666667,-76.75,1979-05-23,1979-05-23,1979-05-23,5.0,88.0,287.0,668.0,824.0,NO
datos_11077030,6.616666667,-76.75,1979-05-25,1979-05-25,1979-05-25,20.0,69.0,292.0,673.0,774.0,NO
datos_11077030,6.616666667,-76.75,1979-05-27,1979-05-27,1979-05-27,40.0,65.0,242.0,693.0,783.0,NO
datos_11077030,6.616666667,-76.75,1979-05-28,1979-05-28,1979-05-28,4.0,101.0,282.0,733.0,823.0,NO
datos_11077030,6.616666667,-76.75,1979-05-29,1979-05-29,1979-05-29,190.0,105.0,242.0,737.0,827.0,NO
datos_11077030,6.616666667,-76.75,1979-05-31,1979-05-31,1979-05-31,49.0,287.0,429.0,890.0,1017.0,NO
datos_11077030,6.616666667,-76.75,1979-06-01,1979-06-01,1979-06-01,4.0,336.0,478.0,925.0,1057.0,NO
datos_11077030,6.616666667,-76.75,1979-06-03,1979-06-03,1979-06-03,7.0,312.0,482.0,852.0,1046.0,NO
datos_11077030,6.616666667,-76.75,1979-06-10,1979-06-10,1979-06-10,10.0,60.0,480.0,732.0,1023.0,NO
datos_11077030,6.616666667,-76.75,1979-06-13,1979-06-13,1979-06-13,6.0,17.0,409.0,742.0,1033.0,NO
datos_11077030,6.616666667,-76.75,1979-06-14,1979-06-14,1979-06-14,4.0,23.0,399.0,745.0,1039.0,NO
datos_11077030,6.616666667,-76.75,1979-06-15,1979-06-15,1979-06-15,3.0,20.0,384.0,739.0,1043.0,NO
datos_11077030,6.616666667,-76.75,1979-06-16,1979-06-16,1979-06-16,24.0,23.0,382.0,740.0,1046.0,NO
datos_11077030,6.616666667,-76.75,1979-06-18,1979-06-18,1979-06-18,23.0,47.0,402.0,745.0,1034.0,NO
datos_11077030,6.616666667,-76.75,1979-06-20,1979-06-20,1979-06-20,54.0,70.0,417.0,755.0,1057.0,NO
datos_11077030,6.616666667,-76.75,1979-06-22,1979-06-22,1979-06-22,45.0,114.0,461.0,730.0,1111.0,NO
datos_11077030,6.616666667,-76.75,1979-06-23,1979-06-23,1979-06-23,130.0,159.0,488.0,775.0,1156.0,NO
datos_11077030,6.616666667,-76.75,1979-06-26,1979-06-26,1979-06-26,18.0,279.0,593.0,835.0,1286.0,NO
datos_11077030,6.616666667,-76.75,1979-06-27,1979-06-27,1979-06-27,4.0,294.0,611.0,853.0,1304.0,NO
datos_11077030,6.616666667,-76.75,1979-06-28,1979-06-28,1979-06-28,5.0,274.0,575.0,813.0,1308.0,NO
datos_11077030,6.616666667,-76.75,1979-06-30,1979-06-30,1979-06-30,80.0,256.0,386.0,815.0,1276.0,NO
datos_11077030,6.616666667,-76.75,1979-07-03,1979-07-03,1979-07-03,52.0,282.0,413.0,895.0,1265.0,NO
datos_11077030,6.616666667,-76.75,1979-07-05,1979-07-05,1979-07-05,6.0,159.0,458.0,947.0,1255.0,NO
datos_11077030,6.616666667,-76.75,1979-07-09,1979-07-09,1979-07-09,10.0,143.0,464.0,944.0,1226.0,NO
datos_11077030,6.616666667,-76.75,1979-07-10,1979-07-10,1979-07-10,6.0,148.0,474.0,954.0,1206.0,NO
datos_11077030,6.616666667,-76.75,1979-07-11,1979-07-11,1979-07-11,6.0,154.0,480.0,887.0,1212.0,NO
datos_11077030,6.616666667,-76.75,1979-07-12,1979-07-12,1979-07-12,14.0,80.0,476.0,893.0,1218.0,NO
datos_11077030,6.616666667,-76.75,1979-07-13,1979-07-13,1979-07-13,21.0,94.0,490.0,899.0,1232.0,NO
datos_11077030,6.616666667,-76.75,1979-07-14,1979-07-14,1979-07-14,3.0,115.0,511.0,904.0,1250.0,NO
datos_11077030,6.616666667,-76.75,1979-07-15,1979-07-15,1979-07-15,5.0,66.0,508.0,888.0,1243.0,NO
datos_11077030,6.616666667,-76.75,1979-07-16,1979-07-16,1979-07-16,15.0,71.0,509.0,888.0,1246.0,NO
datos_11077030,6.616666667,-76.75,1979-07-18,1979-07-18,1979-07-18,4.0,80.0,497.0,899.0,1242.0,NO
datos_11077030,6.616666667,-76.75,1979-07-19,1979-07-19,1979-07-19,2.0,84.0,501.0,895.0,1243.0,NO
datos_11077030,6.616666667,-76.75,1979-07-21,1979-07-21,1979-07-21,3.0,76.0,480.0,897.0,1180.0,NO
datos_11077030,6.616666667,-76.75,1979-07-23,1979-07-23,1979-07-23,12.0,67.0,429.0,872.0,1159.0,NO
datos_11077030,6.616666667,-76.75,1979-07-24,1979-07-24,1979-07-24,58.0,65.0,396.0,879.0,1171.0,NO
datos_11077030,6.616666667,-76.75,1979-07-25,1979-07-25,1979-07-25,14.0,102.0,324.0,937.0,1214.0,NO
datos_11077030,6.616666667,-76.75,1979-07-26,1979-07-26,1979-07-26,43.0,113.0,338.0,931.0,1173.0,NO
datos_11077030,6.616666667,-76.75,1979-07-28,1979-07-28,1979-07-28,17.0,136.0,363.0,934.0,1172.0,NO
datos_11077030,6.616666667,-76.75,1979-07-29,1979-07-29,1979-07-29,49.0,153.0,376.0,947.0,1187.0,NO
datos_11077030,6.616666667,-76.75,1979-07-31,1979-07-31,1979-07-31,7.0,196.0,420.0,806.0,1235.0,NO
datos_11077030,6.616666667,-76.75,1979-08-01,1979-08-01,1979-08-01,19.0,203.0,347.0,764.0,1242.0,NO
datos_11077030,6.616666667,-76.75,1979-08-06,1979-08-06,1979-08-06,6.0,135.0,308.0,772.0,1254.0,NO
datos_11077030,6.616666667,-76.75,1979-08-12,1979-08-12,1979-08-12,30.0,25.0,292.0,768.0,1177.0,NO
datos_11077030,6.616666667,-76.75,1979-08-13,1979-08-13,1979-08-13,4.0,36.0,308.0,798.0,1191.0,NO
datos_11077030,6.616666667,-76.75,1979-08-14,1979-08-14,1979-08-14,13.0,40.0,291.0,796.0,1176.0,NO
datos_11077030,6.616666667,-76.75,1979-08-15,1979-08-15,1979-08-15,34.0,53.0,301.0,805.0,1184.0,NO
datos_11077030,6.616666667,-76.75,1979-08-16,1979-08-16,1979-08-16,4.0,87.0,330.0,836.0,1214.0,NO
datos_11077030,6.616666667,-76.75,1979-08-17,1979-08-17,1979-08-17,78.0,91.0,319.0,816.0,1218.0,NO
datos_11077030,6.616666667,-76.75,1979-08-19,1979-08-19,1979-08-19,20.0,163.0,393.0,871.0,1288.0,NO
datos_11077030,6.616666667,-76.75,1979-08-20,1979-08-20,1979-08-20,10.0,183.0,411.0,891.0,1308.0,NO
datos_11077030,6.616666667,-76.75,1979-08-21,1979-08-21,1979-08-21,56.0,193.0,421.0,847.0,1308.0,NO
datos_11077030,6.616666667,-76.75,1979-08-22,1979-08-22,1979-08-22,30.0,249.0,474.0,903.0,1346.0,NO
datos_11077030,6.616666667,-76.75,1979-08-23,1979-08-23,1979-08-23,70.0,279.0,504.0,888.0,1371.0,NO
datos_11077030,6.616666667,-76.75,1979-08-24,1979-08-24,1979-08-24,4.0,319.0,562.0,828.0,1441.0,NO
datos_11077030,6.616666667,-76.75,1979-08-26,1979-08-26,1979-08-26,24.0,306.0,494.0,832.0,1425.0,NO
datos_11077030,6.616666667,-76.75,1979-08-27,1979-08-27,1979-08-27,4.0,296.0,475.0,838.0,1409.0,NO
datos_11077030,6.616666667,-76.75,1979-08-28,1979-08-28,1979-08-28,3.0,296.0,479.0,838.0,1409.0,NO
datos_11077030,6.616666667,-76.75,1979-08-29,1979-08-29,1979-08-29,4.0,221.0,465.0,836.0,1222.0,NO
datos_11077030,6.616666667,-76.75,1979-08-31,1979-08-31,1979-08-31,9.0,205.0,420.0,760.0,1177.0,NO
datos_11077030,6.616666667,-76.75,1979-09-01,1979-09-01,1979-09-01,4.0,204.0,422.0,769.0,1182.0,NO
datos_11077030,6.616666667,-76.75,1979-09-02,1979-09-02,1979-09-02,9.0,152.0,407.0,773.0,1186.0,NO
datos_11077030,6.616666667,-76.75,1979-09-03,1979-09-03,1979-09-03,24.0,131.0,416.0,730.0,1188.0,NO
datos_11077030,6.616666667,-76.75,1979-09-04,1979-09-04,1979-09-04,56.0,85.0,440.0,754.0,1212.0,NO
datos_11077030,6.616666667,-76.75,1979-09-05,1979-09-05,1979-09-05,64.0,137.0,496.0,804.0,1268.0,NO
datos_11077030,6.616666667,-76.75,1979-09-06,1979-09-06,1979-09-06,4.0,201.0,560.0,868.0,1332.0,NO
datos_11077030,6.616666667,-76.75,1979-09-09,1979-09-09,1979-09-09,10.0,174.0,558.0,862.0,1336.0,NO
datos_11077030,6.616666667,-76.75,1979-09-10,1979-09-10,1979-09-10,8.0,180.0,568.0,866.0,1336.0,NO
datos_11077030,6.616666667,-76.75,1979-09-12,1979-09-12,1979-09-12,34.0,179.0,576.0,854.0,1344.0,NO
datos_11077030,6.616666667,-76.75,1979-09-13,1979-09-13,1979-09-13,81.0,209.0,580.0,867.0,1372.0,NO
datos_11077030,6.616666667,-76.75,1979-09-18,1979-09-18,1979-09-18,82.0,133.0,528.0,921.0,1399.0,NO
datos_11077030,6.616666667,-76.75,1979-09-19,1979-09-19,1979-09-19,10.0,215.0,610.0,1001.0,1481.0,NO
datos_11077030,6.616666667,-76.75,1979-09-20,1979-09-20,1979-09-20,4.0,225.0,600.0,1011.0,1437.0,NO
datos_11077030,6.616666667,-76.75,1979-09-21,1979-09-21,1979-09-21,15.0,219.0,594.0,1012.0,1441.0,NO
datos_11077030,6.616666667,-76.75,1979-09-22,1979-09-22,1979-09-22,4.0,226.0,553.0,1027.0,1411.0,NO
datos_11077030,6.616666667,-76.75,1979-09-23,1979-09-23,1979-09-23,16.0,230.0,527.0,1019.0,1285.0,NO
datos_11077030,6.616666667,-76.75,1979-09-24,1979-09-24,1979-09-24,10.0,212.0,473.0,977.0,1301.0,NO
datos_11077030,6.616666667,-76.75,1979-09-26,1979-09-26,1979-09-26,25.0,141.0,479.0,930.0,1293.0,NO
datos_11077030,6.616666667,-76.75,1979-09-27,1979-09-27,1979-09-27,60.0,166.0,480.0,955.0,1314.0,NO
datos_11077030,6.616666667,-76.75,1979-09-29,1979-09-29,1979-09-29,10.0,226.0,533.0,949.0,1369.0,NO
datos_11077030,6.616666667,-76.75,1979-09-30,1979-09-30,1979-09-30,15.0,154.0,539.0,959.0,1299.0,NO
datos_11077030,6.616666667,-76.75,1979-10-01,1979-10-01,1979-10-01,11.0,159.0,554.0,967.0,1314.0,NO
datos_11077030,6.616666667,-76.75,1979-10-03,1979-10-03,1979-10-03,33.0,151.0,552.0,959.0,1273.0,NO
datos_11077030,6.616666667,-76.75,1979-10-05,1979-10-05,1979-10-05,50.0,164.0,552.0,992.0,1300.0,NO
datos_11077030,6.616666667,-76.75,1979-10-06,1979-10-06,1979-10-06,6.0,204.0,546.0,1042.0,1350.0,NO
datos_11077030,6.616666667,-76.75,1979-10-07,1979-10-07,1979-10-07,30.0,210.0,488.0,1042.0,1356.0,NO
datos_11077030,6.616666667,-76.75,1979-10-08,1979-10-08,1979-10-08,40.0,215.0,514.0,1072.0,1386.0,NO
datos_11077030,6.616666667,-76.75,1979-10-09,1979-10-09,1979-10-09,10.0,195.0,554.0,1112.0,1416.0,NO
datos_11077030,6.616666667,-76.75,1979-10-10,1979-10-10,1979-10-10,4.0,205.0,564.0,1122.0,1420.0,NO
datos_11077030,6.616666667,-76.75,1979-10-13,1979-10-13,1979-10-13,16.0,173.0,550.0,1096.0,1383.0,NO
datos_11077030,6.616666667,-76.75,1979-10-16,1979-10-16,1979-10-16,15.0,156.0,451.0,1061.0,1376.0,NO
datos_11077030,6.616666667,-76.75,1979-10-17,1979-10-17,1979-10-17,10.0,121.0,466.0,1072.0,1391.0,NO
datos_11077030,6.616666667,-76.75,1979-10-18,1979-10-18,1979-10-18,15.0,125.0,476.0,1004.0,1397.0,NO
datos_11077030,6.616666667,-76.75,1979-10-19,1979-10-19,1979-10-19,16.0,110.0,491.0,1019.0,1410.0,NO
datos_11077030,6.616666667,-76.75,1979-10-20,1979-10-20,1979-10-20,30.0,86.0,425.0,1015.0,1426.0,NO
datos_11077030,6.616666667,-76.75,1979-10-21,1979-10-21,1979-10-21,12.0,106.0,445.0,1035.0,1453.0,NO
datos_11077030,6.616666667,-76.75,1979-10-22,1979-10-22,1979-10-22,56.0,114.0,453.0,991.0,1465.0,NO
datos_11077030,6.616666667,-76.75,1979-10-25,1979-10-25,1979-10-25,52.0,154.0,474.0,943.0,1437.0,NO
datos_11077030,6.616666667,-76.75,1979-10-28,1979-10-28,1979-10-28,19.0,191.0,491.0,967.0,1429.0,NO
datos_11077030,6.616666667,-76.75,1979-10-30,1979-10-30,1979-10-30,4.0,185.0,450.0,979.0,1399.0,NO
datos_11077030,6.616666667,-76.75,1979-10-31,1979-10-31,1979-10-31,8.0,173.0,444.0,983.0,1396.0,NO
datos_11077030,6.616666667,-76.75,1979-11-01,1979-11-01,1979-11-01,2.0,151.0,437.0,982.0,1385.0,NO
datos_11077030,6.616666667,-76.75,1979-11-02,1979-11-02,1979-11-02,8.0,141.0,428.0,980.0,1387.0,NO
datos_11077030,6.616666667,-76.75,1979-11-03,1979-11-03,1979-11-03,5.0,93.0,436.0,979.0,1395.0,NO
datos_11077030,6.616666667,-76.75,1979-11-04,1979-11-04,1979-11-04,30.0,98.0,408.0,960.0,1400.0,NO
datos_11077030,6.616666667,-76.75,1979-11-06,1979-11-06,1979-11-06,2.0,76.0,388.0,870.0,1424.0,NO
datos_11077030,6.616666667,-76.75,1979-11-08,1979-11-08,1979-11-08,22.0,78.0,354.0,868.0,1426.0,NO
datos_11077030,6.616666667,-76.75,1979-11-13,1979-11-13,1979-11-13,11.0,67.0,322.0,838.0,1414.0,NO
datos_11077030,6.616666667,-76.75,1979-11-14,1979-11-14,1979-11-14,12.0,70.0,317.0,768.0,1412.0,NO
datos_11077030,6.616666667,-76.75,1979-11-17,1979-11-17,1979-11-17,10.0,47.0,314.0,780.0,1308.0,NO
datos_11077030,6.616666667,-76.75,1979-11-18,1979-11-18,1979-11-18,40.0,55.0,314.0,790.0,1318.0,NO
datos_11077030,6.616666667,-76.75,1979-11-19,1979-11-19,1979-11-19,40.0,95.0,339.0,748.0,1338.0,NO
datos_11077030,6.616666667,-76.75,1979-11-20,1979-11-20,1979-11-20,42.0,113.0,363.0,778.0,1368.0,NO
datos_11077030,6.616666667,-76.75,1979-11-21,1979-11-21,1979-11-21,6.0,155.0,375.0,816.0,1354.0,NO
datos_11077030,6.616666667,-76.75,1979-11-22,1979-11-22,1979-11-22,5.0,161.0,369.0,807.0,1330.0,NO
datos_11077030,6.616666667,-76.75,1979-11-23,1979-11-23,1979-11-23,4.0,166.0,318.0,808.0,1265.0,NO
datos_11077030,6.616666667,-76.75,1979-11-24,1979-11-24,1979-11-24,20.0,170.0,322.0,796.0,1265.0,NO
datos_11077030,6.616666667,-76.75,1979-11-27,1979-11-27,1979-11-27,3.0,167.0,290.0,781.0,1257.0,NO
datos_11077030,6.616666667,-76.75,1979-11-29,1979-11-29,1979-11-29,4.0,160.0,274.0,724.0,1253.0,NO
datos_11077030,6.616666667,-76.75,1979-12-01,1979-12-01,1979-12-01,3.0,84.0,274.0,703.0,1248.0,NO
datos_11077030,6.616666667,-76.75,1979-12-02,1979-12-02,1979-12-02,5.0,45.0,269.0,695.0,1247.0,NO
datos_11077030,6.616666667,-76.75,1979-12-03,1979-12-03,1979-12-03,7.0,44.0,272.0,700.0,1243.0,NO
datos_11077030,6.616666667,-76.75,1979-12-06,1979-12-06,1979-12-06,20.0,22.0,236.0,624.0,1106.0,NO
datos_11077030,6.616666667,-76.75,1979-12-07,1979-12-07,1979-12-07,6.0,42.0,256.0,638.0,1122.0,NO
datos_11077030,6.616666667,-76.75,1979-12-11,1979-12-11,1979-12-11,55.0,41.0,238.0,560.0,1110.0,NO
datos_11077030,6.616666667,-76.75,1979-12-12,1979-12-12,1979-12-12,54.0,96.0,293.0,615.0,1165.0,NO
datos_11077030,6.616666667,-76.75,1979-12-15,1979-12-15,1979-12-15,1.0,135.0,336.0,653.0,1104.0,NO
datos_11077030,6.616666667,-76.75,1979-12-16,1979-12-16,1979-12-16,7.0,136.0,325.0,654.0,1105.0,NO
datos_11077030,6.616666667,-76.75,1979-12-18,1979-12-18,1979-12-18,54.0,123.0,332.0,636.0,1112.0,NO
datos_11077030,6.616666667,-76.75,1979-12-23,1979-12-23,1979-12-23,2.0,116.0,248.0,561.0,1051.0,NO
datos_11077030,6.616666667,-76.75,1979-12-27,1979-12-27,1979-12-27,10.0,63.0,221.0,511.0,1002.0,NO
datos_11077030,6.616666667,-76.75,1979-12-29,1979-12-29,1979-12-29,88.0,66.0,228.0,502.0,952.0,NO
datos_11077030,6.616666667,-76.75,1979-12-30,1979-12-30,1979-12-30,55.0,100.0,316.0,590.0,1030.0,NO
datos_11077030,6.616666667,-76.75,1980-01-02,1980-01-02,1980-01-02,5.0,155.0,364.0,631.0,1059.0,NO
datos_11077030,6.616666667,-76.75,1980-01-03,1980-01-03,1980-01-03,10.0,160.0,364.0,628.0,1031.0,NO
datos_11077030,6.616666667,-76.75,1980-01-04,1980-01-04,1980-01-04,11.0,168.0,367.0,633.0,1041.0,NO
datos_11077030,6.616666667,-76.75,1980-01-05,1980-01-05,1980-01-05,16.0,179.0,378.0,614.0,1002.0,NO
datos_11077030,6.616666667,-76.75,1980-01-08,1980-01-08,1980-01-08,5.0,185.0,368.0,628.0,942.0,NO
datos_11077030,6.616666667,-76.75,1980-01-10,1980-01-10,1980-01-10,70.0,102.0,373.0,611.0,933.0,NO
datos_11077030,6.616666667,-76.75,1980-01-13,1980-01-13,1980-01-13,55.0,117.0,334.0,681.0,987.0,NO
datos_11077030,6.616666667,-76.75,1980-01-14,1980-01-14,1980-01-14,10.0,167.0,389.0,725.0,1042.0,NO
datos_11077030,6.616666667,-76.75,1980-01-15,1980-01-15,1980-01-15,10.0,167.0,399.0,723.0,1052.0,NO
datos_11077030,6.616666667,-76.75,1980-01-17,1980-01-17,1980-01-17,10.0,150.0,401.0,733.0,1037.0,NO
datos_11077030,6.616666667,-76.75,1980-01-18,1980-01-18,1980-01-18,100.0,160.0,411.0,733.0,1032.0,NO
datos_11077030,6.616666667,-76.75,1980-01-19,1980-01-19,1980-01-19,11.0,260.0,457.0,793.0,1116.0,NO
datos_11077030,6.616666667,-76.75,1980-01-23,1980-01-23,1980-01-23,10.0,196.0,468.0,711.0,1029.0,NO
datos_11077030,6.616666667,-76.75,1980-01-27,1980-01-27,1980-01-27,20.0,131.0,476.0,697.0,987.0,NO
datos_11077030,6.616666667,-76.75,1980-01-30,1980-01-30,1980-01-30,120.0,41.0,398.0,710.0,984.0,NO
datos_11077030,6.616666667,-76.75,1980-02-08,1980-02-08,1980-02-08,60.0,120.0,421.0,789.0,1027.0,NO
datos_11077030,6.616666667,-76.75,1980-02-09,1980-02-09,1980-02-09,44.0,180.0,476.0,849.0,1087.0,NO
datos_11077030,6.616666667,-76.75,1980-02-15,1980-02-15,1980-02-15,25.0,104.0,385.0,783.0,1108.0,NO
datos_11077030,6.616666667,-76.75,1980-02-18,1980-02-18,1980-02-18,5.0,129.0,390.0,747.0,1083.0,NO
datos_11077030,6.616666667,-76.75,1980-02-19,1980-02-19,1980-02-19,15.0,134.0,295.0,752.0,1048.0,NO
datos_11077030,6.616666667,-76.75,1980-02-20,1980-02-20,1980-02-20,97.0,89.0,299.0,767.0,1021.0,NO
datos_11077030,6.616666667,-76.75,1980-02-21,1980-02-21,1980-02-21,5.0,142.0,396.0,864.0,1112.0,NO
datos_11077030,6.616666667,-76.75,1980-02-23,1980-02-23,1980-02-23,30.0,147.0,401.0,867.0,1108.0,NO
datos_11077030,6.616666667,-76.75,1980-02-25,1980-02-25,1980-02-25,20.0,177.0,421.0,897.0,1118.0,NO
datos_11077030,6.616666667,-76.75,1980-03-04,1980-03-04,1980-03-04,20.0,50.0,301.0,759.0,1116.0,NO
datos_11077030,6.616666667,-76.75,1980-03-06,1980-03-06,1980-03-06,13.0,40.0,321.0,758.0,1136.0,NO
datos_11077030,6.616666667,-76.75,1980-03-15,1980-03-15,1980-03-15,9.0,33.0,230.0,625.0,1014.0,NO
datos_11077030,6.616666667,-76.75,1980-03-18,1980-03-18,1980-03-18,7.0,9.0,214.0,614.0,1015.0,NO
datos_11077030,6.616666667,-76.75,1980-03-19,1980-03-19,1980-03-19,5.0,16.0,221.0,611.0,968.0,NO
datos_11077030,6.616666667,-76.75,1980-03-22,1980-03-22,1980-03-22,5.0,21.0,206.0,505.0,973.0,NO
datos_11077030,6.616666667,-76.75,1980-03-29,1980-03-29,1980-03-29,95.0,17.0,59.0,480.0,966.0,NO
datos_11077030,6.616666667,-76.75,1980-03-31,1980-03-31,1980-03-31,11.0,100.0,154.0,575.0,918.0,NO
datos_11077030,6.616666667,-76.75,1980-04-01,1980-04-01,1980-04-01,22.0,111.0,165.0,466.0,929.0,NO
datos_11077030,6.616666667,-76.75,1980-04-02,1980-04-02,1980-04-02,21.0,133.0,187.0,488.0,951.0,NO
datos_11077030,6.616666667,-76.75,1980-04-03,1980-04-03,1980-04-03,5.0,149.0,208.0,509.0,967.0,NO
datos_11077030,6.616666667,-76.75,1980-04-04,1980-04-04,1980-04-04,12.0,154.0,213.0,514.0,962.0,NO
datos_11077030,6.616666667,-76.75,1980-04-07,1980-04-07,1980-04-07,7.0,166.0,192.0,526.0,947.0,NO
datos_11077030,6.616666667,-76.75,1980-04-14,1980-04-14,1980-04-14,20.0,24.0,199.0,429.0,824.0,NO
datos_11077030,6.616666667,-76.75,1980-04-17,1980-04-17,1980-04-17,27.0,27.0,210.0,424.0,824.0,NO
datos_11077030,6.616666667,-76.75,1980-04-18,1980-04-18,1980-04-18,2.0,54.0,237.0,451.0,841.0,NO
datos_11077030,6.616666667,-76.75,1980-04-19,1980-04-19,1980-04-19,7.0,49.0,232.0,453.0,743.0,NO
datos_11077030,6.616666667,-76.75,1980-04-21,1980-04-21,1980-04-21,55.0,56.0,234.0,440.0,739.0,NO
datos_11077030,6.616666667,-76.75,1980-04-23,1980-04-23,1980-04-23,20.0,111.0,284.0,393.0,794.0,NO
datos_11077030,6.616666667,-76.75,1980-04-24,1980-04-24,1980-04-24,5.0,131.0,304.0,413.0,804.0,NO
datos_11077030,6.616666667,-76.75,1980-04-27,1980-04-27,1980-04-27,6.0,116.0,309.0,368.0,809.0,NO
datos_11077030,6.616666667,-76.75,1980-04-28,1980-04-28,1980-04-28,7.0,122.0,315.0,374.0,795.0,NO
datos_11077030,6.616666667,-76.75,1980-04-29,1980-04-29,1980-04-29,11.0,102.0,322.0,381.0,802.0,NO
datos_11077030,6.616666667,-76.75,1980-04-30,1980-04-30,1980-04-30,60.0,111.0,238.0,392.0,813.0,NO
datos_11077030,6.616666667,-76.75,1980-05-01,1980-05-01,1980-05-01,26.0,164.0,298.0,452.0,753.0,NO
datos_11077030,6.616666667,-76.75,1980-05-04,1980-05-04,1980-05-04,6.0,135.0,270.0,478.0,779.0,NO
datos_11077030,6.616666667,-76.75,1980-05-05,1980-05-05,1980-05-05,40.0,121.0,271.0,464.0,785.0,NO
datos_11077030,6.616666667,-76.75,1980-05-06,1980-05-06,1980-05-06,100.0,156.0,299.0,504.0,825.0,NO
datos_11077030,6.616666667,-76.75,1980-05-07,1980-05-07,1980-05-07,4.0,256.0,399.0,591.0,925.0,NO
datos_11077030,6.616666667,-76.75,1980-05-10,1980-05-10,1980-05-10,10.0,247.0,396.0,595.0,869.0,NO
datos_11077030,6.616666667,-76.75,1980-05-11,1980-05-11,1980-05-11,5.0,246.0,406.0,605.0,835.0,NO
datos_11077030,6.616666667,-76.75,1980-05-12,1980-05-12,1980-05-12,18.0,191.0,411.0,610.0,840.0,NO
datos_11077030,6.616666667,-76.75,1980-05-13,1980-05-13,1980-05-13,5.0,183.0,429.0,628.0,858.0,NO
datos_11077030,6.616666667,-76.75,1980-05-14,1980-05-14,1980-05-14,6.0,188.0,434.0,633.0,863.0,NO
datos_11077030,6.616666667,-76.75,1980-05-16,1980-05-16,1980-05-16,73.0,188.0,420.0,630.0,869.0,NO
datos_11077030,6.616666667,-76.75,1980-05-17,1980-05-17,1980-05-17,5.0,221.0,493.0,703.0,917.0,NO
datos_11077030,6.616666667,-76.75,1980-05-19,1980-05-19,1980-05-19,5.0,122.0,471.0,701.0,922.0,NO
datos_11077030,6.616666667,-76.75,1980-05-20,1980-05-20,1980-05-20,15.0,127.0,474.0,701.0,922.0,NO
datos_11077030,6.616666667,-76.75,1980-05-21,1980-05-21,1980-05-21,70.0,142.0,482.0,716.0,922.0,NO
datos_11077030,6.616666667,-76.75,1980-05-23,1980-05-23,1980-05-23,7.0,197.0,497.0,781.0,890.0,NO
datos_11077030,6.616666667,-76.75,1980-05-24,1980-05-24,1980-05-24,6.0,186.0,504.0,788.0,897.0,NO
datos_11077030,6.616666667,-76.75,1980-05-25,1980-05-25,1980-05-25,70.0,187.0,490.0,794.0,873.0,NO
datos_11077030,6.616666667,-76.75,1980-05-26,1980-05-26,1980-05-26,5.0,251.0,555.0,864.0,943.0,NO
datos_11077030,6.616666667,-76.75,1980-05-27,1980-05-27,1980-05-27,4.0,256.0,560.0,869.0,928.0,NO
datos_11077030,6.616666667,-76.75,1980-05-28,1980-05-28,1980-05-28,50.0,187.0,564.0,873.0,932.0,NO
datos_11077030,6.616666667,-76.75,1980-05-30,1980-05-30,1980-05-30,20.0,232.0,601.0,828.0,982.0,NO
datos_11077030,6.616666667,-76.75,1980-05-31,1980-05-31,1980-05-31,10.0,247.0,610.0,848.0,1002.0,NO
datos_11077030,6.616666667,-76.75,1980-06-01,1980-06-01,1980-06-01,4.0,242.0,560.0,847.0,1012.0,NO
datos_11077030,6.616666667,-76.75,1980-06-07,1980-06-07,1980-06-07,50.0,88.0,392.0,791.0,983.0,NO
datos_11077030,6.616666667,-76.75,1980-06-09,1980-06-09,1980-06-09,30.0,84.0,438.0,834.0,1033.0,NO
datos_11077030,6.616666667,-76.75,1980-06-10,1980-06-10,1980-06-10,5.0,114.0,468.0,864.0,1063.0,NO
datos_11077030,6.616666667,-76.75,1980-06-11,1980-06-11,1980-06-11,60.0,99.0,463.0,869.0,1068.0,NO
datos_11077030,6.616666667,-76.75,1980-06-16,1980-06-16,1980-06-16,35.0,145.0,489.0,909.0,1119.0,NO
datos_11077030,6.616666667,-76.75,1980-06-17,1980-06-17,1980-06-17,32.0,180.0,451.0,944.0,1154.0,NO
datos_11077030,6.616666667,-76.75,1980-06-18,1980-06-18,1980-06-18,33.0,212.0,478.0,949.0,1179.0,NO
datos_11077030,6.616666667,-76.75,1980-06-19,1980-06-19,1980-06-19,20.0,195.0,511.0,980.0,1207.0,NO
datos_11077030,6.616666667,-76.75,1980-06-20,1980-06-20,1980-06-20,4.0,215.0,526.0,993.0,1227.0,NO
datos_11077030,6.616666667,-76.75,1980-06-21,1980-06-21,1980-06-21,7.0,189.0,515.0,997.0,1231.0,NO
datos_11077030,6.616666667,-76.75,1980-06-24,1980-06-24,1980-06-24,3.0,131.0,445.0,929.0,1233.0,NO
datos_11077030,6.616666667,-76.75,1980-06-25,1980-06-25,1980-06-25,53.0,134.0,442.0,927.0,1236.0,NO
datos_11077030,6.616666667,-76.75,1980-06-27,1980-06-27,1980-06-27,7.0,187.0,420.0,980.0,1289.0,NO
datos_11077030,6.616666667,-76.75,1980-06-28,1980-06-28,1980-06-28,15.0,159.0,423.0,981.0,1296.0,NO
datos_11077030,6.616666667,-76.75,1980-06-29,1980-06-29,1980-06-29,5.0,142.0,388.0,989.0,1216.0,NO
datos_11077030,6.616666667,-76.75,1980-07-01,1980-07-01,1980-07-01,2.0,94.0,373.0,923.0,1210.0,NO
datos_11077030,6.616666667,-76.75,1980-07-02,1980-07-02,1980-07-02,30.0,92.0,365.0,899.0,1190.0,NO
datos_11077030,6.616666667,-76.75,1980-07-03,1980-07-03,1980-07-03,2.0,115.0,391.0,929.0,1199.0,NO
datos_11077030,6.616666667,-76.75,1980-07-05,1980-07-05,1980-07-05,6.0,117.0,393.0,925.0,1184.0,NO
datos_11077030,6.616666667,-76.75,1980-07-07,1980-07-07,1980-07-07,27.0,67.0,399.0,791.0,1190.0,NO
datos_11077030,6.616666667,-76.75,1980-07-08,1980-07-08,1980-07-08,5.0,94.0,426.0,814.0,1210.0,NO
datos_11077030,6.616666667,-76.75,1980-07-09,1980-07-09,1980-07-09,7.0,92.0,381.0,819.0,1215.0,NO
datos_11077030,6.616666667,-76.75,1980-07-10,1980-07-10,1980-07-10,30.0,84.0,388.0,826.0,1222.0,NO
datos_11077030,6.616666667,-76.75,1980-07-12,1980-07-12,1980-07-12,10.0,109.0,383.0,841.0,1252.0,NO
datos_11077030,6.616666667,-76.75,1980-07-13,1980-07-13,1980-07-13,5.0,117.0,333.0,833.0,1262.0,NO
datos_11077030,6.616666667,-76.75,1980-07-14,1980-07-14,1980-07-14,45.0,92.0,338.0,833.0,1267.0,NO
datos_11077030,6.616666667,-76.75,1980-07-15,1980-07-15,1980-07-15,13.0,135.0,383.0,872.0,1292.0,NO
datos_11077030,6.616666667,-76.75,1980-07-17,1980-07-17,1980-07-17,5.0,142.0,396.0,812.0,1305.0,NO
datos_11077030,6.616666667,-76.75,1980-07-19,1980-07-19,1980-07-19,20.0,120.0,334.0,812.0,1281.0,NO
datos_11077030,6.616666667,-76.75,1980-07-20,1980-07-20,1980-07-20,30.0,135.0,321.0,827.0,1294.0,NO
datos_11077030,6.616666667,-76.75,1980-07-21,1980-07-21,1980-07-21,40.0,158.0,331.0,842.0,1324.0,NO
datos_11077030,6.616666667,-76.75,1980-07-22,1980-07-22,1980-07-22,6.0,168.0,367.0,812.0,1309.0,NO
datos_11077030,6.616666667,-76.75,1980-07-23,1980-07-23,1980-07-23,32.0,174.0,366.0,818.0,1315.0,NO
datos_11077030,6.616666667,-76.75,1980-07-25,1980-07-25,1980-07-25,20.0,191.0,398.0,837.0,1322.0,NO
datos_11077030,6.616666667,-76.75,1980-07-26,1980-07-26,1980-07-26,74.0,166.0,415.0,787.0,1342.0,NO
datos_11077030,6.616666667,-76.75,1980-07-29,1980-07-29,1980-07-29,4.0,222.0,429.0,802.0,1403.0,NO
datos_11077030,6.616666667,-76.75,1980-08-03,1980-08-03,1980-08-03,5.0,130.0,381.0,772.0,1310.0,NO
datos_11077030,6.616666667,-76.75,1980-08-04,1980-08-04,1980-08-04,40.0,103.0,384.0,777.0,1309.0,NO
datos_11077030,6.616666667,-76.75,1980-08-08,1980-08-08,1980-08-08,44.0,49.0,391.0,767.0,1205.0,NO
datos_11077030,6.616666667,-76.75,1980-08-11,1980-08-11,1980-08-11,5.0,89.0,393.0,776.0,1234.0,NO
datos_11077030,6.616666667,-76.75,1980-08-15,1980-08-15,1980-08-15,44.0,89.0,338.0,721.0,1210.0,NO
datos_11077030,6.616666667,-76.75,1980-08-16,1980-08-16,1980-08-16,4.0,93.0,369.0,765.0,1181.0,NO
datos_11077030,6.616666667,-76.75,1980-08-18,1980-08-18,1980-08-18,40.0,97.0,368.0,702.0,1180.0,NO
datos_11077030,6.616666667,-76.75,1980-08-20,1980-08-20,1980-08-20,80.0,93.0,388.0,689.0,1200.0,NO
datos_11077030,6.616666667,-76.75,1980-08-21,1980-08-21,1980-08-21,20.0,173.0,438.0,765.0,1210.0,NO
datos_11077030,6.616666667,-76.75,1980-08-29,1980-08-29,1980-08-29,50.0,140.0,286.0,700.0,1088.0,NO
datos_11077030,6.616666667,-76.75,1980-09-01,1980-09-01,1980-09-01,7.0,70.0,332.0,743.0,1104.0,NO
datos_11077030,6.616666667,-76.75,1980-09-02,1980-09-02,1980-09-02,5.0,57.0,339.0,720.0,1111.0,NO
datos_11077030,6.616666667,-76.75,1980-09-03,1980-09-03,1980-09-03,30.0,62.0,344.0,723.0,1116.0,NO
datos_11077030,6.616666667,-76.75,1980-09-04,1980-09-04,1980-09-04,10.0,92.0,369.0,753.0,1146.0,NO
datos_11077030,6.616666667,-76.75,1980-09-06,1980-09-06,1980-09-06,50.0,102.0,339.0,757.0,1156.0,NO
datos_11077030,6.616666667,-76.75,1980-09-07,1980-09-07,1980-09-07,4.0,152.0,389.0,780.0,1156.0,NO
datos_11077030,6.616666667,-76.75,1980-09-10,1980-09-10,1980-09-10,40.0,106.0,349.0,742.0,1125.0,NO
datos_11077030,6.616666667,-76.75,1980-09-17,1980-09-17,1980-09-17,16.0,94.0,336.0,704.0,1038.0,NO
datos_11077030,6.616666667,-76.75,1980-09-18,1980-09-18,1980-09-18,44.0,60.0,352.0,720.0,1021.0,NO
datos_11077030,6.616666667,-76.75,1980-09-19,1980-09-19,1980-09-19,5.0,100.0,356.0,744.0,1045.0,NO
datos_11077030,6.616666667,-76.75,1980-09-20,1980-09-20,1980-09-20,82.0,105.0,361.0,719.0,1046.0,NO
datos_11077030,6.616666667,-76.75,1980-09-21,1980-09-21,1980-09-21,20.0,187.0,363.0,761.0,1121.0,NO
datos_11077030,6.616666667,-76.75,1980-09-22,1980-09-22,1980-09-22,24.0,167.0,363.0,775.0,1141.0,NO
datos_11077030,6.616666667,-76.75,1980-09-23,1980-09-23,1980-09-23,5.0,191.0,387.0,767.0,1165.0,NO
datos_11077030,6.616666667,-76.75,1980-09-24,1980-09-24,1980-09-24,4.0,196.0,392.0,772.0,1167.0,NO
datos_11077030,6.616666667,-76.75,1980-09-25,1980-09-25,1980-09-25,2.0,200.0,396.0,756.0,1118.0,NO
datos_11077030,6.616666667,-76.75,1980-09-26,1980-09-26,1980-09-26,130.0,202.0,398.0,684.0,1120.0,NO
datos_11077030,6.616666667,-76.75,1980-09-27,1980-09-27,1980-09-27,70.0,332.0,528.0,814.0,1243.0,NO
datos_11077030,6.616666667,-76.75,1980-09-28,1980-09-28,1980-09-28,27.0,402.0,598.0,884.0,1298.0,NO
datos_11077030,6.616666667,-76.75,1980-09-29,1980-09-29,1980-09-29,20.0,413.0,625.0,907.0,1320.0,NO
datos_11077030,6.616666667,-76.75,1980-09-30,1980-09-30,1980-09-30,60.0,389.0,595.0,927.0,1340.0,NO
datos_11077030,6.616666667,-76.75,1980-10-01,1980-10-01,1980-10-01,20.0,444.0,655.0,987.0,1398.0,NO
datos_11077030,6.616666667,-76.75,1980-10-02,1980-10-02,1980-10-02,5.0,382.0,675.0,1007.0,1388.0,NO
datos_11077030,6.616666667,-76.75,1980-10-03,1980-10-03,1980-10-03,70.0,367.0,673.0,1012.0,1391.0,NO
datos_11077030,6.616666667,-76.75,1980-10-04,1980-10-04,1980-10-04,50.0,413.0,738.0,1077.0,1461.0,NO
datos_11077030,6.616666667,-76.75,1980-10-05,1980-10-05,1980-10-05,5.0,458.0,758.0,1087.0,1505.0,NO
datos_11077030,6.616666667,-76.75,1980-10-06,1980-10-06,1980-10-06,20.0,459.0,753.0,1092.0,1510.0,NO
datos_11077030,6.616666667,-76.75,1980-10-07,1980-10-07,1980-10-07,40.0,477.0,773.0,1112.0,1503.0,NO
datos_11077030,6.616666667,-76.75,1980-10-08,1980-10-08,1980-10-08,1.0,387.0,763.0,1152.0,1538.0,NO
datos_11077030,6.616666667,-76.75,1980-10-09,1980-10-09,1980-10-09,8.0,318.0,760.0,1109.0,1532.0,NO
datos_11077030,6.616666667,-76.75,1980-10-11,1980-10-11,1980-10-11,10.0,279.0,768.0,1117.0,1510.0,NO
datos_11077030,6.616666667,-76.75,1980-10-12,1980-10-12,1980-10-12,5.0,229.0,738.0,1122.0,1510.0,NO
datos_11077030,6.616666667,-76.75,1980-10-13,1980-10-13,1980-10-13,38.0,214.0,743.0,1127.0,1510.0,NO
datos_11077030,6.616666667,-76.75,1980-10-14,1980-10-14,1980-10-14,14.0,247.0,781.0,1165.0,1503.0,NO
datos_11077030,6.616666667,-76.75,1980-10-15,1980-10-15,1980-10-15,18.0,191.0,795.0,1179.0,1504.0,NO
datos_11077030,6.616666667,-76.75,1980-10-16,1980-10-16,1980-10-16,60.0,159.0,813.0,1153.0,1522.0,NO
datos_11077030,6.616666667,-76.75,1980-10-17,1980-10-17,1980-10-17,20.0,214.0,873.0,1209.0,1577.0,NO
datos_11077030,6.616666667,-76.75,1980-10-21,1980-10-21,1980-10-21,5.0,165.0,828.0,1109.0,1507.0,NO
datos_11077030,6.616666667,-76.75,1980-10-23,1980-10-23,1980-10-23,25.0,160.0,731.0,1094.0,1474.0,NO
datos_11077030,6.616666667,-76.75,1980-10-24,1980-10-24,1980-10-24,10.0,180.0,732.0,1119.0,1499.0,NO
datos_11077030,6.616666667,-76.75,1980-10-25,1980-10-25,1980-10-25,5.0,152.0,737.0,1129.0,1489.0,NO
datos_11077030,6.616666667,-76.75,1980-10-26,1980-10-26,1980-10-26,6.0,143.0,738.0,1134.0,1420.0,NO
datos_11077030,6.616666667,-76.75,1980-10-28,1980-10-28,1980-10-28,30.0,71.0,612.0,1140.0,1426.0,NO
datos_11077030,6.616666667,-76.75,1980-10-29,1980-10-29,1980-10-29,3.0,81.0,572.0,1170.0,1452.0,NO
datos_11077030,6.616666667,-76.75,1980-10-30,1980-10-30,1980-10-30,10.0,84.0,548.0,1123.0,1455.0,NO
datos_11077030,6.616666667,-76.75,1980-11-03,1980-11-03,1980-11-03,44.0,89.0,453.0,1121.0,1460.0,NO
datos_11077030,6.616666667,-76.75,1980-11-04,1980-11-04,1980-11-04,30.0,108.0,427.0,1135.0,1464.0,NO
datos_11077030,6.616666667,-76.75,1980-11-05,1980-11-05,1980-11-05,20.0,128.0,407.0,1155.0,1494.0,NO
datos_11077030,6.616666667,-76.75,1980-11-13,1980-11-13,1980-11-13,10.0,94.0,338.0,1081.0,1465.0,NO
datos_11077030,6.616666667,-76.75,1980-11-14,1980-11-14,1980-11-14,45.0,104.0,310.0,1091.0,1475.0,NO
datos_11077030,6.616666667,-76.75,1980-11-16,1980-11-16,1980-11-16,12.0,75.0,323.0,1136.0,1472.0,NO
datos_11077030,6.616666667,-76.75,1980-11-17,1980-11-17,1980-11-17,90.0,67.0,275.0,1148.0,1484.0,NO
datos_11077030,6.616666667,-76.75,1980-11-19,1980-11-19,1980-11-19,10.0,157.0,345.0,1178.0,1534.0,NO
datos_11077030,6.616666667,-76.75,1980-11-20,1980-11-20,1980-11-20,40.0,167.0,355.0,1183.0,1464.0,NO
datos_11077030,6.616666667,-76.75,1980-11-21,1980-11-21,1980-11-21,10.0,207.0,395.0,1141.0,1484.0,NO
datos_11077030,6.616666667,-76.75,1980-11-23,1980-11-23,1980-11-23,30.0,217.0,400.0,1107.0,1494.0,NO
datos_11077030,6.616666667,-76.75,1980-11-24,1980-11-24,1980-11-24,5.0,247.0,405.0,1132.0,1524.0,NO
datos_11077030,6.616666667,-76.75,1980-11-26,1980-11-26,1980-11-26,4.0,197.0,395.0,1131.0,1529.0,NO
datos_11077030,6.616666667,-76.75,1980-11-27,1980-11-27,1980-11-27,103.0,201.0,393.0,1005.0,1533.0,NO
datos_11077030,6.616666667,-76.75,1980-11-28,1980-11-28,1980-11-28,5.0,292.0,496.0,1038.0,1636.0,NO
datos_11077030,6.616666667,-76.75,1980-11-30,1980-11-30,1980-11-30,25.0,207.0,468.0,996.0,1591.0,NO
datos_11077030,6.616666667,-76.75,1980-12-01,1980-12-01,1980-12-01,30.0,222.0,483.0,961.0,1616.0,NO
datos_11077030,6.616666667,-76.75,1980-12-02,1980-12-02,1980-12-02,50.0,212.0,513.0,971.0,1639.0,NO
datos_11077030,6.616666667,-76.75,1980-12-03,1980-12-03,1980-12-03,35.0,252.0,563.0,1016.0,1684.0,NO
datos_11077030,6.616666667,-76.75,1980-12-04,1980-12-04,1980-12-04,64.0,287.0,598.0,981.0,1689.0,NO
datos_11077030,6.616666667,-76.75,1980-12-05,1980-12-05,1980-12-05,5.0,321.0,618.0,995.0,1743.0,NO
datos_11077030,6.616666667,-76.75,1980-12-06,1980-12-06,1980-12-06,138.0,321.0,593.0,995.0,1748.0,NO
datos_11077030,6.616666667,-76.75,1980-12-07,1980-12-07,1980-12-07,26.0,459.0,711.0,1113.0,1836.0,NO
datos_11077030,6.616666667,-76.75,1980-12-08,1980-12-08,1980-12-08,12.0,481.0,737.0,1099.0,1858.0,NO
datos_11077030,6.616666667,-76.75,1980-12-09,1980-12-09,1980-12-09,16.0,390.0,749.0,1110.0,1870.0,NO
datos_11077030,6.616666667,-76.75,1980-12-11,1980-12-11,1980-12-11,25.0,401.0,765.0,1118.0,1846.0,NO
datos_11077030,6.616666667,-76.75,1980-12-12,1980-12-12,1980-12-12,34.0,401.0,790.0,1133.0,1871.0,NO
datos_11077030,6.616666667,-76.75,1980-12-13,1980-12-13,1980-12-13,40.0,405.0,824.0,1162.0,1905.0,NO
datos_11077030,6.616666667,-76.75,1980-12-16,1980-12-16,1980-12-16,15.0,296.0,809.0,1132.0,1945.0,NO
datos_11077030,6.616666667,-76.75,1980-12-17,1980-12-17,1980-12-17,100.0,306.0,824.0,1087.0,1960.0,NO
datos_11077030,6.616666667,-76.75,1980-12-18,1980-12-18,1980-12-18,100.0,268.0,912.0,1167.0,2044.0,NO
datos_11077030,6.616666667,-76.75,1980-12-19,1980-12-19,1980-12-19,35.0,342.0,922.0,1267.0,2100.0,NO
datos_11077030,6.616666667,-76.75,1980-12-20,1980-12-20,1980-12-20,9.0,365.0,957.0,1302.0,2130.0,NO
datos_11077030,6.616666667,-76.75,1980-12-21,1980-12-21,1980-12-21,15.0,358.0,956.0,1311.0,2057.0,NO
datos_11077030,6.616666667,-76.75,1980-12-22,1980-12-22,1980-12-22,8.0,373.0,931.0,1321.0,2052.0,NO
datos_11077030,6.616666667,-76.75,1980-12-23,1980-12-23,1980-12-23,50.0,356.0,929.0,1329.0,2036.0,NO
datos_11077030,6.616666667,-76.75,1980-12-24,1980-12-24,1980-12-24,12.0,372.0,979.0,1354.0,2081.0,NO
datos_11077030,6.616666667,-76.75,1980-12-25,1980-12-25,1980-12-25,14.0,344.0,961.0,1356.0,2089.0,NO
datos_11077030,6.616666667,-76.75,1980-12-28,1980-12-28,1980-12-28,30.0,343.0,966.0,1359.0,1901.0,NO
datos_11077030,6.616666667,-76.75,1980-12-29,1980-12-29,1980-12-29,20.0,273.0,893.0,1359.0,1904.0,NO
datos_11077030,6.616666667,-76.75,1981-01-05,1981-01-05,1981-01-05,3.0,64.0,704.0,1292.0,1694.0,NO
datos_11077030,6.616666667,-76.75,1981-01-07,1981-01-07,1981-01-07,12.0,53.0,564.0,1275.0,1637.0,NO
datos_11077030,6.616666667,-76.75,1981-01-08,1981-01-08,1981-01-08,12.0,65.0,550.0,1287.0,1648.0,NO
datos_11077030,6.616666667,-76.75,1981-01-09,1981-01-09,1981-01-09,5.0,47.0,550.0,1299.0,1652.0,NO
datos_11077030,6.616666667,-76.75,1981-01-27,1981-01-27,1981-01-27,40.0,0.0,82.0,1048.0,1441.0,NO
datos_11077030,6.616666667,-76.75,1981-01-28,1981-01-28,1981-01-28,34.0,40.0,122.0,985.0,1451.0,NO
datos_11077030,6.616666667,-76.75,1981-01-29,1981-01-29,1981-01-29,17.0,74.0,126.0,1014.0,1482.0,NO
datos_11077030,6.616666667,-76.75,1981-01-30,1981-01-30,1981-01-30,4.0,91.0,123.0,1031.0,1489.0,NO
datos_11077030,6.616666667,-76.75,1981-02-02,1981-02-02,1981-02-02,60.0,95.0,127.0,930.0,1493.0,NO
datos_11077030,6.616666667,-76.75,1981-02-03,1981-02-03,1981-02-03,5.0,155.0,187.0,955.0,1509.0,NO
datos_11077030,6.616666667,-76.75,1981-02-04,1981-02-04,1981-02-04,13.0,160.0,192.0,896.0,1484.0,NO
datos_11077030,6.616666667,-76.75,1981-02-05,1981-02-05,1981-02-05,25.0,173.0,205.0,904.0,1477.0,NO
datos_11077030,6.616666667,-76.75,1981-02-06,1981-02-06,1981-02-06,7.0,198.0,227.0,791.0,1502.0,NO
datos_11077030,6.616666667,-76.75,1981-02-07,1981-02-07,1981-02-07,15.0,205.0,234.0,772.0,1509.0,NO
datos_11077030,6.616666667,-76.75,1981-02-08,1981-02-08,1981-02-08,85.0,180.0,237.0,775.0,1524.0,NO
datos_11077030,6.616666667,-76.75,1981-02-09,1981-02-09,1981-02-09,5.0,231.0,310.0,844.0,1609.0,NO
datos_11077030,6.616666667,-76.75,1981-02-10,1981-02-10,1981-02-10,80.0,219.0,310.0,849.0,1614.0,NO
datos_11077030,6.616666667,-76.75,1981-02-11,1981-02-11,1981-02-11,5.0,295.0,390.0,904.0,1694.0,NO
datos_11077030,6.616666667,-76.75,1981-02-12,1981-02-12,1981-02-12,102.0,300.0,395.0,875.0,1699.0,NO
datos_11077030,6.616666667,-76.75,1981-02-13,1981-02-13,1981-02-13,80.0,402.0,497.0,937.0,1791.0,NO
datos_11077030,6.616666667,-76.75,1981-02-17,1981-02-17,1981-02-17,12.0,379.0,577.0,902.0,1724.0,NO
datos_11077030,6.616666667,-76.75,1981-02-18,1981-02-18,1981-02-18,60.0,384.0,589.0,814.0,1736.0,NO
datos_11077030,6.616666667,-76.75,1981-02-19,1981-02-19,1981-02-19,13.0,429.0,649.0,839.0,1786.0,NO
datos_11077030,6.616666667,-76.75,1981-02-20,1981-02-20,1981-02-20,14.0,357.0,662.0,843.0,1759.0,NO
datos_11077030,6.616666667,-76.75,1981-02-21,1981-02-21,1981-02-21,30.0,366.0,676.0,842.0,1763.0,NO
datos_11077030,6.616666667,-76.75,1981-02-22,1981-02-22,1981-02-22,20.0,316.0,706.0,864.0,1793.0,NO
datos_11077030,6.616666667,-76.75,1981-02-24,1981-02-24,1981-02-24,15.0,229.0,726.0,822.0,1778.0,NO
datos_11077030,6.616666667,-76.75,1981-02-27,1981-02-27,1981-02-27,11.0,164.0,741.0,823.0,1686.0,NO
datos_11077030,6.616666667,-76.75,1981-03-02,1981-03-02,1981-03-02,20.0,103.0,661.0,784.0,1667.0,NO
datos_11077030,6.616666667,-76.75,1981-03-03,1981-03-03,1981-03-03,4.0,110.0,677.0,804.0,1657.0,NO
datos_11077030,6.616666667,-76.75,1981-03-04,1981-03-04,1981-03-04,50.0,100.0,681.0,808.0,1611.0,NO
datos_11077030,6.616666667,-76.75,1981-03-05,1981-03-05,1981-03-05,12.0,120.0,731.0,858.0,1626.0,NO
datos_11077030,6.616666667,-76.75,1981-03-06,1981-03-06,1981-03-06,10.0,112.0,683.0,870.0,1574.0,NO
datos_11077030,6.616666667,-76.75,1981-03-07,1981-03-07,1981-03-07,70.0,122.0,688.0,880.0,1579.0,NO
datos_11077030,6.616666667,-76.75,1981-03-08,1981-03-08,1981-03-08,80.0,177.0,745.0,947.0,1511.0,NO
datos_11077030,6.616666667,-76.75,1981-03-09,1981-03-09,1981-03-09,10.0,257.0,800.0,1027.0,1565.0,NO
datos_11077030,6.616666667,-76.75,1981-03-11,1981-03-11,1981-03-11,103.0,256.0,788.0,1013.0,1547.0,NO
datos_11077030,6.616666667,-76.75,1981-03-12,1981-03-12,1981-03-12,6.0,359.0,806.0,1111.0,1650.0,NO
datos_11077030,6.616666667,-76.75,1981-03-14,1981-03-14,1981-03-14,7.0,345.0,727.0,1117.0,1597.0,NO
datos_11077030,6.616666667,-76.75,1981-03-15,1981-03-15,1981-03-15,12.0,348.0,729.0,1124.0,1564.0,NO
datos_11077030,6.616666667,-76.75,1981-03-21,1981-03-21,1981-03-21,19.0,128.0,547.0,1136.0,1326.0,NO
datos_11077030,6.616666667,-76.75,1981-03-28,1981-03-28,1981-03-28,30.0,19.0,414.0,1155.0,1237.0,NO
datos_11077030,6.616666667,-76.75,1981-03-29,1981-03-29,1981-03-29,60.0,49.0,444.0,1185.0,1267.0,NO
datos_11077030,6.616666667,-76.75,1981-03-30,1981-03-30,1981-03-30,50.0,109.0,504.0,1205.0,1297.0,NO
datos_11077030,6.616666667,-76.75,1981-04-02,1981-04-02,1981-04-02,10.0,140.0,543.0,1200.0,1327.0,NO
datos_11077030,6.616666667,-76.75,1981-04-04,1981-04-04,1981-04-04,5.0,150.0,529.0,1210.0,1337.0,NO
datos_11077030,6.616666667,-76.75,1981-04-10,1981-04-10,1981-04-10,30.0,65.0,302.0,1090.0,1315.0,NO
datos_11077030,6.616666667,-76.75,1981-04-12,1981-04-12,1981-04-12,151.0,45.0,229.0,1030.0,1340.0,NO
datos_11077030,6.616666667,-76.75,1981-04-13,1981-04-13,1981-04-13,10.0,196.0,374.0,1101.0,1491.0,NO
datos_11077030,6.616666667,-76.75,1981-04-17,1981-04-17,1981-04-17,105.0,191.0,365.0,924.0,1501.0,NO
datos_11077030,6.616666667,-76.75,1981-04-22,1981-04-22,1981-04-22,130.0,266.0,451.0,944.0,1606.0,NO
datos_11077030,6.616666667,-76.75,1981-04-24,1981-04-24,1981-04-24,30.0,245.0,581.0,1030.0,1736.0,NO
datos_11077030,6.616666667,-76.75,1981-04-25,1981-04-25,1981-04-25,10.0,265.0,611.0,1040.0,1766.0,NO
datos_11077030,6.616666667,-76.75,1981-04-26,1981-04-26,1981-04-26,61.0,275.0,621.0,1050.0,1776.0,NO
datos_11077030,6.616666667,-76.75,1981-04-27,1981-04-27,1981-04-27,5.0,336.0,682.0,1096.0,1837.0,NO
datos_11077030,6.616666667,-76.75,1981-05-01,1981-05-01,1981-05-01,30.0,236.0,547.0,1090.0,1751.0,NO
datos_11077030,6.616666667,-76.75,1981-05-02,1981-05-02,1981-05-02,10.0,266.0,577.0,1120.0,1777.0,NO
datos_11077030,6.616666667,-76.75,1981-05-04,1981-05-04,1981-05-04,10.0,146.0,577.0,1106.0,1787.0,NO
datos_11077030,6.616666667,-76.75,1981-05-06,1981-05-06,1981-05-06,5.0,126.0,582.0,1054.0,1732.0,NO
datos_11077030,6.616666667,-76.75,1981-05-07,1981-05-07,1981-05-07,30.0,121.0,587.0,1049.0,1724.0,NO
datos_11077030,6.616666667,-76.75,1981-05-13,1981-05-13,1981-05-13,12.0,55.0,587.0,810.0,1537.0,NO
datos_11077030,6.616666667,-76.75,1981-05-14,1981-05-14,1981-05-14,44.0,57.0,448.0,822.0,1544.0,NO
datos_11077030,6.616666667,-76.75,1981-05-16,1981-05-16,1981-05-16,10.0,91.0,482.0,847.0,1406.0,NO
datos_11077030,6.616666667,-76.75,1981-05-17,1981-05-17,1981-05-17,12.0,101.0,492.0,857.0,1416.0,NO
datos_11077030,6.616666667,-76.75,1981-05-19,1981-05-19,1981-05-19,12.0,78.0,399.0,869.0,1428.0,NO
datos_11077030,6.616666667,-76.75,1981-05-21,1981-05-21,1981-05-21,78.0,90.0,411.0,881.0,1368.0,NO
datos_11077030,6.616666667,-76.75,1981-05-22,1981-05-22,1981-05-22,10.0,168.0,489.0,940.0,1433.0,NO
datos_11077030,6.616666667,-76.75,1981-05-23,1981-05-23,1981-05-23,20.0,178.0,499.0,950.0,1429.0,NO
datos_11077030,6.616666667,-76.75,1981-05-26,1981-05-26,1981-05-26,113.0,142.0,359.0,970.0,1399.0,NO
datos_11077030,6.616666667,-76.75,1981-05-28,1981-05-28,1981-05-28,6.0,245.0,401.0,1083.0,1497.0,NO
datos_11077030,6.616666667,-76.75,1981-05-30,1981-05-30,1981-05-30,10.0,239.0,402.0,999.0,1492.0,NO
datos_11077030,6.616666667,-76.75,1981-05-31,1981-05-31,1981-05-31,5.0,237.0,412.0,959.0,1502.0,NO
datos_11077030,6.616666667,-76.75,1981-06-01,1981-06-01,1981-06-01,4.0,242.0,417.0,964.0,1507.0,NO
datos_11077030,6.616666667,-76.75,1981-06-02,1981-06-02,1981-06-02,2.0,168.0,391.0,968.0,1491.0,NO
datos_11077030,6.616666667,-76.75,1981-06-03,1981-06-03,1981-06-03,86.0,160.0,383.0,960.0,1489.0,NO
datos_11077030,6.616666667,-76.75,1981-06-04,1981-06-04,1981-06-04,12.0,226.0,469.0,1046.0,1525.0,NO
datos_11077030,6.616666667,-76.75,1981-06-06,1981-06-06,1981-06-06,60.0,238.0,471.0,1053.0,1515.0,NO
datos_11077030,6.616666667,-76.75,1981-06-07,1981-06-07,1981-06-07,150.0,185.0,526.0,1113.0,1505.0,NO
datos_11077030,6.616666667,-76.75,1981-06-08,1981-06-08,1981-06-08,15.0,335.0,646.0,1263.0,1575.0,NO
datos_11077030,6.616666667,-76.75,1981-06-09,1981-06-09,1981-06-09,4.0,344.0,661.0,1278.0,1580.0,NO
datos_11077030,6.616666667,-76.75,1981-06-10,1981-06-10,1981-06-10,20.0,348.0,665.0,1282.0,1584.0,NO
datos_11077030,6.616666667,-76.75,1981-06-11,1981-06-11,1981-06-11,70.0,358.0,685.0,1272.0,1501.0,NO
datos_11077030,6.616666667,-76.75,1981-06-12,1981-06-12,1981-06-12,20.0,423.0,755.0,1342.0,1565.0,NO
datos_11077030,6.616666667,-76.75,1981-06-13,1981-06-13,1981-06-13,12.0,439.0,775.0,1211.0,1585.0,NO
datos_11077030,6.616666667,-76.75,1981-06-14,1981-06-14,1981-06-14,86.0,449.0,775.0,1213.0,1590.0,NO
datos_11077030,6.616666667,-76.75,1981-06-15,1981-06-15,1981-06-15,10.0,449.0,817.0,1299.0,1664.0,NO
datos_11077030,6.616666667,-76.75,1981-06-16,1981-06-16,1981-06-16,14.0,447.0,827.0,1309.0,1674.0,NO
datos_11077030,6.616666667,-76.75,1981-06-17,1981-06-17,1981-06-17,4.0,461.0,831.0,1323.0,1688.0,NO
datos_11077030,6.616666667,-76.75,1981-06-18,1981-06-18,1981-06-18,2.0,405.0,823.0,1222.0,1692.0,NO
datos_11077030,6.616666667,-76.75,1981-06-20,1981-06-20,1981-06-20,40.0,242.0,813.0,1224.0,1694.0,NO
datos_11077030,6.616666667,-76.75,1981-06-21,1981-06-21,1981-06-21,100.0,278.0,853.0,1264.0,1715.0,NO
datos_11077030,6.616666667,-76.75,1981-06-23,1981-06-23,1981-06-23,70.0,288.0,865.0,1234.0,1815.0,NO
datos_11077030,6.616666667,-76.75,1981-06-25,1981-06-25,1981-06-25,10.0,326.0,915.0,1274.0,1885.0,NO
datos_11077030,6.616666667,-76.75,1981-06-26,1981-06-26,1981-06-26,20.0,250.0,925.0,1274.0,1895.0,NO
datos_11077030,6.616666667,-76.75,1981-06-27,1981-06-27,1981-06-27,60.0,260.0,832.0,1233.0,1915.0,NO
datos_11077030,6.616666667,-76.75,1981-06-30,1981-06-30,1981-06-30,6.0,300.0,886.0,1288.0,1835.0,NO
datos_11077030,6.616666667,-76.75,1981-07-01,1981-07-01,1981-07-01,10.0,306.0,882.0,1294.0,1841.0,NO
datos_11077030,6.616666667,-76.75,1981-07-02,1981-07-02,1981-07-02,2.0,276.0,887.0,1274.0,1851.0,NO
datos_11077030,6.616666667,-76.75,1981-07-03,1981-07-03,1981-07-03,86.0,178.0,885.0,1266.0,1843.0,NO
datos_11077030,6.616666667,-76.75,1981-07-04,1981-07-04,1981-07-04,12.0,264.0,969.0,1352.0,1929.0,NO
datos_11077030,6.616666667,-76.75,1981-07-07,1981-07-07,1981-07-07,12.0,196.0,883.0,1349.0,1936.0,NO
datos_11077030,6.616666667,-76.75,1981-07-08,1981-07-08,1981-07-08,10.0,188.0,835.0,1331.0,1948.0,NO
datos_11077030,6.616666667,-76.75,1981-07-09,1981-07-09,1981-07-09,5.0,138.0,695.0,1341.0,1958.0,NO
datos_11077030,6.616666667,-76.75,1981-07-10,1981-07-10,1981-07-10,25.0,143.0,685.0,1346.0,1963.0,NO
datos_11077030,6.616666667,-76.75,1981-07-11,1981-07-11,1981-07-11,5.0,168.0,706.0,1371.0,1958.0,NO
datos_11077030,6.616666667,-76.75,1981-07-13,1981-07-13,1981-07-13,10.0,157.0,621.0,1376.0,1812.0,NO
datos_11077030,6.616666667,-76.75,1981-07-14,1981-07-14,1981-07-14,5.0,165.0,611.0,1374.0,1812.0,NO
datos_11077030,6.616666667,-76.75,1981-07-16,1981-07-16,1981-07-16,10.0,72.0,518.0,1335.0,1817.0,NO
datos_11077030,6.616666667,-76.75,1981-07-17,1981-07-17,1981-07-17,12.0,82.0,518.0,1335.0,1827.0,NO
datos_11077030,6.616666667,-76.75,1981-07-18,1981-07-18,1981-07-18,6.0,94.0,516.0,1335.0,1734.0,NO
datos_11077030,6.616666667,-76.75,1981-07-19,1981-07-19,1981-07-19,50.0,88.0,518.0,1341.0,1740.0,NO
datos_11077030,6.616666667,-76.75,1981-07-22,1981-07-22,1981-07-22,3.0,98.0,526.0,1301.0,1790.0,NO
datos_11077030,6.616666667,-76.75,1981-07-23,1981-07-23,1981-07-23,15.0,96.0,429.0,1294.0,1663.0,NO
datos_11077030,6.616666667,-76.75,1981-07-25,1981-07-25,1981-07-25,15.0,101.0,374.0,1289.0,1648.0,NO
datos_11077030,6.616666667,-76.75,1981-07-27,1981-07-27,1981-07-27,70.0,111.0,379.0,1191.0,1592.0,NO
datos_11077030,6.616666667,-76.75,1981-07-29,1981-07-29,1981-07-29,43.0,159.0,369.0,1255.0,1657.0,NO
datos_11077030,6.616666667,-76.75,1981-07-31,1981-07-31,1981-07-31,13.0,146.0,412.0,1288.0,1700.0,NO
datos_11077030,6.616666667,-76.75,1981-08-01,1981-08-01,1981-08-01,70.0,159.0,419.0,1296.0,1683.0,NO
datos_11077030,6.616666667,-76.75,1981-08-02,1981-08-02,1981-08-02,10.0,229.0,479.0,1362.0,1743.0,NO
datos_11077030,6.616666667,-76.75,1981-08-03,1981-08-03,1981-08-03,22.0,236.0,487.0,1370.0,1753.0,NO
datos_11077030,6.616666667,-76.75,1981-08-04,1981-08-04,1981-08-04,15.0,243.0,423.0,1306.0,1765.0,NO
datos_11077030,6.616666667,-76.75,1981-08-05,1981-08-05,1981-08-05,50.0,258.0,426.0,1309.0,1780.0,NO
datos_11077030,6.616666667,-76.75,1981-08-06,1981-08-06,1981-08-06,55.0,293.0,476.0,1359.0,1825.0,NO
datos_11077030,6.616666667,-76.75,1981-08-07,1981-08-07,1981-08-07,15.0,348.0,531.0,1354.0,1850.0,NO
datos_11077030,6.616666667,-76.75,1981-08-08,1981-08-08,1981-08-08,70.0,293.0,534.0,1219.0,1865.0,NO
datos_11077030,6.616666667,-76.75,1981-08-10,1981-08-10,1981-08-10,50.0,320.0,589.0,1270.0,1935.0,NO
datos_11077030,6.616666667,-76.75,1981-08-11,1981-08-11,1981-08-11,15.0,370.0,614.0,1300.0,1985.0,NO
datos_11077030,6.616666667,-76.75,1981-08-12,1981-08-12,1981-08-12,90.0,372.0,624.0,1245.0,2000.0,NO
datos_11077030,6.616666667,-76.75,1981-08-13,1981-08-13,1981-08-13,50.0,392.0,714.0,1315.0,2078.0,NO
datos_11077030,6.616666667,-76.75,1981-08-16,1981-08-16,1981-08-16,109.0,395.0,749.0,1257.0,2074.0,NO
datos_11077030,6.616666667,-76.75,1981-08-17,1981-08-17,1981-08-17,10.0,454.0,848.0,1352.0,2171.0,NO
datos_11077030,6.616666667,-76.75,1981-08-18,1981-08-18,1981-08-18,7.0,409.0,846.0,1358.0,2181.0,NO
datos_11077030,6.616666667,-76.75,1981-08-21,1981-08-21,1981-08-21,30.0,331.0,797.0,1323.0,2098.0,NO
datos_11077030,6.616666667,-76.75,1981-08-22,1981-08-22,1981-08-22,80.0,311.0,827.0,1253.0,2118.0,NO
datos_11077030,6.616666667,-76.75,1981-08-25,1981-08-25,1981-08-25,12.0,236.0,889.0,1263.0,2178.0,NO
datos_11077030,6.616666667,-76.75,1981-08-27,1981-08-27,1981-08-27,10.0,248.0,886.0,1245.0,2077.0,NO
datos_11077030,6.616666667,-76.75,1981-08-28,1981-08-28,1981-08-28,41.0,149.0,826.0,1195.0,2081.0,NO
datos_11077030,6.616666667,-76.75,1981-08-29,1981-08-29,1981-08-29,82.0,180.0,867.0,1236.0,2122.0,NO
datos_11077030,6.616666667,-76.75,1981-09-01,1981-09-01,1981-09-01,15.0,255.0,893.0,1302.0,2185.0,NO
datos_11077030,6.616666667,-76.75,1981-09-05,1981-09-05,1981-09-05,24.0,160.0,791.0,1217.0,2100.0,NO
datos_11077030,6.616666667,-76.75,1981-09-07,1981-09-07,1981-09-07,45.0,172.0,710.0,1229.0,1914.0,NO
datos_11077030,6.616666667,-76.75,1981-09-09,1981-09-09,1981-09-09,10.0,166.0,670.0,1259.0,1940.0,NO
datos_11077030,6.616666667,-76.75,1981-09-10,1981-09-10,1981-09-10,84.0,94.0,680.0,1244.0,1930.0,NO
datos_11077030,6.616666667,-76.75,1981-09-11,1981-09-11,1981-09-11,10.0,178.0,714.0,1323.0,1944.0,NO
datos_11077030,6.616666667,-76.75,1981-09-14,1981-09-14,1981-09-14,20.0,173.0,569.0,1318.0,1836.0,NO
datos_11077030,6.616666667,-76.75,1981-09-19,1981-09-19,1981-09-19,43.0,124.0,463.0,1260.0,1826.0,NO
datos_11077030,6.616666667,-76.75,1981-09-21,1981-09-21,1981-09-21,172.0,157.0,506.0,1303.0,1729.0,NO
datos_11077030,6.616666667,-76.75,1981-09-23,1981-09-23,1981-09-23,25.0,235.0,568.0,1457.0,1831.0,NO
datos_11077030,6.616666667,-76.75,1981-09-24,1981-09-24,1981-09-24,34.0,260.0,593.0,1482.0,1856.0,NO
datos_11077030,6.616666667,-76.75,1981-09-26,1981-09-26,1981-09-26,74.0,274.0,615.0,1501.0,1860.0,NO
datos_11077030,6.616666667,-76.75,1981-09-27,1981-09-27,1981-09-27,10.0,348.0,689.0,1505.0,1874.0,NO
datos_11077030,6.616666667,-76.75,1981-09-28,1981-09-28,1981-09-28,10.0,358.0,689.0,1515.0,1884.0,NO
datos_11077030,6.616666667,-76.75,1981-09-29,1981-09-29,1981-09-29,50.0,368.0,658.0,1482.0,1894.0,NO
datos_11077030,6.616666667,-76.75,1981-09-30,1981-09-30,1981-09-30,20.0,418.0,626.0,1532.0,1938.0,NO
datos_11077030,6.616666667,-76.75,1981-10-02,1981-10-02,1981-10-02,29.0,395.0,646.0,1469.0,1946.0,NO
datos_11077030,6.616666667,-76.75,1981-10-03,1981-10-03,1981-10-03,20.0,252.0,660.0,1488.0,1889.0,NO
datos_11077030,6.616666667,-76.75,1981-10-04,1981-10-04,1981-10-04,10.0,272.0,680.0,1486.0,1897.0,NO
datos_11077030,6.616666667,-76.75,1981-10-05,1981-10-05,1981-10-05,5.0,257.0,690.0,1481.0,1907.0,NO
datos_11077030,6.616666667,-76.75,1981-10-06,1981-10-06,1981-10-06,15.0,228.0,695.0,1436.0,1912.0,NO
datos_11077030,6.616666667,-76.75,1981-10-07,1981-10-07,1981-10-07,35.0,243.0,686.0,1396.0,1915.0,NO
datos_11077030,6.616666667,-76.75,1981-10-08,1981-10-08,1981-10-08,5.0,204.0,721.0,1416.0,1940.0,NO
datos_11077030,6.616666667,-76.75,1981-10-09,1981-10-09,1981-10-09,20.0,199.0,681.0,1351.0,1940.0,NO
datos_11077030,6.616666667,-76.75,1981-10-11,1981-10-11,1981-10-11,5.0,159.0,691.0,1321.0,1930.0,NO
datos_11077030,6.616666667,-76.75,1981-10-12,1981-10-12,1981-10-12,5.0,144.0,612.0,1311.0,1935.0,NO
datos_11077030,6.616666667,-76.75,1981-10-13,1981-10-13,1981-10-13,10.0,149.0,607.0,1226.0,1930.0,NO
datos_11077030,6.616666667,-76.75,1981-10-14,1981-10-14,1981-10-14,36.0,130.0,617.0,1186.0,1935.0,NO
datos_11077030,6.616666667,-76.75,1981-10-15,1981-10-15,1981-10-15,20.0,146.0,653.0,1222.0,1971.0,NO
datos_11077030,6.616666667,-76.75,1981-10-16,1981-10-16,1981-10-16,5.0,156.0,653.0,1242.0,1981.0,NO
datos_11077030,6.616666667,-76.75,1981-10-17,1981-10-17,1981-10-17,10.0,156.0,658.0,1138.0,1974.0,NO
datos_11077030,6.616666667,-76.75,1981-10-19,1981-10-19,1981-10-19,10.0,116.0,668.0,1131.0,1928.0,NO
datos_11077030,6.616666667,-76.75,1981-10-20,1981-10-20,1981-10-20,5.0,121.0,678.0,1141.0,1938.0,NO
datos_11077030,6.616666667,-76.75,1981-10-22,1981-10-22,1981-10-22,10.0,106.0,640.0,1116.0,1940.0,NO
datos_11077030,6.616666667,-76.75,1981-10-23,1981-10-23,1981-10-23,10.0,111.0,478.0,1046.0,1935.0,NO
datos_11077030,6.616666667,-76.75,1981-10-24,1981-10-24,1981-10-24,35.0,116.0,488.0,1056.0,1945.0,NO
datos_11077030,6.616666667,-76.75,1981-10-25,1981-10-25,1981-10-25,18.0,141.0,498.0,1091.0,1965.0,NO
datos_11077030,6.616666667,-76.75,1981-10-26,1981-10-26,1981-10-26,26.0,123.0,482.0,1097.0,1983.0,NO
datos_11077030,6.616666667,-76.75,1981-10-27,1981-10-27,1981-10-27,4.0,129.0,508.0,1123.0,1939.0,NO
datos_11077030,6.616666667,-76.75,1981-10-28,1981-10-28,1981-10-28,10.0,128.0,438.0,1117.0,1943.0,NO
datos_11077030,6.616666667,-76.75,1981-10-30,1981-10-30,1981-10-30,20.0,128.0,428.0,1004.0,1910.0,NO
datos_11077030,6.616666667,-76.75,1981-10-31,1981-10-31,1981-10-31,6.0,138.0,398.0,1024.0,1917.0,NO
datos_11077030,6.616666667,-76.75,1981-11-01,1981-11-01,1981-11-01,20.0,139.0,384.0,1030.0,1853.0,NO
datos_11077030,6.616666667,-76.75,1981-11-02,1981-11-02,1981-11-02,15.0,159.0,404.0,1035.0,1863.0,NO
datos_11077030,6.616666667,-76.75,1981-11-03,1981-11-03,1981-11-03,5.0,164.0,390.0,1050.0,1856.0,NO
datos_11077030,6.616666667,-76.75,1981-11-04,1981-11-04,1981-11-04,5.0,159.0,375.0,1055.0,1846.0,NO
datos_11077030,6.616666667,-76.75,1981-11-05,1981-11-05,1981-11-05,70.0,129.0,370.0,1060.0,1801.0,NO
datos_11077030,6.616666667,-76.75,1981-11-07,1981-11-07,1981-11-07,55.0,155.0,420.0,1106.0,1801.0,NO
datos_11077030,6.616666667,-76.75,1981-11-08,1981-11-08,1981-11-08,15.0,206.0,440.0,1116.0,1786.0,NO
datos_11077030,6.616666667,-76.75,1981-11-09,1981-11-09,1981-11-09,100.0,211.0,450.0,1131.0,1801.0,NO
datos_11077030,6.616666667,-76.75,1981-11-10,1981-11-10,1981-11-10,120.0,311.0,530.0,1221.0,1851.0,NO
datos_11077030,6.616666667,-76.75,1981-11-11,1981-11-11,1981-11-11,15.0,411.0,650.0,1257.0,1956.0,NO
datos_11077030,6.616666667,-76.75,1981-11-12,1981-11-12,1981-11-12,35.0,420.0,660.0,1262.0,1881.0,NO
datos_11077030,6.616666667,-76.75,1981-11-13,1981-11-13,1981-11-13,15.0,435.0,690.0,1297.0,1866.0,NO
datos_11077030,6.616666667,-76.75,1981-11-14,1981-11-14,1981-11-14,5.0,435.0,695.0,1312.0,1881.0,NO
datos_11077030,6.616666667,-76.75,1981-11-15,1981-11-15,1981-11-15,70.0,435.0,664.0,1297.0,1886.0,NO
datos_11077030,6.616666667,-76.75,1981-11-16,1981-11-16,1981-11-16,20.0,500.0,714.0,1367.0,1847.0,NO
datos_11077030,6.616666667,-76.75,1981-11-17,1981-11-17,1981-11-17,15.0,450.0,729.0,1387.0,1857.0,NO
datos_11077030,6.616666667,-76.75,1981-11-18,1981-11-18,1981-11-18,70.0,465.0,734.0,1402.0,1865.0,NO
datos_11077030,6.616666667,-76.75,1981-11-19,1981-11-19,1981-11-19,61.0,480.0,804.0,1472.0,1935.0,NO
datos_11077030,6.616666667,-76.75,1981-11-20,1981-11-20,1981-11-20,10.0,526.0,855.0,1490.0,1996.0,NO
datos_11077030,6.616666667,-76.75,1981-11-21,1981-11-21,1981-11-21,4.0,436.0,860.0,1500.0,1976.0,NO
datos_11077030,6.616666667,-76.75,1981-11-22,1981-11-22,1981-11-22,25.0,320.0,864.0,1332.0,1900.0,NO
datos_11077030,6.616666667,-76.75,1981-11-23,1981-11-23,1981-11-23,40.0,330.0,879.0,1357.0,1925.0,NO
datos_11077030,6.616666667,-76.75,1981-11-24,1981-11-24,1981-11-24,65.0,335.0,909.0,1372.0,1965.0,NO
datos_11077030,6.616666667,-76.75,1981-11-25,1981-11-25,1981-11-25,20.0,385.0,939.0,1403.0,2018.0,NO
datos_11077030,6.616666667,-76.75,1981-11-26,1981-11-26,1981-11-26,20.0,400.0,941.0,1423.0,2038.0,NO
datos_11077030,6.616666667,-76.75,1981-11-27,1981-11-27,1981-11-27,45.0,350.0,935.0,1369.0,2048.0,NO
datos_11077030,6.616666667,-76.75,1981-11-28,1981-11-28,1981-11-28,20.0,375.0,976.0,1404.0,2052.0,NO
datos_11077030,6.616666667,-76.75,1981-11-29,1981-11-29,1981-11-29,45.0,380.0,986.0,1414.0,1990.0,NO
datos_11077030,6.616666667,-76.75,1981-11-30,1981-11-30,1981-11-30,15.0,355.0,1031.0,1409.0,2035.0,NO
datos_11077030,6.616666667,-76.75,1981-12-01,1981-12-01,1981-12-01,115.0,309.0,1026.0,1404.0,2050.0,NO
datos_11077030,6.616666667,-76.75,1981-12-02,1981-12-02,1981-12-02,4.0,414.0,1135.0,1519.0,2150.0,NO
datos_11077030,6.616666667,-76.75,1981-12-03,1981-12-03,1981-12-03,15.0,414.0,1119.0,1494.0,2154.0,NO
datos_11077030,6.616666667,-76.75,1981-12-04,1981-12-04,1981-12-04,48.0,404.0,1119.0,1489.0,2169.0,NO
datos_11077030,6.616666667,-76.75,1981-12-05,1981-12-05,1981-12-05,3.0,412.0,1162.0,1527.0,2217.0,NO
datos_11077030,6.616666667,-76.75,1981-12-07,1981-12-07,1981-12-07,2.0,330.0,1090.0,1510.0,2196.0,NO
datos_11077030,6.616666667,-76.75,1981-12-08,1981-12-08,1981-12-08,14.0,312.0,1092.0,1477.0,2153.0,NO
datos_11077030,6.616666667,-76.75,1981-12-09,1981-12-09,1981-12-09,9.0,281.0,1051.0,1486.0,2167.0,NO
datos_11077030,6.616666667,-76.75,1981-12-10,1981-12-10,1981-12-10,23.0,270.0,1045.0,1475.0,2166.0,NO
datos_11077030,6.616666667,-76.75,1981-12-11,1981-12-11,1981-12-11,20.0,248.0,968.0,1498.0,2105.0,NO
datos_11077030,6.616666667,-76.75,1981-12-12,1981-12-12,1981-12-12,60.0,253.0,868.0,1513.0,2115.0,NO
datos_11077030,6.616666667,-76.75,1981-12-13,1981-12-13,1981-12-13,16.0,198.0,913.0,1568.0,2175.0,NO
datos_11077030,6.616666667,-76.75,1981-12-14,1981-12-14,1981-12-14,5.0,210.0,894.0,1574.0,2191.0,NO
datos_11077030,6.616666667,-76.75,1981-12-15,1981-12-15,1981-12-15,10.0,200.0,884.0,1543.0,2176.0,NO
datos_11077030,6.616666667,-76.75,1981-12-16,1981-12-16,1981-12-16,40.0,162.0,889.0,1533.0,2186.0,NO
datos_11077030,6.616666667,-76.75,1981-12-17,1981-12-17,1981-12-17,10.0,199.0,859.0,1568.0,2226.0,NO
datos_11077030,6.616666667,-76.75,1981-12-18,1981-12-18,1981-12-18,10.0,209.0,849.0,1568.0,2236.0,NO
datos_11077030,6.616666667,-76.75,1981-12-19,1981-12-19,1981-12-19,26.0,217.0,844.0,1578.0,2246.0,NO
datos_11077030,6.616666667,-76.75,1981-12-20,1981-12-20,1981-12-20,10.0,229.0,800.0,1594.0,2229.0,NO
datos_11077030,6.616666667,-76.75,1981-12-21,1981-12-21,1981-12-21,4.0,230.0,749.0,1599.0,2239.0,NO
datos_11077030,6.616666667,-76.75,1981-12-22,1981-12-22,1981-12-22,40.0,211.0,743.0,1603.0,2071.0,NO
datos_11077030,6.616666667,-76.75,1981-12-23,1981-12-23,1981-12-23,10.0,231.0,779.0,1633.0,2111.0,NO
datos_11077030,6.616666667,-76.75,1981-12-24,1981-12-24,1981-12-24,30.0,181.0,764.0,1633.0,2096.0,NO
datos_11077030,6.616666667,-76.75,1981-12-25,1981-12-25,1981-12-25,4.0,195.0,754.0,1628.0,2092.0,NO
datos_11077030,6.616666667,-76.75,1981-12-26,1981-12-26,1981-12-26,8.0,194.0,693.0,1614.0,2096.0,NO
datos_11077030,6.616666667,-76.75,1981-12-27,1981-12-27,1981-12-27,4.0,192.0,681.0,1596.0,2030.0,NO
datos_11077030,6.616666667,-76.75,1981-12-28,1981-12-28,1981-12-28,50.0,156.0,665.0,1596.0,2024.0,NO
datos_11077030,6.616666667,-76.75,1981-12-30,1981-12-30,1981-12-30,5.0,186.0,650.0,1636.0,2014.0,NO
datos_11077030,6.616666667,-76.75,1981-12-31,1981-12-31,1981-12-31,55.0,165.0,610.0,1621.0,1999.0,NO
datos_11077030,6.616666667,-76.75,1982-01-01,1982-01-01,1982-01-01,18.0,210.0,650.0,1670.0,2054.0,NO
datos_11077030,6.616666667,-76.75,1982-01-02,1982-01-02,1982-01-02,5.0,224.0,553.0,1668.0,2043.0,NO
datos_11077030,6.616666667,-76.75,1982-01-04,1982-01-04,1982-01-04,50.0,179.0,539.0,1653.0,2018.0,NO
datos_11077030,6.616666667,-76.75,1982-01-07,1982-01-07,1982-01-07,180.0,187.0,538.0,1628.0,2013.0,NO
datos_11077030,6.616666667,-76.75,1982-01-08,1982-01-08,1982-01-08,40.0,363.0,716.0,1753.0,2188.0,NO
datos_11077030,6.616666667,-76.75,1982-01-11,1982-01-11,1982-01-11,30.0,348.0,710.0,1558.0,2203.0,NO
datos_11077030,6.616666667,-76.75,1982-01-12,1982-01-12,1982-01-12,5.0,323.0,720.0,1573.0,2228.0,NO
datos_11077030,6.616666667,-76.75,1982-01-14,1982-01-14,1982-01-14,58.0,305.0,649.0,1528.0,2187.0,NO
datos_11077030,6.616666667,-76.75,1982-01-15,1982-01-15,1982-01-15,22.0,363.0,702.0,1581.0,2225.0,NO
datos_11077030,6.616666667,-76.75,1982-01-17,1982-01-17,1982-01-17,5.0,335.0,674.0,1513.0,2232.0,NO
datos_11077030,6.616666667,-76.75,1982-01-23,1982-01-23,1982-01-23,10.0,90.0,579.0,1333.0,2202.0,NO
datos_11077030,6.616666667,-76.75,1982-01-24,1982-01-24,1982-01-24,77.0,95.0,579.0,1303.0,2177.0,NO
datos_11077030,6.616666667,-76.75,1982-01-25,1982-01-25,1982-01-25,104.0,172.0,626.0,1315.0,2236.0,NO
datos_11077030,6.616666667,-76.75,1982-01-26,1982-01-26,1982-01-26,50.0,218.0,726.0,1399.0,2314.0,NO
datos_11077030,6.616666667,-76.75,1982-01-30,1982-01-30,1982-01-30,49.0,241.0,714.0,1319.0,2330.0,NO
datos_11077030,6.616666667,-76.75,1982-01-31,1982-01-31,1982-01-31,20.0,290.0,758.0,1353.0,2373.0,NO
datos_11077030,6.616666667,-76.75,1982-02-01,1982-02-01,1982-02-01,80.0,310.0,723.0,1258.0,2373.0,NO
datos_11077030,6.616666667,-76.75,1982-02-02,1982-02-02,1982-02-02,30.0,390.0,785.0,1334.0,2438.0,NO
datos_11077030,6.616666667,-76.75,1982-02-05,1982-02-05,1982-02-05,220.0,333.0,760.0,1298.0,2388.0,NO
datos_11077030,6.616666667,-76.75,1982-02-06,1982-02-06,1982-02-06,10.0,449.0,980.0,1518.0,2608.0,NO
datos_11077030,6.616666667,-76.75,1982-02-07,1982-02-07,1982-02-07,5.0,409.0,990.0,1526.0,2563.0,NO
datos_11077030,6.616666667,-76.75,1982-02-08,1982-02-08,1982-02-08,10.0,414.0,815.0,1517.0,2553.0,NO
datos_11077030,6.616666667,-76.75,1982-02-09,1982-02-09,1982-02-09,120.0,424.0,785.0,1518.0,2463.0,NO
datos_11077030,6.616666667,-76.75,1982-02-10,1982-02-10,1982-02-10,15.0,544.0,905.0,1615.0,2463.0,NO
datos_11077030,6.616666667,-76.75,1982-02-11,1982-02-11,1982-02-11,3.0,510.0,920.0,1610.0,2463.0,NO
datos_11077030,6.616666667,-76.75,1982-02-12,1982-02-12,1982-02-12,20.0,493.0,893.0,1553.0,2431.0,NO
datos_11077030,6.616666667,-76.75,1982-02-13,1982-02-13,1982-02-13,5.0,433.0,908.0,1557.0,2436.0,NO
datos_11077030,6.616666667,-76.75,1982-02-14,1982-02-14,1982-02-14,120.0,408.0,913.0,1557.0,2436.0,NO
datos_11077030,6.616666667,-76.75,1982-02-16,1982-02-16,1982-02-16,9.0,528.0,953.0,1627.0,2466.0,NO
datos_11077030,6.616666667,-76.75,1982-02-19,1982-02-19,1982-02-19,10.0,302.0,957.0,1590.0,2329.0,NO
datos_11077030,6.616666667,-76.75,1982-02-27,1982-02-27,1982-02-27,10.0,19.0,726.0,1490.0,2110.0,NO
datos_11077030,6.616666667,-76.75,1982-03-01,1982-03-01,1982-03-01,10.0,20.0,736.0,1450.0,2055.0,NO
datos_11077030,6.616666667,-76.75,1982-03-10,1982-03-10,1982-03-10,10.0,20.0,337.0,1147.0,1849.0,NO
datos_11077030,6.616666667,-76.75,1982-03-11,1982-03-11,1982-03-11,16.0,20.0,342.0,1117.0,1850.0,NO
datos_11077030,6.616666667,-76.75,1982-03-12,1982-03-12,1982-03-12,25.0,36.0,348.0,1133.0,1843.0,NO
datos_11077030,6.616666667,-76.75,1982-03-25,1982-03-25,1982-03-25,9.0,0.0,71.0,1038.0,1607.0,NO
datos_11077030,6.616666667,-76.75,1982-03-26,1982-03-26,1982-03-26,66.0,9.0,80.0,1037.0,1586.0,NO
datos_11077030,6.616666667,-76.75,1982-03-28,1982-03-28,1982-03-28,5.0,75.0,146.0,922.0,1640.0,NO
datos_11077030,6.616666667,-76.75,1982-04-03,1982-04-03,1982-04-03,20.0,80.0,131.0,808.0,1513.0,NO
datos_11077030,6.616666667,-76.75,1982-04-07,1982-04-07,1982-04-07,5.0,25.0,151.0,718.0,1478.0,NO
datos_11077030,6.616666667,-76.75,1982-04-08,1982-04-08,1982-04-08,15.0,30.0,156.0,503.0,1483.0,NO
datos_11077030,6.616666667,-76.75,1982-04-09,1982-04-09,1982-04-09,40.0,40.0,171.0,508.0,1318.0,NO
datos_11077030,6.616666667,-76.75,1982-04-10,1982-04-10,1982-04-10,5.0,80.0,211.0,543.0,1318.0,NO
datos_11077030,6.616666667,-76.75,1982-04-11,1982-04-11,1982-04-11,42.0,85.0,206.0,538.0,1323.0,NO
datos_11077030,6.616666667,-76.75,1982-04-15,1982-04-15,1982-04-15,10.0,107.0,207.0,422.0,1330.0,NO
datos_11077030,6.616666667,-76.75,1982-04-16,1982-04-16,1982-04-16,60.0,117.0,217.0,427.0,1282.0,NO
datos_11077030,6.616666667,-76.75,1982-04-17,1982-04-17,1982-04-17,5.0,177.0,277.0,367.0,1320.0,NO
datos_11077030,6.616666667,-76.75,1982-04-19,1982-04-19,1982-04-19,10.0,177.0,282.0,363.0,1320.0,NO
datos_11077030,6.616666667,-76.75,1982-04-21,1982-04-21,1982-04-21,5.0,132.0,292.0,373.0,1330.0,NO
datos_11077030,6.616666667,-76.75,1982-04-22,1982-04-22,1982-04-22,69.0,132.0,297.0,368.0,1335.0,NO
datos_11077030,6.616666667,-76.75,1982-04-23,1982-04-23,1982-04-23,10.0,159.0,366.0,437.0,1404.0,NO
datos_11077030,6.616666667,-76.75,1982-04-25,1982-04-25,1982-04-25,20.0,169.0,376.0,447.0,1404.0,NO
datos_11077030,6.616666667,-76.75,1982-04-26,1982-04-26,1982-04-26,39.0,189.0,387.0,467.0,1347.0,NO
datos_11077030,6.616666667,-76.75,1982-04-27,1982-04-27,1982-04-27,10.0,218.0,360.0,506.0,1282.0,NO
datos_11077030,6.616666667,-76.75,1982-04-28,1982-04-28,1982-04-28,106.0,168.0,370.0,516.0,1242.0,NO
datos_11077030,6.616666667,-76.75,1982-04-30,1982-04-30,1982-04-30,93.0,269.0,471.0,612.0,1348.0,NO
datos_11077030,6.616666667,-76.75,1982-05-01,1982-05-01,1982-05-01,2.0,352.0,564.0,705.0,1441.0,NO
datos_11077030,6.616666667,-76.75,1982-05-02,1982-05-02,1982-05-02,24.0,354.0,566.0,697.0,1394.0,NO
datos_11077030,6.616666667,-76.75,1982-05-03,1982-05-03,1982-05-03,33.0,373.0,590.0,721.0,1398.0,NO
datos_11077030,6.616666667,-76.75,1982-05-05,1982-05-05,1982-05-05,10.0,327.0,603.0,754.0,1321.0,NO
datos_11077030,6.616666667,-76.75,1982-05-07,1982-05-07,1982-05-07,4.0,317.0,613.0,764.0,1331.0,NO
datos_11077030,6.616666667,-76.75,1982-05-08,1982-05-08,1982-05-08,100.0,282.0,617.0,768.0,1115.0,NO
datos_11077030,6.616666667,-76.75,1982-05-09,1982-05-09,1982-05-09,2.0,372.0,712.0,868.0,1205.0,NO
datos_11077030,6.616666667,-76.75,1982-05-11,1982-05-11,1982-05-11,5.0,268.0,659.0,860.0,1192.0,NO
datos_11077030,6.616666667,-76.75,1982-05-13,1982-05-13,1982-05-13,150.0,178.0,617.0,824.0,1062.0,NO
datos_11077030,6.616666667,-76.75,1982-05-16,1982-05-16,1982-05-16,20.0,271.0,767.0,974.0,1184.0,NO
datos_11077030,6.616666667,-76.75,1982-05-17,1982-05-17,1982-05-17,80.0,281.0,777.0,994.0,1084.0,NO
datos_11077030,6.616666667,-76.75,1982-05-18,1982-05-18,1982-05-18,17.0,361.0,797.0,1074.0,1164.0,NO
datos_11077030,6.616666667,-76.75,1982-05-20,1982-05-20,1982-05-20,16.0,274.0,809.0,1091.0,1172.0,NO
datos_11077030,6.616666667,-76.75,1982-05-21,1982-05-21,1982-05-21,15.0,288.0,815.0,1107.0,1188.0,NO
datos_11077030,6.616666667,-76.75,1982-05-23,1982-05-23,1982-05-23,9.0,298.0,825.0,1122.0,1193.0,NO
datos_11077030,6.616666667,-76.75,1982-05-24,1982-05-24,1982-05-24,6.0,307.0,765.0,1131.0,1202.0,NO
datos_11077030,6.616666667,-76.75,1982-05-25,1982-05-25,1982-05-25,15.0,163.0,761.0,1137.0,1208.0,NO
datos_11077030,6.616666667,-76.75,1982-05-26,1982-05-26,1982-05-26,11.0,178.0,776.0,1143.0,1223.0,NO
datos_11077030,6.616666667,-76.75,1982-05-29,1982-05-29,1982-05-29,12.0,89.0,718.0,1083.0,1234.0,NO
datos_11077030,6.616666667,-76.75,1982-05-30,1982-05-30,1982-05-30,14.0,84.0,624.0,1095.0,1236.0,NO
datos_11077030,6.616666667,-76.75,1982-05-31,1982-05-31,1982-05-31,40.0,98.0,638.0,1109.0,1250.0,NO
datos_11077030,6.616666667,-76.75,1982-06-01,1982-06-01,1982-06-01,2.0,122.0,585.0,1149.0,1280.0,NO
datos_11077030,6.616666667,-76.75,1982-06-02,1982-06-02,1982-06-02,5.0,109.0,585.0,1151.0,1282.0,NO
datos_11077030,6.616666667,-76.75,1982-06-03,1982-06-03,1982-06-03,20.0,114.0,566.0,1156.0,1287.0,NO
datos_11077030,6.616666667,-76.75,1982-06-04,1982-06-04,1982-06-04,15.0,125.0,553.0,1156.0,1307.0,NO
datos_11077030,6.616666667,-76.75,1982-06-05,1982-06-05,1982-06-05,33.0,134.0,568.0,1171.0,1322.0,NO
datos_11077030,6.616666667,-76.75,1982-06-06,1982-06-06,1982-06-06,20.0,152.0,591.0,1204.0,1355.0,NO
datos_11077030,6.616666667,-76.75,1982-06-07,1982-06-07,1982-06-07,32.0,161.0,611.0,1224.0,1375.0,NO
datos_11077030,6.616666667,-76.75,1982-06-08,1982-06-08,1982-06-08,10.0,193.0,639.0,1251.0,1407.0,NO
datos_11077030,6.616666667,-76.75,1982-06-10,1982-06-10,1982-06-10,3.0,191.0,547.0,1206.0,1407.0,NO
datos_11077030,6.616666667,-76.75,1982-06-11,1982-06-11,1982-06-11,32.0,180.0,550.0,1204.0,1394.0,NO
datos_11077030,6.616666667,-76.75,1982-06-13,1982-06-13,1982-06-13,22.0,170.0,577.0,1194.0,1401.0,NO
datos_11077030,6.616666667,-76.75,1982-06-16,1982-06-16,1982-06-16,69.0,152.0,449.0,1206.0,1423.0,NO
datos_11077030,6.616666667,-76.75,1982-06-19,1982-06-19,1982-06-19,67.0,136.0,401.0,1210.0,1492.0,NO
datos_11077030,6.616666667,-76.75,1982-06-21,1982-06-21,1982-06-21,5.0,193.0,452.0,1267.0,1559.0,NO
datos_11077030,6.616666667,-76.75,1982-06-23,1982-06-23,1982-06-23,30.0,163.0,442.0,1198.0,1564.0,NO
datos_11077030,6.616666667,-76.75,1982-06-25,1982-06-25,1982-06-25,5.0,171.0,457.0,1218.0,1585.0,NO
datos_11077030,6.616666667,-76.75,1982-06-26,1982-06-26,1982-06-26,12.0,176.0,447.0,1203.0,1524.0,NO
datos_11077030,6.616666667,-76.75,1982-06-27,1982-06-27,1982-06-27,2.0,188.0,448.0,1176.0,1536.0,NO
datos_11077030,6.616666667,-76.75,1982-06-28,1982-06-28,1982-06-28,8.0,121.0,450.0,1168.0,1533.0,NO
datos_11077030,6.616666667,-76.75,1982-06-29,1982-06-29,1982-06-29,2.0,129.0,458.0,1070.0,1541.0,NO
datos_11077030,6.616666667,-76.75,1982-07-01,1982-07-01,1982-07-01,4.0,64.0,434.0,979.0,1543.0,NO
datos_11077030,6.616666667,-76.75,1982-07-02,1982-07-02,1982-07-02,3.0,68.0,398.0,981.0,1547.0,NO
datos_11077030,6.616666667,-76.75,1982-07-04,1982-07-04,1982-07-04,9.0,66.0,394.0,927.0,1530.0,NO
datos_11077030,6.616666667,-76.75,1982-07-06,1982-07-06,1982-07-06,50.0,45.0,368.0,926.0,1539.0,NO
datos_11077030,6.616666667,-76.75,1982-07-07,1982-07-07,1982-07-07,20.0,90.0,385.0,976.0,1589.0,NO
datos_11077030,6.616666667,-76.75,1982-07-08,1982-07-08,1982-07-08,140.0,98.0,385.0,992.0,1604.0,NO
datos_11077030,6.616666667,-76.75,1982-07-10,1982-07-10,1982-07-10,13.0,228.0,483.0,1030.0,1689.0,NO
datos_11077030,6.616666667,-76.75,1982-07-11,1982-07-11,1982-07-11,12.0,239.0,496.0,1043.0,1697.0,NO
datos_11077030,6.616666667,-76.75,1982-07-12,1982-07-12,1982-07-12,14.0,251.0,505.0,1050.0,1667.0,NO
datos_11077030,6.616666667,-76.75,1982-07-13,1982-07-13,1982-07-13,4.0,261.0,487.0,1064.0,1681.0,NO
datos_11077030,6.616666667,-76.75,1982-07-15,1982-07-15,1982-07-15,25.0,262.0,469.0,918.0,1685.0,NO
datos_11077030,6.616666667,-76.75,1982-07-16,1982-07-16,1982-07-16,5.0,278.0,494.0,943.0,1700.0,NO
datos_11077030,6.616666667,-76.75,1982-07-17,1982-07-17,1982-07-17,20.0,283.0,499.0,928.0,1645.0,NO
datos_11077030,6.616666667,-76.75,1982-07-18,1982-07-18,1982-07-18,7.0,253.0,450.0,868.0,1660.0,NO
datos_11077030,6.616666667,-76.75,1982-07-19,1982-07-19,1982-07-19,5.0,240.0,457.0,858.0,1667.0,NO
datos_11077030,6.616666667,-76.75,1982-07-20,1982-07-20,1982-07-20,3.0,105.0,462.0,863.0,1662.0,NO
datos_11077030,6.616666667,-76.75,1982-07-22,1982-07-22,1982-07-22,24.0,95.0,398.0,835.0,1660.0,NO
datos_11077030,6.616666667,-76.75,1982-07-25,1982-07-25,1982-07-25,15.0,89.0,387.0,844.0,1605.0,NO
datos_11077030,6.616666667,-76.75,1982-07-26,1982-07-26,1982-07-26,11.0,104.0,402.0,844.0,1600.0,NO
datos_11077030,6.616666667,-76.75,1982-07-28,1982-07-28,1982-07-28,10.0,85.0,396.0,844.0,1562.0,NO
datos_11077030,6.616666667,-76.75,1982-07-29,1982-07-29,1982-07-29,50.0,75.0,404.0,854.0,1466.0,NO
datos_11077030,6.616666667,-76.75,1982-08-01,1982-08-01,1982-08-01,39.0,110.0,444.0,838.0,1421.0,NO
datos_11077030,6.616666667,-76.75,1982-08-05,1982-08-05,1982-08-05,24.0,125.0,467.0,835.0,1393.0,NO
datos_11077030,6.616666667,-76.75,1982-08-06,1982-08-06,1982-08-06,44.0,134.0,491.0,826.0,1417.0,NO
datos_11077030,6.616666667,-76.75,1982-08-07,1982-08-07,1982-08-07,107.0,167.0,485.0,850.0,1457.0,NO
datos_11077030,6.616666667,-76.75,1982-08-09,1982-08-09,1982-08-09,9.0,264.0,432.0,915.0,1462.0,NO
datos_11077030,6.616666667,-76.75,1982-08-10,1982-08-10,1982-08-10,105.0,223.0,441.0,924.0,1471.0,NO
datos_11077030,6.616666667,-76.75,1982-08-12,1982-08-12,1982-08-12,5.0,328.0,521.0,994.0,1571.0,NO
datos_11077030,6.616666667,-76.75,1982-08-14,1982-08-14,1982-08-14,72.0,294.0,508.0,977.0,1426.0,NO
datos_11077030,6.616666667,-76.75,1982-08-15,1982-08-15,1982-08-15,7.0,366.0,580.0,1049.0,1498.0,NO
datos_11077030,6.616666667,-76.75,1982-08-17,1982-08-17,1982-08-17,5.0,349.0,557.0,987.0,1405.0,NO
datos_11077030,6.616666667,-76.75,1982-08-18,1982-08-18,1982-08-18,78.0,310.0,542.0,992.0,1393.0,NO
datos_11077030,6.616666667,-76.75,1982-08-19,1982-08-19,1982-08-19,20.0,281.0,613.0,1070.0,1471.0,NO
datos_11077030,6.616666667,-76.75,1982-08-20,1982-08-20,1982-08-20,25.0,301.0,628.0,1023.0,1475.0,NO
datos_11077030,6.616666667,-76.75,1982-08-23,1982-08-23,1982-08-23,10.0,212.0,626.0,1043.0,1476.0,NO
datos_11077030,6.616666667,-76.75,1982-08-25,1982-08-25,1982-08-25,30.0,217.0,636.0,1023.0,1465.0,NO
datos_11077030,6.616666667,-76.75,1982-08-27,1982-08-27,1982-08-27,70.0,168.0,640.0,1036.0,1484.0,NO
datos_11077030,6.616666667,-76.75,1982-08-28,1982-08-28,1982-08-28,4.0,238.0,710.0,1104.0,1554.0,NO
datos_11077030,6.616666667,-76.75,1982-08-30,1982-08-30,1982-08-30,20.0,159.0,654.0,1098.0,1532.0,NO
datos_11077030,6.616666667,-76.75,1982-08-31,1982-08-31,1982-08-31,20.0,159.0,674.0,1118.0,1512.0,NO
datos_11077030,6.616666667,-76.75,1982-09-01,1982-09-01,1982-09-01,13.0,154.0,694.0,1134.0,1530.0,NO
datos_11077030,6.616666667,-76.75,1982-09-02,1982-09-02,1982-09-02,14.0,167.0,668.0,1144.0,1538.0,NO
datos_11077030,6.616666667,-76.75,1982-09-03,1982-09-03,1982-09-03,15.0,181.0,682.0,1158.0,1532.0,NO
datos_11077030,6.616666667,-76.75,1982-09-04,1982-09-04,1982-09-04,5.0,186.0,697.0,1164.0,1532.0,NO
datos_11077030,6.616666667,-76.75,1982-09-05,1982-09-05,1982-09-05,21.0,191.0,702.0,1169.0,1504.0,NO
datos_11077030,6.616666667,-76.75,1982-09-07,1982-09-07,1982-09-07,10.0,182.0,655.0,1120.0,1473.0,NO
datos_11077030,6.616666667,-76.75,1982-09-08,1982-09-08,1982-09-08,4.0,122.0,558.0,990.0,1473.0,NO
datos_11077030,6.616666667,-76.75,1982-09-09,1982-09-09,1982-09-09,6.0,122.0,562.0,994.0,1477.0,NO
datos_11077030,6.616666667,-76.75,1982-09-10,1982-09-10,1982-09-10,50.0,128.0,559.0,987.0,1480.0,NO
datos_11077030,6.616666667,-76.75,1982-09-12,1982-09-12,1982-09-12,71.0,138.0,504.0,1011.0,1498.0,NO
datos_11077030,6.616666667,-76.75,1982-09-13,1982-09-13,1982-09-13,6.0,196.0,570.0,1078.0,1547.0,NO
datos_11077030,6.616666667,-76.75,1982-09-14,1982-09-14,1982-09-14,74.0,188.0,576.0,1084.0,1553.0,NO
datos_11077030,6.616666667,-76.75,1982-09-17,1982-09-17,1982-09-17,20.0,221.0,571.0,1108.0,1558.0,NO
datos_11077030,6.616666667,-76.75,1982-09-18,1982-09-18,1982-09-18,7.0,241.0,586.0,1121.0,1578.0,NO
datos_11077030,6.616666667,-76.75,1982-09-20,1982-09-20,1982-09-20,84.0,234.0,495.0,1120.0,1518.0,NO
datos_11077030,6.616666667,-76.75,1982-09-22,1982-09-22,1982-09-22,68.0,262.0,554.0,1180.0,1597.0,NO
datos_11077030,6.616666667,-76.75,1982-09-23,1982-09-23,1982-09-23,18.0,330.0,622.0,1248.0,1635.0,NO
datos_11077030,6.616666667,-76.75,1982-09-24,1982-09-24,1982-09-24,78.0,277.0,630.0,1266.0,1653.0,NO
datos_11077030,6.616666667,-76.75,1982-09-25,1982-09-25,1982-09-25,7.0,349.0,708.0,1329.0,1726.0,NO
datos_11077030,6.616666667,-76.75,1982-09-27,1982-09-27,1982-09-27,18.0,282.0,685.0,1325.0,1719.0,NO
datos_11077030,6.616666667,-76.75,1982-09-28,1982-09-28,1982-09-28,4.0,300.0,633.0,1333.0,1729.0,NO
datos_11077030,6.616666667,-76.75,1982-09-30,1982-09-30,1982-09-30,5.0,277.0,633.0,1287.0,1731.0,NO
datos_11077030,6.616666667,-76.75,1982-11-01,1982-11-01,1982-11-01,24.0,0.0,0.0,598.0,1253.0,NO
datos_11077030,6.616666667,-76.75,1982-11-02,1982-11-02,1982-11-02,25.0,24.0,24.0,609.0,1277.0,NO
datos_11077030,6.616666667,-76.75,1982-11-03,1982-11-03,1982-11-03,55.0,49.0,49.0,620.0,1302.0,NO
datos_11077030,6.616666667,-76.75,1982-11-04,1982-11-04,1982-11-04,4.0,104.0,104.0,660.0,1357.0,NO
datos_11077030,6.616666667,-76.75,1982-11-05,1982-11-05,1982-11-05,77.0,108.0,108.0,659.0,1337.0,NO
datos_11077030,6.616666667,-76.75,1982-11-06,1982-11-06,1982-11-06,10.0,185.0,185.0,715.0,1370.0,NO
datos_11077030,6.616666667,-76.75,1982-11-07,1982-11-07,1982-11-07,10.0,195.0,195.0,725.0,1273.0,NO
datos_11077030,6.616666667,-76.75,1982-11-09,1982-11-09,1982-11-09,2.0,205.0,205.0,721.0,1274.0,NO
datos_11077030,6.616666667,-76.75,1982-11-15,1982-11-15,1982-11-15,60.0,103.0,207.0,516.0,1087.0,NO
datos_11077030,6.616666667,-76.75,1982-11-17,1982-11-17,1982-11-17,50.0,82.0,267.0,576.0,1142.0,NO
datos_11077030,6.616666667,-76.75,1982-11-19,1982-11-19,1982-11-19,25.0,112.0,317.0,599.0,1094.0,NO
datos_11077030,6.616666667,-76.75,1982-11-20,1982-11-20,1982-11-20,20.0,137.0,342.0,624.0,1094.0,NO
datos_11077030,6.616666667,-76.75,1982-11-24,1982-11-24,1982-11-24,25.0,155.0,362.0,474.0,1104.0,NO
datos_11077030,6.616666667,-76.75,1982-11-25,1982-11-25,1982-11-25,2.0,180.0,387.0,421.0,1099.0,NO
datos_11077030,6.616666667,-76.75,1982-11-26,1982-11-26,1982-11-26,10.0,182.0,389.0,416.0,1101.0,NO
datos_11077030,6.616666667,-76.75,1982-11-27,1982-11-27,1982-11-27,10.0,132.0,399.0,426.0,1041.0,NO
datos_11077030,6.616666667,-76.75,1982-12-01,1982-12-01,1982-12-01,55.0,67.0,409.0,409.0,1007.0,NO
datos_11077030,6.616666667,-76.75,1982-12-02,1982-12-02,1982-12-02,50.0,102.0,464.0,464.0,1049.0,NO
datos_11077030,6.616666667,-76.75,1982-12-08,1982-12-08,1982-12-08,50.0,115.0,319.0,514.0,1034.0,NO
datos_11077030,6.616666667,-76.75,1982-12-09,1982-12-09,1982-12-09,20.0,155.0,359.0,564.0,1080.0,NO
datos_11077030,6.616666667,-76.75,1982-12-17,1982-12-17,1982-12-17,19.0,70.0,317.0,584.0,893.0,NO
datos_11077030,6.616666667,-76.75,1982-12-21,1982-12-21,1982-12-21,40.0,19.0,261.0,603.0,801.0,NO
datos_11077030,6.616666667,-76.75,1983-01-10,1983-01-10,1983-01-10,10.0,0.0,59.0,436.0,643.0,NO
datos_11077030,6.616666667,-76.75,1983-02-07,1983-02-07,1983-02-07,10.0,0.0,10.0,139.0,448.0,NO
datos_11077030,6.616666667,-76.75,1983-02-23,1983-02-23,1983-02-23,20.0,0.0,10.0,20.0,301.0,NO
datos_11077030,6.616666667,-76.75,1983-02-26,1983-02-26,1983-02-26,10.0,20.0,30.0,40.0,284.0,NO
datos_11077030,6.616666667,-76.75,1983-03-01,1983-03-01,1983-03-01,20.0,30.0,40.0,50.0,284.0,NO
datos_11077030,6.616666667,-76.75,1983-03-02,1983-03-02,1983-03-02,5.0,50.0,60.0,70.0,304.0,NO
datos_11077030,6.616666667,-76.75,1983-03-06,1983-03-06,1983-03-06,35.0,55.0,65.0,75.0,204.0,NO
datos_11077030,6.616666667,-76.75,1983-03-07,1983-03-07,1983-03-07,4.0,70.0,100.0,110.0,239.0,NO
datos_11077030,6.616666667,-76.75,1983-03-10,1983-03-10,1983-03-10,7.0,64.0,104.0,114.0,193.0,NO
datos_11077030,6.616666667,-76.75,1983-03-15,1983-03-15,1983-03-15,10.0,46.0,101.0,111.0,180.0,NO
datos_11077030,6.616666667,-76.75,1983-03-16,1983-03-16,1983-03-16,29.0,56.0,111.0,121.0,190.0,NO
datos_11077030,6.616666667,-76.75,1983-03-19,1983-03-19,1983-03-19,15.0,46.0,140.0,150.0,200.0,NO
datos_11077030,6.616666667,-76.75,1983-03-24,1983-03-24,1983-03-24,5.0,54.0,155.0,165.0,175.0,NO
datos_11077030,6.616666667,-76.75,1983-03-25,1983-03-25,1983-03-25,25.0,59.0,160.0,170.0,180.0,NO
datos_11077030,6.616666667,-76.75,1983-03-27,1983-03-27,1983-03-27,4.0,74.0,165.0,195.0,205.0,NO
datos_11077030,6.616666667,-76.75,1983-03-28,1983-03-28,1983-03-28,15.0,49.0,169.0,199.0,209.0,NO
datos_11077030,6.616666667,-76.75,1983-04-02,1983-04-02,1983-04-02,5.0,49.0,154.0,214.0,224.0,NO
datos_11077030,6.616666667,-76.75,1983-04-03,1983-04-03,1983-04-03,5.0,54.0,154.0,219.0,229.0,NO
datos_11077030,6.616666667,-76.75,1983-04-05,1983-04-05,1983-04-05,7.0,54.0,159.0,224.0,234.0,NO
datos_11077030,6.616666667,-76.75,1983-04-06,1983-04-06,1983-04-06,87.0,36.0,166.0,231.0,241.0,NO
datos_11077030,6.616666667,-76.75,1983-04-07,1983-04-07,1983-04-07,40.0,123.0,218.0,318.0,328.0,NO
datos_11077030,6.616666667,-76.75,1983-04-11,1983-04-11,1983-04-11,3.0,144.0,247.0,348.0,368.0,NO
datos_11077030,6.616666667,-76.75,1983-04-14,1983-04-14,1983-04-14,6.0,142.0,250.0,351.0,361.0,NO
datos_11077030,6.616666667,-76.75,1983-04-16,1983-04-16,1983-04-16,5.0,143.0,246.0,357.0,367.0,NO
datos_11077030,6.616666667,-76.75,1983-04-18,1983-04-18,1983-04-18,8.0,54.0,222.0,362.0,372.0,NO
datos_11077030,6.616666667,-76.75,1983-04-19,1983-04-19,1983-04-19,9.0,22.0,230.0,370.0,380.0,NO
datos_11077030,6.616666667,-76.75,1983-04-20,1983-04-20,1983-04-20,4.0,31.0,224.0,379.0,389.0,NO
datos_11077030,6.616666667,-76.75,1983-04-23,1983-04-23,1983-04-23,4.0,32.0,228.0,383.0,393.0,NO
datos_11077030,6.616666667,-76.75,1983-04-24,1983-04-24,1983-04-24,10.0,36.0,232.0,387.0,397.0,NO
datos_11077030,6.616666667,-76.75,1983-04-25,1983-04-25,1983-04-25,79.0,46.0,237.0,397.0,407.0,NO
datos_11077030,6.616666667,-76.75,1983-04-26,1983-04-26,1983-04-26,19.0,119.0,291.0,456.0,486.0,NO
datos_11077030,6.616666667,-76.75,1983-04-27,1983-04-27,1983-04-27,20.0,138.0,310.0,475.0,505.0,NO
datos_11077030,6.616666667,-76.75,1983-04-28,1983-04-28,1983-04-28,5.0,153.0,326.0,495.0,525.0,NO
datos_11077030,6.616666667,-76.75,1983-05-02,1983-05-02,1983-05-02,5.0,137.0,316.0,470.0,530.0,NO
datos_11077030,6.616666667,-76.75,1983-05-05,1983-05-05,1983-05-05,5.0,138.0,311.0,470.0,535.0,NO
datos_11077030,6.616666667,-76.75,1983-05-06,1983-05-06,1983-05-06,8.0,133.0,316.0,475.0,540.0,NO
datos_11077030,6.616666667,-76.75,1983-05-07,1983-05-07,1983-05-07,14.0,62.0,317.0,448.0,548.0,NO
datos_11077030,6.616666667,-76.75,1983-05-08,1983-05-08,1983-05-08,30.0,57.0,244.0,458.0,562.0,NO
datos_11077030,6.616666667,-76.75,1983-05-09,1983-05-09,1983-05-09,2.0,67.0,234.0,488.0,592.0,NO
datos_11077030,6.616666667,-76.75,1983-05-10,1983-05-10,1983-05-10,7.0,64.0,236.0,490.0,584.0,NO
datos_11077030,6.616666667,-76.75,1983-05-11,1983-05-11,1983-05-11,3.0,71.0,243.0,490.0,591.0,NO
datos_11077030,6.616666667,-76.75,1983-05-13,1983-05-13,1983-05-13,14.0,74.0,243.0,493.0,594.0,NO
datos_11077030,6.616666667,-76.75,1983-05-14,1983-05-14,1983-05-14,27.0,83.0,257.0,507.0,608.0,NO
datos_11077030,6.616666667,-76.75,1983-05-15,1983-05-15,1983-05-15,10.0,110.0,284.0,534.0,635.0,NO
datos_11077030,6.616666667,-76.75,1983-05-16,1983-05-16,1983-05-16,2.0,120.0,288.0,534.0,645.0,NO
datos_11077030,6.616666667,-76.75,1983-05-18,1983-05-18,1983-05-18,8.0,109.0,285.0,507.0,647.0,NO
datos_11077030,6.616666667,-76.75,1983-05-19,1983-05-19,1983-05-19,13.0,103.0,293.0,515.0,655.0,NO
datos_11077030,6.616666667,-76.75,1983-05-20,1983-05-20,1983-05-20,18.0,86.0,298.0,513.0,668.0,NO
datos_11077030,6.616666667,-76.75,1983-05-26,1983-05-26,1983-05-26,20.0,51.0,289.0,501.0,666.0,NO
datos_11077030,6.616666667,-76.75,1983-05-27,1983-05-27,1983-05-27,25.0,61.0,230.0,521.0,686.0,NO
datos_11077030,6.616666667,-76.75,1983-05-28,1983-05-28,1983-05-28,30.0,84.0,236.0,542.0,711.0,NO
datos_11077030,6.616666667,-76.75,1983-05-29,1983-05-29,1983-05-29,15.0,114.0,246.0,557.0,731.0,NO
datos_11077030,6.616666667,-76.75,1983-05-31,1983-05-31,1983-05-31,40.0,108.0,256.0,572.0,746.0,NO
datos_11077030,6.616666667,-76.75,1983-06-01,1983-06-01,1983-06-01,12.0,130.0,296.0,612.0,766.0,NO
datos_11077030,6.616666667,-76.75,1983-06-02,1983-06-02,1983-06-02,50.0,142.0,308.0,624.0,773.0,NO
datos_11077030,6.616666667,-76.75,1983-06-03,1983-06-03,1983-06-03,10.0,192.0,353.0,669.0,823.0,NO
datos_11077030,6.616666667,-76.75,1983-06-04,1983-06-04,1983-06-04,10.0,202.0,363.0,674.0,833.0,NO
datos_11077030,6.616666667,-76.75,1983-06-07,1983-06-07,1983-06-07,70.0,192.0,360.0,590.0,804.0,NO
datos_11077030,6.616666667,-76.75,1983-06-09,1983-06-09,1983-06-09,39.0,207.0,386.0,620.0,874.0,NO
datos_11077030,6.616666667,-76.75,1983-06-10,1983-06-10,1983-06-10,10.0,231.0,423.0,659.0,906.0,NO
datos_11077030,6.616666667,-76.75,1983-06-13,1983-06-13,1983-06-13,3.0,189.0,423.0,666.0,916.0,NO
datos_11077030,6.616666667,-76.75,1983-06-16,1983-06-16,1983-06-16,39.0,122.0,375.0,663.0,880.0,NO
datos_11077030,6.616666667,-76.75,1983-06-19,1983-06-19,1983-06-19,10.0,91.0,404.0,689.0,904.0,NO
datos_11077030,6.616666667,-76.75,1983-06-22,1983-06-22,1983-06-22,30.0,52.0,383.0,686.0,914.0,NO
datos_11077030,6.616666667,-76.75,1983-06-23,1983-06-23,1983-06-23,19.0,82.0,413.0,716.0,944.0,NO
datos_11077030,6.616666667,-76.75,1983-06-26,1983-06-26,1983-06-26,10.0,98.0,432.0,642.0,933.0,NO
datos_11077030,6.616666667,-76.75,1983-06-30,1983-06-30,1983-06-30,62.0,69.0,352.0,608.0,924.0,NO
datos_11077030,6.616666667,-76.75,1983-07-01,1983-07-01,1983-07-01,59.0,121.0,414.0,670.0,986.0,NO
datos_11077030,6.616666667,-76.75,1983-07-02,1983-07-02,1983-07-02,20.0,180.0,433.0,729.0,1045.0,NO
datos_11077030,6.616666667,-76.75,1983-07-03,1983-07-03,1983-07-03,42.0,200.0,441.0,744.0,1060.0,NO
datos_11077030,6.616666667,-76.75,1983-07-06,1983-07-06,1983-07-06,12.0,193.0,413.0,781.0,1090.0,NO
datos_11077030,6.616666667,-76.75,1983-07-07,1983-07-07,1983-07-07,40.0,205.0,425.0,785.0,1015.0,NO
datos_11077030,6.616666667,-76.75,1983-07-08,1983-07-08,1983-07-08,22.0,235.0,465.0,811.0,1015.0,NO
datos_11077030,6.616666667,-76.75,1983-07-10,1983-07-10,1983-07-10,13.0,257.0,417.0,801.0,1037.0,NO
datos_11077030,6.616666667,-76.75,1983-07-13,1983-07-13,1983-07-13,58.0,149.0,381.0,804.0,1047.0,NO
datos_11077030,6.616666667,-76.75,1983-07-14,1983-07-14,1983-07-14,15.0,187.0,439.0,848.0,1105.0,NO
datos_11077030,6.616666667,-76.75,1983-07-15,1983-07-15,1983-07-15,8.0,160.0,451.0,836.0,1114.0,NO
datos_11077030,6.616666667,-76.75,1983-07-16,1983-07-16,1983-07-16,10.0,168.0,459.0,834.0,1122.0,NO
datos_11077030,6.616666667,-76.75,1983-07-18,1983-07-18,1983-07-18,10.0,166.0,430.0,842.0,1127.0,NO
datos_11077030,6.616666667,-76.75,1983-07-21,1983-07-21,1983-07-21,35.0,114.0,430.0,813.0,1116.0,NO
datos_11077030,6.616666667,-76.75,1983-07-28,1983-07-28,1983-07-28,25.0,45.0,406.0,803.0,1019.0,NO
datos_11077030,6.616666667,-76.75,1983-07-29,1983-07-29,1983-07-29,3.0,70.0,431.0,798.0,1039.0,NO
datos_11077030,6.616666667,-76.75,1983-07-30,1983-07-30,1983-07-30,82.0,63.0,434.0,786.0,1042.0,NO
datos_11077030,6.616666667,-76.75,1983-07-31,1983-07-31,1983-07-31,26.0,145.0,516.0,868.0,1124.0,NO
datos_11077030,6.616666667,-76.75,1983-08-01,1983-08-01,1983-08-01,50.0,171.0,480.0,854.0,1150.0,NO
datos_11077030,6.616666667,-76.75,1983-08-04,1983-08-04,1983-08-04,34.0,186.0,409.0,832.0,1195.0,NO
datos_11077030,6.616666667,-76.75,1983-08-05,1983-08-05,1983-08-05,34.0,220.0,443.0,856.0,1224.0,NO
datos_11077030,6.616666667,-76.75,1983-08-06,1983-08-06,1983-08-06,10.0,254.0,477.0,890.0,1250.0,NO
datos_11077030,6.616666667,-76.75,1983-08-07,1983-08-07,1983-08-07,5.0,264.0,475.0,900.0,1246.0,NO
datos_11077030,6.616666667,-76.75,1983-08-08,1983-08-08,1983-08-08,15.0,269.0,440.0,835.0,1221.0,NO
datos_11077030,6.616666667,-76.75,1983-08-09,1983-08-09,1983-08-09,5.0,259.0,433.0,850.0,1234.0,NO
datos_11077030,6.616666667,-76.75,1983-08-11,1983-08-11,1983-08-11,65.0,179.0,425.0,806.0,1229.0,NO
datos_11077030,6.616666667,-76.75,1983-08-13,1983-08-13,1983-08-13,50.0,168.0,490.0,871.0,1280.0,NO
datos_11077030,6.616666667,-76.75,1983-08-17,1983-08-17,1983-08-17,10.0,150.0,449.0,879.0,1291.0,NO
datos_11077030,6.616666667,-76.75,1983-08-18,1983-08-18,1983-08-18,87.0,150.0,459.0,889.0,1293.0,NO
datos_11077030,6.616666667,-76.75,1983-08-19,1983-08-19,1983-08-19,10.0,232.0,536.0,976.0,1367.0,NO
datos_11077030,6.616666667,-76.75,1983-08-21,1983-08-21,1983-08-21,18.0,222.0,546.0,976.0,1359.0,NO
datos_11077030,6.616666667,-76.75,1983-08-23,1983-08-23,1983-08-23,25.0,175.0,529.0,964.0,1377.0,NO
datos_11077030,6.616666667,-76.75,1983-08-27,1983-08-27,1983-08-27,107.0,150.0,554.0,960.0,1357.0,NO
datos_11077030,6.616666667,-76.75,1983-08-28,1983-08-28,1983-08-28,53.0,257.0,661.0,1067.0,1434.0,NO
datos_11077030,6.616666667,-76.75,1983-08-29,1983-08-29,1983-08-29,8.0,300.0,689.0,1120.0,1472.0,NO
datos_11077030,6.616666667,-76.75,1983-08-30,1983-08-30,1983-08-30,2.0,221.0,694.0,1128.0,1480.0,NO
datos_11077030,6.616666667,-76.75,1983-08-31,1983-08-31,1983-08-31,2.0,213.0,614.0,1068.0,1442.0,NO
datos_11077030,6.616666667,-76.75,1983-09-02,1983-09-02,1983-09-02,33.0,197.0,540.0,991.0,1382.0,NO
datos_11077030,6.616666667,-76.75,1983-09-03,1983-09-03,1983-09-03,10.0,230.0,573.0,982.0,1405.0,NO
datos_11077030,6.616666667,-76.75,1983-09-05,1983-09-05,1983-09-05,10.0,215.0,549.0,992.0,1405.0,NO
datos_11077030,6.616666667,-76.75,1983-09-06,1983-09-06,1983-09-06,60.0,225.0,525.0,990.0,1415.0,NO
datos_11077030,6.616666667,-76.75,1983-09-09,1983-09-09,1983-09-09,84.0,125.0,555.0,988.0,1366.0,NO
datos_11077030,6.616666667,-76.75,1983-09-10,1983-09-10,1983-09-10,30.0,201.0,634.0,1059.0,1440.0,NO
datos_11077030,6.616666667,-76.75,1983-09-11,1983-09-11,1983-09-11,60.0,229.0,664.0,1089.0,1470.0,NO
datos_11077030,6.616666667,-76.75,1983-09-12,1983-09-12,1983-09-12,20.0,287.0,659.0,1149.0,1530.0,NO
datos_11077030,6.616666667,-76.75,1983-09-13,1983-09-13,1983-09-13,100.0,307.0,679.0,1111.0,1547.0,NO
datos_11077030,6.616666667,-76.75,1983-09-14,1983-09-14,1983-09-14,3.0,374.0,729.0,1196.0,1647.0,NO
datos_11077030,6.616666667,-76.75,1983-09-15,1983-09-15,1983-09-15,80.0,367.0,732.0,1191.0,1650.0,NO
datos_11077030,6.616666667,-76.75,1983-09-16,1983-09-16,1983-09-16,26.0,447.0,812.0,1261.0,1691.0,NO
datos_11077030,6.616666667,-76.75,1983-09-17,1983-09-17,1983-09-17,24.0,463.0,838.0,1287.0,1717.0,NO
datos_11077030,6.616666667,-76.75,1983-09-18,1983-09-18,1983-09-18,30.0,427.0,852.0,1301.0,1741.0,NO
datos_11077030,6.616666667,-76.75,1983-09-19,1983-09-19,1983-09-19,35.0,457.0,795.0,1331.0,1761.0,NO
datos_11077030,6.616666667,-76.75,1983-09-21,1983-09-21,1983-09-21,2.0,408.0,820.0,1331.0,1796.0,NO
datos_11077030,6.616666667,-76.75,1983-09-22,1983-09-22,1983-09-22,30.0,380.0,804.0,1333.0,1768.0,NO
datos_11077030,6.616666667,-76.75,1983-09-23,1983-09-23,1983-09-23,2.0,350.0,834.0,1363.0,1779.0,NO
datos_11077030,6.616666667,-76.75,1983-09-24,1983-09-24,1983-09-24,35.0,332.0,811.0,1365.0,1781.0,NO
datos_11077030,6.616666667,-76.75,1983-09-25,1983-09-25,1983-09-25,53.0,267.0,846.0,1400.0,1816.0,NO
datos_11077030,6.616666667,-76.75,1983-09-27,1983-09-27,1983-09-27,3.0,237.0,899.0,1453.0,1859.0,NO
datos_11077030,6.616666667,-76.75,1983-09-29,1983-09-29,1983-09-29,19.0,190.0,742.0,1428.0,1862.0,NO
datos_11077030,6.616666667,-76.75,1983-09-30,1983-09-30,1983-09-30,52.0,179.0,753.0,1365.0,1819.0,NO
datos_11077030,6.616666667,-76.75,1983-10-02,1983-10-02,1983-10-02,11.0,196.0,801.0,1341.0,1792.0,NO
datos_11077030,6.616666667,-76.75,1983-10-04,1983-10-04,1983-10-04,10.0,175.0,779.0,1352.0,1761.0,NO
datos_11077030,6.616666667,-76.75,1983-10-05,1983-10-05,1983-10-05,2.0,183.0,779.0,1328.0,1771.0,NO
datos_11077030,6.616666667,-76.75,1983-10-06,1983-10-06,1983-10-06,20.0,150.0,781.0,1296.0,1761.0,NO
datos_11077030,6.616666667,-76.75,1983-10-08,1983-10-08,1983-10-08,62.0,117.0,731.0,1301.0,1719.0,NO
datos_11077030,6.616666667,-76.75,1983-10-09,1983-10-09,1983-10-09,65.0,176.0,793.0,1348.0,1781.0,NO
datos_11077030,6.616666667,-76.75,1983-10-10,1983-10-10,1983-10-10,52.0,241.0,858.0,1408.0,1833.0,NO
datos_11077030,6.616666667,-76.75,1983-10-11,1983-10-11,1983-10-11,4.0,274.0,826.0,1460.0,1885.0,NO
datos_11077030,6.616666667,-76.75,1983-10-12,1983-10-12,1983-10-12,5.0,226.0,800.0,1399.0,1889.0,NO
datos_11077030,6.616666667,-76.75,1983-10-13,1983-10-13,1983-10-13,15.0,231.0,745.0,1404.0,1836.0,NO
datos_11077030,6.616666667,-76.75,1983-10-15,1983-10-15,1983-10-15,21.0,235.0,640.0,1369.0,1828.0,NO
datos_11077030,6.616666667,-76.75,1983-10-19,1983-10-19,1983-10-19,7.0,224.0,528.0,1293.0,1829.0,NO
datos_11077030,6.616666667,-76.75,1983-10-21,1983-10-21,1983-10-21,10.0,104.0,470.0,1290.0,1801.0,NO
datos_11077030,6.616666667,-76.75,1983-10-22,1983-10-22,1983-10-22,7.0,62.0,480.0,1282.0,1811.0,NO
datos_11077030,6.616666667,-76.75,1983-10-23,1983-10-23,1983-10-23,25.0,65.0,485.0,1289.0,1818.0,NO
datos_11077030,6.616666667,-76.75,1983-10-24,1983-10-24,1983-10-24,4.0,85.0,480.0,1289.0,1843.0,NO
datos_11077030,6.616666667,-76.75,1983-10-25,1983-10-25,1983-10-25,86.0,74.0,482.0,1293.0,1847.0,NO
datos_11077030,6.616666667,-76.75,1983-10-27,1983-10-27,1983-10-27,70.0,139.0,480.0,1379.0,1933.0,NO
datos_11077030,6.616666667,-76.75,1983-11-03,1983-11-03,1983-11-03,2.0,185.0,465.0,1244.0,1817.0,NO
datos_11077030,6.616666667,-76.75,1983-11-05,1983-11-05,1983-11-05,105.0,158.0,457.0,1236.0,1751.0,NO
datos_11077030,6.616666667,-76.75,1983-11-06,1983-11-06,1983-11-06,9.0,177.0,560.0,1331.0,1846.0,NO
datos_11077030,6.616666667,-76.75,1983-11-07,1983-11-07,1983-11-07,30.0,186.0,549.0,1280.0,1850.0,NO
datos_11077030,6.616666667,-76.75,1983-11-08,1983-11-08,1983-11-08,2.0,146.0,579.0,1310.0,1865.0,NO
datos_11077030,6.616666667,-76.75,1983-11-09,1983-11-09,1983-11-09,55.0,148.0,519.0,1312.0,1862.0,NO
datos_11077030,6.616666667,-76.75,1983-11-12,1983-11-12,1983-11-12,9.0,203.0,453.0,1193.0,1852.0,NO
datos_11077030,6.616666667,-76.75,1983-11-13,1983-11-13,1983-11-13,2.0,212.0,457.0,1182.0,1811.0,NO
datos_11077030,6.616666667,-76.75,1983-11-15,1983-11-15,1983-11-15,3.0,212.0,444.0,1081.0,1813.0,NO
datos_11077030,6.616666667,-76.75,1983-11-16,1983-11-16,1983-11-16,7.0,215.0,426.0,1004.0,1816.0,NO
datos_11077030,6.616666667,-76.75,1983-11-18,1983-11-18,1983-11-18,80.0,108.0,433.0,961.0,1726.0,NO
datos_11077030,6.616666667,-76.75,1983-11-20,1983-11-20,1983-11-20,63.0,156.0,506.0,976.0,1796.0,NO
datos_11077030,6.616666667,-76.75,1983-11-22,1983-11-22,1983-11-22,4.0,164.0,559.0,1037.0,1841.0,NO
datos_11077030,6.616666667,-76.75,1983-11-25,1983-11-25,1983-11-25,4.0,157.0,527.0,974.0,1820.0,NO
datos_11077030,6.616666667,-76.75,1983-11-26,1983-11-26,1983-11-26,33.0,161.0,445.0,925.0,1824.0,NO
datos_11077030,6.616666667,-76.75,1983-11-27,1983-11-27,1983-11-27,8.0,191.0,478.0,958.0,1750.0,NO
datos_11077030,6.616666667,-76.75,1983-11-28,1983-11-28,1983-11-28,7.0,192.0,416.0,963.0,1705.0,NO
datos_11077030,6.616666667,-76.75,1983-11-29,1983-11-29,1983-11-29,7.0,199.0,423.0,970.0,1704.0,NO
datos_11077030,6.616666667,-76.75,1983-12-01,1983-12-01,1983-12-01,6.0,126.0,430.0,906.0,1707.0,NO
datos_11077030,6.616666667,-76.75,1983-12-02,1983-12-02,1983-12-02,10.0,69.0,436.0,912.0,1713.0,NO
datos_11077030,6.616666667,-76.75,1983-12-03,1983-12-03,1983-12-03,50.0,79.0,446.0,911.0,1690.0,NO
datos_11077030,6.616666667,-76.75,1983-12-04,1983-12-04,1983-12-04,3.0,125.0,496.0,961.0,1730.0,NO
datos_11077030,6.616666667,-76.75,1983-12-08,1983-12-08,1983-12-08,10.0,91.0,383.0,932.0,1663.0,NO
datos_11077030,6.616666667,-76.75,1983-12-09,1983-12-09,1983-12-09,6.0,93.0,363.0,880.0,1673.0,NO
datos_11077030,6.616666667,-76.75,1983-12-10,1983-12-10,1983-12-10,50.0,92.0,367.0,821.0,1595.0,NO
datos_11077030,6.616666667,-76.75,1983-12-12,1983-12-12,1983-12-12,73.0,135.0,362.0,815.0,1555.0,NO
datos_11077030,6.616666667,-76.75,1983-12-14,1983-12-14,1983-12-14,10.0,192.0,426.0,868.0,1508.0,NO
datos_11077030,6.616666667,-76.75,1983-12-15,1983-12-15,1983-12-15,40.0,152.0,434.0,878.0,1515.0,NO
datos_11077030,6.616666667,-76.75,1983-12-18,1983-12-18,1983-12-18,5.0,189.0,464.0,897.0,1425.0,NO
datos_11077030,6.616666667,-76.75,1983-12-19,1983-12-19,1983-12-19,10.0,194.0,469.0,902.0,1400.0,NO
datos_11077030,6.616666667,-76.75,1983-12-21,1983-12-21,1983-12-21,34.0,188.0,399.0,905.0,1375.0,NO
datos_11077030,6.616666667,-76.75,1983-12-22,1983-12-22,1983-12-22,8.0,172.0,370.0,929.0,1407.0,NO
datos_11077030,6.616666667,-76.75,1983-12-24,1983-12-24,1983-12-24,20.0,107.0,374.0,905.0,1383.0,NO
datos_11077030,6.616666667,-76.75,1983-12-27,1983-12-27,1983-12-27,6.0,77.0,390.0,835.0,1315.0,NO
datos_11077030,6.616666667,-76.75,1983-12-28,1983-12-28,1983-12-28,15.0,83.0,363.0,771.0,1318.0,NO
datos_11077030,6.616666667,-76.75,1983-12-30,1983-12-30,1983-12-30,35.0,93.0,363.0,786.0,1314.0,NO
datos_11077030,6.616666667,-76.75,1984-01-03,1984-01-03,1984-01-03,13.0,76.0,375.0,821.0,1286.0,NO
datos_11077030,6.616666667,-76.75,1984-01-07,1984-01-07,1984-01-07,12.0,69.0,335.0,718.0,1267.0,NO
datos_11077030,6.616666667,-76.75,1984-01-09,1984-01-09,1984-01-09,10.0,60.0,337.0,698.0,1152.0,NO
datos_11077030,6.616666667,-76.75,1984-01-10,1984-01-10,1984-01-10,4.0,70.0,341.0,653.0,1110.0,NO
datos_11077030,6.616666667,-76.75,1984-01-11,1984-01-11,1984-01-11,93.0,39.0,295.0,657.0,1110.0,NO
datos_11077030,6.616666667,-76.75,1984-01-12,1984-01-12,1984-01-12,13.0,132.0,388.0,750.0,1198.0,NO
datos_11077030,6.616666667,-76.75,1984-01-13,1984-01-13,1984-01-13,15.0,145.0,328.0,754.0,1196.0,NO
datos_11077030,6.616666667,-76.75,1984-01-14,1984-01-14,1984-01-14,65.0,160.0,343.0,767.0,1211.0,NO
datos_11077030,6.616666667,-76.75,1984-01-15,1984-01-15,1984-01-15,16.0,212.0,398.0,832.0,1255.0,NO
datos_11077030,6.616666667,-76.75,1984-01-17,1984-01-17,1984-01-17,1.0,228.0,374.0,838.0,1271.0,NO
datos_11077030,6.616666667,-76.75,1984-01-19,1984-01-19,1984-01-19,33.0,217.0,370.0,759.0,1265.0,NO
datos_11077030,6.616666667,-76.75,1984-01-20,1984-01-20,1984-01-20,2.0,250.0,393.0,792.0,1298.0,NO
datos_11077030,6.616666667,-76.75,1984-01-21,1984-01-21,1984-01-21,2.0,242.0,395.0,731.0,1290.0,NO
datos_11077030,6.616666667,-76.75,1984-01-22,1984-01-22,1984-01-22,32.0,240.0,363.0,733.0,1285.0,NO
datos_11077030,6.616666667,-76.75,1984-01-23,1984-01-23,1984-01-23,23.0,179.0,387.0,761.0,1292.0,NO
datos_11077030,6.616666667,-76.75,1984-01-24,1984-01-24,1984-01-24,24.0,189.0,410.0,784.0,1311.0,NO
datos_11077030,6.616666667,-76.75,1984-01-25,1984-01-25,1984-01-25,50.0,198.0,414.0,808.0,1249.0,NO
datos_11077030,6.616666667,-76.75,1984-01-26,1984-01-26,1984-01-26,15.0,183.0,464.0,854.0,1299.0,NO
datos_11077030,6.616666667,-76.75,1984-01-27,1984-01-27,1984-01-27,23.0,182.0,479.0,836.0,1244.0,NO
datos_11077030,6.616666667,-76.75,1984-01-29,1984-01-29,1984-01-29,1.0,204.0,481.0,844.0,1267.0,NO
datos_11077030,6.616666667,-76.75,1984-01-30,1984-01-30,1984-01-30,12.0,205.0,482.0,838.0,1268.0,NO
datos_11077030,6.616666667,-76.75,1984-02-02,1984-02-02,1984-02-02,10.0,180.0,459.0,834.0,1280.0,NO
datos_11077030,6.616666667,-76.75,1984-02-04,1984-02-04,1984-02-04,32.0,135.0,456.0,791.0,1288.0,NO
datos_11077030,6.616666667,-76.75,1984-02-05,1984-02-05,1984-02-05,55.0,143.0,488.0,823.0,1215.0,NO
datos_11077030,6.616666667,-76.75,1984-02-06,1984-02-06,1984-02-06,34.0,148.0,543.0,878.0,1261.0,NO
datos_11077030,6.616666667,-76.75,1984-02-08,1984-02-08,1984-02-08,108.0,144.0,565.0,902.0,1263.0,NO
datos_11077030,6.616666667,-76.75,1984-02-09,1984-02-09,1984-02-09,5.0,252.0,673.0,1004.0,1316.0,NO
datos_11077030,6.616666667,-76.75,1984-02-10,1984-02-10,1984-02-10,23.0,256.0,668.0,959.0,1321.0,NO
datos_11077030,6.616666667,-76.75,1984-02-13,1984-02-13,1984-02-13,14.0,267.0,581.0,909.0,1333.0,NO
datos_11077030,6.616666667,-76.75,1984-02-14,1984-02-14,1984-02-14,5.0,271.0,580.0,913.0,1347.0,NO
datos_11077030,6.616666667,-76.75,1984-02-15,1984-02-15,1984-02-15,35.0,276.0,520.0,878.0,1349.0,NO
datos_11077030,6.616666667,-76.75,1984-02-19,1984-02-19,1984-02-19,79.0,190.0,538.0,898.0,1297.0,NO
datos_11077030,6.616666667,-76.75,1984-02-20,1984-02-20,1984-02-20,92.0,161.0,584.0,977.0,1313.0,NO
datos_11077030,6.616666667,-76.75,1984-02-22,1984-02-22,1984-02-22,5.0,225.0,672.0,1027.0,1401.0,NO
datos_11077030,6.616666667,-76.75,1984-02-23,1984-02-23,1984-02-23,10.0,230.0,645.0,1032.0,1406.0,NO
datos_11077030,6.616666667,-76.75,1984-02-24,1984-02-24,1984-02-24,13.0,240.0,632.0,1022.0,1416.0,NO
datos_11077030,6.616666667,-76.75,1984-02-25,1984-02-25,1984-02-25,10.0,239.0,621.0,1035.0,1425.0,NO
datos_11077030,6.616666667,-76.75,1984-02-26,1984-02-26,1984-02-26,16.0,244.0,581.0,1045.0,1402.0,NO
datos_11077030,6.616666667,-76.75,1984-02-27,1984-02-27,1984-02-27,9.0,225.0,582.0,1055.0,1410.0,NO
datos_11077030,6.616666667,-76.75,1984-02-28,1984-02-28,1984-02-28,15.0,234.0,568.0,1049.0,1412.0,NO
datos_11077030,6.616666667,-76.75,1984-03-01,1984-03-01,1984-03-01,73.0,249.0,582.0,1029.0,1420.0,NO
datos_11077030,6.616666667,-76.75,1984-03-02,1984-03-02,1984-03-02,22.0,243.0,643.0,1102.0,1487.0,NO
datos_11077030,6.616666667,-76.75,1984-03-04,1984-03-04,1984-03-04,13.0,173.0,665.0,1124.0,1449.0,NO
datos_11077030,6.616666667,-76.75,1984-03-05,1984-03-05,1984-03-05,7.0,181.0,668.0,1124.0,1459.0,NO
datos_11077030,6.616666667,-76.75,1984-03-06,1984-03-06,1984-03-06,20.0,178.0,675.0,1131.0,1466.0,NO
datos_11077030,6.616666667,-76.75,1984-03-07,1984-03-07,1984-03-07,16.0,185.0,663.0,1151.0,1486.0,NO
datos_11077030,6.616666667,-76.75,1984-03-08,1984-03-08,1984-03-08,97.0,191.0,624.0,1167.0,1502.0,NO
datos_11077030,6.616666667,-76.75,1984-03-09,1984-03-09,1984-03-09,5.0,272.0,687.0,1252.0,1589.0,NO
datos_11077030,6.616666667,-76.75,1984-03-14,1984-03-14,1984-03-14,3.0,158.0,556.0,1137.0,1465.0,NO
datos_11077030,6.616666667,-76.75,1984-03-22,1984-03-22,1984-03-22,23.0,3.0,426.0,1008.0,1369.0,NO
datos_11077030,6.616666667,-76.75,1984-03-23,1984-03-23,1984-03-23,5.0,26.0,357.0,1029.0,1384.0,NO
datos_11077030,6.616666667,-76.75,1984-03-25,1984-03-25,1984-03-25,35.0,31.0,357.0,979.0,1369.0,NO
datos_11077030,6.616666667,-76.75,1984-03-26,1984-03-26,1984-03-26,18.0,63.0,382.0,990.0,1404.0,NO
datos_11077030,6.616666667,-76.75,1984-03-28,1984-03-28,1984-03-28,53.0,81.0,377.0,943.0,1416.0,NO
datos_11077030,6.616666667,-76.75,1984-03-30,1984-03-30,1984-03-30,51.0,134.0,405.0,973.0,1454.0,NO
datos_11077030,6.616666667,-76.75,1984-03-31,1984-03-31,1984-03-31,40.0,185.0,441.0,1023.0,1470.0,NO
datos_11077030,6.616666667,-76.75,1984-04-01,1984-04-01,1984-04-01,15.0,225.0,481.0,1051.0,1510.0,NO
datos_11077030,6.616666667,-76.75,1984-04-08,1984-04-08,1984-04-08,22.0,159.0,345.0,935.0,1500.0,NO
datos_11077030,6.616666667,-76.75,1984-04-09,1984-04-09,1984-04-09,11.0,128.0,270.0,957.0,1522.0,NO
datos_11077030,6.616666667,-76.75,1984-04-10,1984-04-10,1984-04-10,4.0,139.0,276.0,860.0,1523.0,NO
datos_11077030,6.616666667,-76.75,1984-04-11,1984-04-11,1984-04-11,23.0,92.0,280.0,859.0,1523.0,NO
datos_11077030,6.616666667,-76.75,1984-04-12,1984-04-12,1984-04-12,3.0,75.0,303.0,859.0,1453.0,NO
datos_11077030,6.616666667,-76.75,1984-04-13,1984-04-13,1984-04-13,55.0,63.0,306.0,862.0,1443.0,NO
datos_11077030,6.616666667,-76.75,1984-04-14,1984-04-14,1984-04-14,33.0,118.0,361.0,917.0,1483.0,NO
datos_11077030,6.616666667,-76.75,1984-04-15,1984-04-15,1984-04-15,40.0,151.0,391.0,936.0,1451.0,NO
datos_11077030,6.616666667,-76.75,1984-04-16,1984-04-16,1984-04-16,50.0,191.0,431.0,971.0,1475.0,NO
datos_11077030,6.616666667,-76.75,1984-04-18,1984-04-18,1984-04-18,3.0,241.0,481.0,986.0,1524.0,NO
datos_11077030,6.616666667,-76.75,1984-04-19,1984-04-19,1984-04-19,1.0,244.0,484.0,989.0,1527.0,NO
datos_11077030,6.616666667,-76.75,1984-04-20,1984-04-20,1984-04-20,3.0,223.0,485.0,990.0,1495.0,NO
datos_11077030,6.616666667,-76.75,1984-04-22,1984-04-22,1984-04-22,10.0,211.0,488.0,822.0,1494.0,NO
datos_11077030,6.616666667,-76.75,1984-04-23,1984-04-23,1984-04-23,25.0,198.0,475.0,832.0,1472.0,NO
datos_11077030,6.616666667,-76.75,1984-04-24,1984-04-24,1984-04-24,70.0,220.0,495.0,852.0,1474.0,NO
datos_11077030,6.616666667,-76.75,1984-04-26,1984-04-26,1984-04-26,30.0,202.0,530.0,899.0,1470.0,NO
datos_11077030,6.616666667,-76.75,1984-04-27,1984-04-27,1984-04-27,40.0,192.0,542.0,919.0,1485.0,NO
datos_11077030,6.616666667,-76.75,1984-04-28,1984-04-28,1984-04-28,10.0,182.0,582.0,943.0,1502.0,NO
datos_11077030,6.616666667,-76.75,1984-04-29,1984-04-29,1984-04-29,96.0,192.0,539.0,944.0,1512.0,NO
datos_11077030,6.616666667,-76.75,1984-05-01,1984-05-01,1984-05-01,17.0,284.0,584.0,1025.0,1595.0,NO
datos_11077030,6.616666667,-76.75,1984-05-04,1984-05-04,1984-05-04,20.0,288.0,546.0,947.0,1602.0,NO
datos_11077030,6.616666667,-76.75,1984-05-06,1984-05-06,1984-05-06,3.0,213.0,566.0,947.0,1590.0,NO
datos_11077030,6.616666667,-76.75,1984-05-07,1984-05-07,1984-05-07,131.0,216.0,569.0,930.0,1538.0,NO
datos_11077030,6.616666667,-76.75,1984-05-08,1984-05-08,1984-05-08,20.0,317.0,700.0,1045.0,1635.0,NO
datos_11077030,6.616666667,-76.75,1984-05-09,1984-05-09,1984-05-09,3.0,297.0,720.0,968.0,1655.0,NO
datos_11077030,6.616666667,-76.75,1984-05-10,1984-05-10,1984-05-10,4.0,290.0,701.0,966.0,1550.0,NO
datos_11077030,6.616666667,-76.75,1984-05-11,1984-05-11,1984-05-11,4.0,198.0,694.0,970.0,1549.0,NO
datos_11077030,6.616666667,-76.75,1984-05-14,1984-05-14,1984-05-14,27.0,185.0,668.0,974.0,1530.0,NO
datos_11077030,6.616666667,-76.75,1984-05-15,1984-05-15,1984-05-15,5.0,212.0,640.0,998.0,1543.0,NO
datos_11077030,6.616666667,-76.75,1984-05-16,1984-05-16,1984-05-16,12.0,197.0,612.0,1003.0,1543.0,NO
datos_11077030,6.616666667,-76.75,1984-05-17,1984-05-17,1984-05-17,8.0,209.0,584.0,1015.0,1520.0,NO
datos_11077030,6.616666667,-76.75,1984-05-18,1984-05-18,1984-05-18,17.0,214.0,542.0,1023.0,1528.0,NO
datos_11077030,6.616666667,-76.75,1984-05-19,1984-05-19,1984-05-19,3.0,100.0,559.0,1040.0,1545.0,NO
datos_11077030,6.616666667,-76.75,1984-05-20,1984-05-20,1984-05-20,5.0,83.0,559.0,1043.0,1548.0,NO
datos_11077030,6.616666667,-76.75,1984-05-21,1984-05-21,1984-05-21,5.0,85.0,563.0,1048.0,1474.0,NO
datos_11077030,6.616666667,-76.75,1984-05-23,1984-05-23,1984-05-23,16.0,82.0,565.0,1030.0,1387.0,NO
datos_11077030,6.616666667,-76.75,1984-05-24,1984-05-24,1984-05-24,44.0,98.0,571.0,1041.0,1398.0,NO
datos_11077030,6.616666667,-76.75,1984-05-25,1984-05-25,1984-05-25,5.0,142.0,590.0,1085.0,1432.0,NO
datos_11077030,6.616666667,-76.75,1984-05-26,1984-05-26,1984-05-26,3.0,120.0,525.0,1055.0,1424.0,NO
datos_11077030,6.616666667,-76.75,1984-05-27,1984-05-27,1984-05-27,5.0,118.0,528.0,1040.0,1417.0,NO
datos_11077030,6.616666667,-76.75,1984-05-28,1984-05-28,1984-05-28,36.0,111.0,503.0,1045.0,1406.0,NO
datos_11077030,6.616666667,-76.75,1984-05-29,1984-05-29,1984-05-29,3.0,139.0,499.0,1028.0,1433.0,NO
datos_11077030,6.616666667,-76.75,1984-05-30,1984-05-30,1984-05-30,90.0,125.0,492.0,1031.0,1421.0,NO
datos_11077030,6.616666667,-76.75,1984-05-31,1984-05-31,1984-05-31,30.0,212.0,486.0,1070.0,1511.0,NO
datos_11077030,6.616666667,-76.75,1984-06-02,1984-06-02,1984-06-02,59.0,232.0,499.0,1045.0,1446.0,NO
datos_11077030,6.616666667,-76.75,1984-06-03,1984-06-03,1984-06-03,92.0,291.0,558.0,1104.0,1505.0,NO
datos_11077030,6.616666667,-76.75,1984-06-04,1984-06-04,1984-06-04,3.0,367.0,650.0,1196.0,1584.0,NO
datos_11077030,6.616666667,-76.75,1984-06-05,1984-06-05,1984-06-05,5.0,326.0,633.0,1199.0,1580.0,NO
datos_11077030,6.616666667,-76.75,1984-06-06,1984-06-06,1984-06-06,96.0,326.0,638.0,1204.0,1565.0,NO
datos_11077030,6.616666667,-76.75,1984-06-07,1984-06-07,1984-06-07,3.0,419.0,731.0,1300.0,1645.0,NO
datos_11077030,6.616666667,-76.75,1984-06-10,1984-06-10,1984-06-10,20.0,378.0,580.0,1270.0,1546.0,NO
datos_11077030,6.616666667,-76.75,1984-06-11,1984-06-11,1984-06-11,5.0,308.0,596.0,1286.0,1566.0,NO
datos_11077030,6.616666667,-76.75,1984-06-12,1984-06-12,1984-06-12,30.0,283.0,597.0,1268.0,1571.0,NO
datos_11077030,6.616666667,-76.75,1984-06-13,1984-06-13,1984-06-13,35.0,313.0,627.0,1295.0,1601.0,NO
datos_11077030,6.616666667,-76.75,1984-06-14,1984-06-14,1984-06-14,6.0,289.0,662.0,1275.0,1633.0,NO
datos_11077030,6.616666667,-76.75,1984-06-15,1984-06-15,1984-06-15,30.0,203.0,641.0,1248.0,1639.0,NO
datos_11077030,6.616666667,-76.75,1984-06-16,1984-06-16,1984-06-16,20.0,230.0,666.0,1238.0,1669.0,NO
datos_11077030,6.616666667,-76.75,1984-06-17,1984-06-17,1984-06-17,12.0,245.0,674.0,1208.0,1689.0,NO
datos_11077030,6.616666667,-76.75,1984-06-19,1984-06-19,1984-06-19,6.0,158.0,661.0,1217.0,1701.0,NO
datos_11077030,6.616666667,-76.75,1984-06-20,1984-06-20,1984-06-20,35.0,164.0,664.0,1222.0,1707.0,NO
datos_11077030,6.616666667,-76.75,1984-06-21,1984-06-21,1984-06-21,40.0,199.0,694.0,1254.0,1742.0,NO
datos_11077030,6.616666667,-76.75,1984-06-22,1984-06-22,1984-06-22,5.0,219.0,729.0,1294.0,1759.0,NO
datos_11077030,6.616666667,-76.75,1984-06-23,1984-06-23,1984-06-23,75.0,219.0,734.0,1289.0,1759.0,NO
datos_11077030,6.616666667,-76.75,1984-06-25,1984-06-25,1984-06-25,3.0,229.0,749.0,1269.0,1799.0,NO
datos_11077030,6.616666667,-76.75,1984-06-26,1984-06-26,1984-06-26,10.0,226.0,747.0,1272.0,1784.0,NO
datos_11077030,6.616666667,-76.75,1984-06-27,1984-06-27,1984-06-27,22.0,206.0,754.0,1252.0,1794.0,NO
datos_11077030,6.616666667,-76.75,1984-06-29,1984-06-29,1984-06-29,5.0,196.0,735.0,1224.0,1763.0,NO
datos_11077030,6.616666667,-76.75,1984-06-30,1984-06-30,1984-06-30,5.0,201.0,737.0,1133.0,1717.0,NO
datos_11077030,6.616666667,-76.75,1984-07-01,1984-07-01,1984-07-01,26.0,200.0,652.0,1138.0,1682.0,NO
datos_11077030,6.616666667,-76.75,1984-07-03,1984-07-03,1984-07-03,19.0,151.0,648.0,1147.0,1693.0,NO
datos_11077030,6.616666667,-76.75,1984-07-04,1984-07-04,1984-07-04,41.0,165.0,608.0,1166.0,1712.0,NO
datos_11077030,6.616666667,-76.75,1984-07-05,1984-07-05,1984-07-05,25.0,131.0,557.0,1187.0,1753.0,NO
datos_11077030,6.616666667,-76.75,1984-07-07,1984-07-07,1984-07-07,4.0,153.0,574.0,1209.0,1778.0,NO
datos_11077030,6.616666667,-76.75,1984-07-08,1984-07-08,1984-07-08,5.0,147.0,482.0,1082.0,1782.0,NO
datos_11077030,6.616666667,-76.75,1984-07-09,1984-07-09,1984-07-09,19.0,130.0,484.0,1067.0,1765.0,NO
datos_11077030,6.616666667,-76.75,1984-07-12,1984-07-12,1984-07-12,25.0,139.0,483.0,1075.0,1746.0,NO
datos_11077030,6.616666667,-76.75,1984-07-13,1984-07-13,1984-07-13,12.0,138.0,503.0,1100.0,1768.0,NO
datos_11077030,6.616666667,-76.75,1984-07-14,1984-07-14,1984-07-14,3.0,150.0,485.0,1112.0,1725.0,NO
datos_11077030,6.616666667,-76.75,1984-07-15,1984-07-15,1984-07-15,2.0,134.0,453.0,1088.0,1695.0,NO
datos_11077030,6.616666667,-76.75,1984-07-17,1984-07-17,1984-07-17,4.0,70.0,419.0,1073.0,1607.0,NO
datos_11077030,6.616666667,-76.75,1984-07-19,1984-07-19,1984-07-19,34.0,70.0,391.0,1052.0,1608.0,NO
datos_11077030,6.616666667,-76.75,1984-07-20,1984-07-20,1984-07-20,32.0,99.0,425.0,1083.0,1641.0,NO
datos_11077030,6.616666667,-76.75,1984-07-21,1984-07-21,1984-07-21,3.0,112.0,451.0,1110.0,1670.0,NO
datos_11077030,6.616666667,-76.75,1984-07-22,1984-07-22,1984-07-22,40.0,115.0,419.0,1108.0,1673.0,NO
datos_11077030,6.616666667,-76.75,1984-07-23,1984-07-23,1984-07-23,3.0,155.0,419.0,1148.0,1703.0,NO
datos_11077030,6.616666667,-76.75,1984-07-24,1984-07-24,1984-07-24,35.0,133.0,417.0,1135.0,1681.0,NO
datos_11077030,6.616666667,-76.75,1984-07-27,1984-07-27,1984-07-27,20.0,151.0,374.0,1118.0,1616.0,NO
datos_11077030,6.616666667,-76.75,1984-07-28,1984-07-28,1984-07-28,3.0,171.0,384.0,1133.0,1596.0,NO
datos_11077030,6.616666667,-76.75,1984-07-29,1984-07-29,1984-07-29,40.0,170.0,365.0,1100.0,1589.0,NO
datos_11077030,6.616666667,-76.75,1984-07-30,1984-07-30,1984-07-30,14.0,210.0,405.0,1137.0,1533.0,NO
datos_11077030,6.616666667,-76.75,1984-07-31,1984-07-31,1984-07-31,12.0,190.0,414.0,1061.0,1547.0,NO
datos_11077030,6.616666667,-76.75,1984-08-01,1984-08-01,1984-08-01,87.0,170.0,421.0,1043.0,1542.0,NO
datos_11077030,6.616666667,-76.75,1984-08-02,1984-08-02,1984-08-02,5.0,254.0,482.0,1130.0,1629.0,NO
datos_11077030,6.616666667,-76.75,1984-08-04,1984-08-04,1984-08-04,12.0,216.0,468.0,984.0,1614.0,NO
datos_11077030,6.616666667,-76.75,1984-08-07,1984-08-07,1984-08-07,3.0,193.0,414.0,892.0,1492.0,NO
datos_11077030,6.616666667,-76.75,1984-08-08,1984-08-08,1984-08-08,111.0,176.0,413.0,892.0,1475.0,NO
datos_11077030,6.616666667,-76.75,1984-08-09,1984-08-09,1984-08-09,20.0,284.0,519.0,1003.0,1583.0,NO
datos_11077030,6.616666667,-76.75,1984-08-10,1984-08-10,1984-08-10,13.0,264.0,520.0,1023.0,1599.0,NO
datos_11077030,6.616666667,-76.75,1984-08-11,1984-08-11,1984-08-11,23.0,263.0,533.0,1016.0,1608.0,NO
datos_11077030,6.616666667,-76.75,1984-08-12,1984-08-12,1984-08-12,7.0,274.0,556.0,1034.0,1631.0,NO
datos_11077030,6.616666667,-76.75,1984-08-13,1984-08-13,1984-08-13,22.0,194.0,538.0,1011.0,1638.0,NO
datos_11077030,6.616666667,-76.75,1984-08-14,1984-08-14,1984-08-14,3.0,211.0,548.0,998.0,1633.0,NO
datos_11077030,6.616666667,-76.75,1984-08-15,1984-08-15,1984-08-15,11.0,214.0,548.0,995.0,1631.0,NO
datos_11077030,6.616666667,-76.75,1984-08-17,1984-08-17,1984-08-17,7.0,213.0,557.0,956.0,1622.0,NO
datos_11077030,6.616666667,-76.75,1984-08-19,1984-08-19,1984-08-19,25.0,217.0,560.0,951.0,1609.0,NO
datos_11077030,6.616666667,-76.75,1984-08-20,1984-08-20,1984-08-20,7.0,131.0,551.0,970.0,1629.0,NO
datos_11077030,6.616666667,-76.75,1984-08-21,1984-08-21,1984-08-21,4.0,118.0,526.0,942.0,1631.0,NO
datos_11077030,6.616666667,-76.75,1984-08-23,1984-08-23,1984-08-23,25.0,86.0,487.0,901.0,1619.0,NO
datos_11077030,6.616666667,-76.75,1984-08-24,1984-08-24,1984-08-24,7.0,104.0,509.0,851.0,1600.0,NO
datos_11077030,6.616666667,-76.75,1984-08-25,1984-08-25,1984-08-25,20.0,89.0,481.0,858.0,1602.0,NO
datos_11077030,6.616666667,-76.75,1984-08-26,1984-08-26,1984-08-26,70.0,106.0,501.0,875.0,1619.0,NO
datos_11077030,6.616666667,-76.75,1984-08-27,1984-08-27,1984-08-27,70.0,165.0,571.0,935.0,1684.0,NO
datos_11077030,6.616666667,-76.75,1984-08-28,1984-08-28,1984-08-28,38.0,235.0,621.0,983.0,1718.0,NO
datos_11077030,6.616666667,-76.75,1984-08-29,1984-08-29,1984-08-29,105.0,266.0,656.0,1021.0,1753.0,NO
datos_11077030,6.616666667,-76.75,1984-08-31,1984-08-31,1984-08-31,107.0,346.0,707.0,1116.0,1738.0,NO
datos_11077030,6.616666667,-76.75,1984-09-03,1984-09-03,1984-09-03,3.0,442.0,710.0,1178.0,1694.0,NO
datos_11077030,6.616666667,-76.75,1984-09-04,1984-09-04,1984-09-04,10.0,420.0,713.0,1140.0,1694.0,NO
datos_11077030,6.616666667,-76.75,1984-09-05,1984-09-05,1984-09-05,30.0,423.0,711.0,1125.0,1699.0,NO
datos_11077030,6.616666667,-76.75,1984-09-06,1984-09-06,1984-09-06,50.0,433.0,741.0,1155.0,1633.0,NO
datos_11077030,6.616666667,-76.75,1984-09-08,1984-09-08,1984-09-08,12.0,343.0,788.0,1196.0,1680.0,NO
datos_11077030,6.616666667,-76.75,1984-09-09,1984-09-09,1984-09-09,10.0,317.0,689.0,1189.0,1692.0,NO
datos_11077030,6.616666667,-76.75,1984-09-10,1984-09-10,1984-09-10,3.0,222.0,679.0,1199.0,1682.0,NO
datos_11077030,6.616666667,-76.75,1984-09-15,1984-09-15,1984-09-15,2.0,115.0,614.0,1160.0,1579.0,NO
datos_11077030,6.616666667,-76.75,1984-09-16,1984-09-16,1984-09-16,22.0,107.0,605.0,1162.0,1561.0,NO
datos_11077030,6.616666667,-76.75,1984-09-18,1984-09-18,1984-09-18,80.0,49.0,620.0,1180.0,1571.0,NO
datos_11077030,6.616666667,-76.75,1984-09-19,1984-09-19,1984-09-19,12.0,129.0,700.0,1226.0,1645.0,NO
datos_11077030,6.616666667,-76.75,1984-09-21,1984-09-21,1984-09-21,12.0,119.0,680.0,1203.0,1582.0,NO
datos_11077030,6.616666667,-76.75,1984-09-22,1984-09-22,1984-09-22,20.0,128.0,688.0,1175.0,1589.0,NO
datos_11077030,6.616666667,-76.75,1984-09-23,1984-09-23,1984-09-23,50.0,148.0,708.0,1192.0,1534.0,NO
datos_11077030,6.616666667,-76.75,1984-09-25,1984-09-25,1984-09-25,5.0,198.0,726.0,1207.0,1581.0,NO
datos_11077030,6.616666667,-76.75,1984-09-26,1984-09-26,1984-09-26,32.0,203.0,711.0,1212.0,1576.0,NO
datos_11077030,6.616666667,-76.75,1984-09-27,1984-09-27,1984-09-27,5.0,233.0,673.0,1224.0,1586.0,NO
datos_11077030,6.616666667,-76.75,1984-09-28,1984-09-28,1984-09-28,64.0,216.0,608.0,1226.0,1591.0,NO
datos_11077030,6.616666667,-76.75,1984-09-29,1984-09-29,1984-09-29,15.0,280.0,634.0,1250.0,1650.0,NO
datos_11077030,6.616666667,-76.75,1984-09-30,1984-09-30,1984-09-30,92.0,215.0,544.0,1251.0,1660.0,NO
datos_11077030,6.616666667,-76.75,1984-10-01,1984-10-01,1984-10-01,10.0,295.0,636.0,1331.0,1726.0,NO
datos_11077030,6.616666667,-76.75,1984-10-02,1984-10-02,1984-10-02,4.0,305.0,539.0,1254.0,1736.0,NO
datos_11077030,6.616666667,-76.75,1984-10-03,1984-10-03,1984-10-03,22.0,297.0,543.0,1253.0,1721.0,NO
datos_11077030,6.616666667,-76.75,1984-10-06,1984-10-06,1984-10-06,112.0,249.0,552.0,1263.0,1677.0,NO
datos_11077030,6.616666667,-76.75,1984-10-07,1984-10-07,1984-10-07,20.0,356.0,634.0,1375.0,1785.0,NO
datos_11077030,6.616666667,-76.75,1984-10-08,1984-10-08,1984-10-08,10.0,344.0,604.0,1392.0,1800.0,NO
datos_11077030,6.616666667,-76.75,1984-10-10,1984-10-10,1984-10-10,8.0,285.0,602.0,1271.0,1791.0,NO
datos_11077030,6.616666667,-76.75,1984-10-11,1984-10-11,1984-10-11,7.0,278.0,600.0,1266.0,1799.0,NO
datos_11077030,6.616666667,-76.75,1984-10-12,1984-10-12,1984-10-12,95.0,193.0,604.0,1250.0,1781.0,NO
datos_11077030,6.616666667,-76.75,1984-10-14,1984-10-14,1984-10-14,15.0,274.0,699.0,1316.0,1861.0,NO
datos_11077030,6.616666667,-76.75,1984-10-15,1984-10-15,1984-10-15,35.0,267.0,714.0,1328.0,1874.0,NO
datos_11077030,6.616666667,-76.75,1984-10-16,1984-10-16,1984-10-16,30.0,302.0,749.0,1352.0,1909.0,NO
datos_11077030,6.616666667,-76.75,1984-10-17,1984-10-17,1984-10-17,3.0,332.0,777.0,1382.0,1935.0,NO
datos_11077030,6.616666667,-76.75,1984-10-19,1984-10-19,1984-10-19,9.0,203.0,758.0,1378.0,1904.0,NO
datos_11077030,6.616666667,-76.75,1984-10-21,1984-10-21,1984-10-21,10.0,202.0,675.0,1355.0,1878.0,NO
datos_11077030,6.616666667,-76.75,1984-10-22,1984-10-22,1984-10-22,12.0,204.0,685.0,1361.0,1848.0,NO
datos_11077030,6.616666667,-76.75,1984-10-23,1984-10-23,1984-10-23,5.0,209.0,685.0,1373.0,1857.0,NO
datos_11077030,6.616666667,-76.75,1984-10-24,1984-10-24,1984-10-24,10.0,119.0,670.0,1353.0,1827.0,NO
datos_11077030,6.616666667,-76.75,1984-10-25,1984-10-25,1984-10-25,9.0,129.0,630.0,1356.0,1837.0,NO
datos_11077030,6.616666667,-76.75,1984-10-27,1984-10-27,1984-10-27,24.0,88.0,634.0,1275.0,1826.0,NO
datos_11077030,6.616666667,-76.75,1984-10-28,1984-10-28,1984-10-28,61.0,82.0,626.0,1229.0,1847.0,NO
datos_11077030,6.616666667,-76.75,1984-10-29,1984-10-29,1984-10-29,31.0,140.0,682.0,1252.0,1868.0,NO
datos_11077030,6.616666667,-76.75,1984-11-01,1984-11-01,1984-11-01,32.0,162.0,542.0,1071.0,1786.0,NO
datos_11077030,6.616666667,-76.75,1984-11-02,1984-11-02,1984-11-02,4.0,184.0,564.0,1103.0,1813.0,NO
datos_11077030,6.616666667,-76.75,1984-11-05,1984-11-05,1984-11-05,65.0,161.0,542.0,1094.0,1805.0,NO
datos_11077030,6.616666667,-76.75,1984-11-06,1984-11-06,1984-11-06,53.0,217.0,607.0,1129.0,1870.0,NO
datos_11077030,6.616666667,-76.75,1984-11-11,1984-11-11,1984-11-11,10.0,154.0,510.0,1107.0,1753.0,NO
datos_11077030,6.616666667,-76.75,1984-11-12,1984-11-12,1984-11-12,58.0,164.0,513.0,1117.0,1756.0,NO
datos_11077030,6.616666667,-76.75,1984-11-13,1984-11-13,1984-11-13,56.0,190.0,476.0,1175.0,1792.0,NO
datos_11077030,6.616666667,-76.75,1984-11-14,1984-11-14,1984-11-14,49.0,242.0,532.0,1231.0,1845.0,NO
datos_11077030,6.616666667,-76.75,1984-11-15,1984-11-15,1984-11-15,12.0,291.0,566.0,1280.0,1883.0,NO
datos_11077030,6.616666667,-76.75,1984-11-16,1984-11-16,1984-11-16,12.0,303.0,543.0,1290.0,1895.0,NO
datos_11077030,6.616666667,-76.75,1984-11-17,1984-11-17,1984-11-17,25.0,250.0,525.0,1280.0,1900.0,NO
datos_11077030,6.616666667,-76.75,1984-11-18,1984-11-18,1984-11-18,84.0,222.0,547.0,1305.0,1925.0,NO
datos_11077030,6.616666667,-76.75,1984-11-19,1984-11-19,1984-11-19,33.0,306.0,631.0,1309.0,1984.0,NO
datos_11077030,6.616666667,-76.75,1984-11-20,1984-11-20,1984-11-20,9.0,339.0,655.0,1330.0,2010.0,NO
datos_11077030,6.616666667,-76.75,1984-11-21,1984-11-21,1984-11-21,10.0,348.0,664.0,1339.0,2015.0,NO
datos_11077030,6.616666667,-76.75,1984-11-22,1984-11-22,1984-11-22,12.0,358.0,664.0,1337.0,2025.0,NO
datos_11077030,6.616666667,-76.75,1984-11-23,1984-11-23,1984-11-23,1.0,360.0,664.0,1329.0,2012.0,NO
datos_11077030,6.616666667,-76.75,1984-11-25,1984-11-25,1984-11-25,50.0,247.0,650.0,1280.0,1986.0,NO
datos_11077030,6.616666667,-76.75,1984-11-26,1984-11-26,1984-11-26,2.0,248.0,691.0,1325.0,1966.0,NO
datos_11077030,6.616666667,-76.75,1984-11-27,1984-11-27,1984-11-27,80.0,238.0,693.0,1295.0,1898.0,NO
datos_11077030,6.616666667,-76.75,1984-11-28,1984-11-28,1984-11-28,20.0,306.0,749.0,1370.0,1940.0,NO
datos_11077030,6.616666667,-76.75,1984-11-29,1984-11-29,1984-11-29,12.0,301.0,708.0,1326.0,1855.0,NO
datos_11077030,6.616666667,-76.75,1984-11-30,1984-11-30,1984-11-30,24.0,229.0,689.0,1323.0,1867.0,NO
datos_11077030,6.616666667,-76.75,1984-12-01,1984-12-01,1984-12-01,4.0,220.0,713.0,1255.0,1784.0,NO
datos_11077030,6.616666667,-76.75,1984-12-05,1984-12-05,1984-12-05,20.0,192.0,681.0,1223.0,1775.0,NO
datos_11077030,6.616666667,-76.75,1984-12-06,1984-12-06,1984-12-06,85.0,212.0,701.0,1243.0,1765.0,NO
datos_11077030,6.616666667,-76.75,1984-12-07,1984-12-07,1984-12-07,26.3,247.0,721.0,1216.0,1800.0,NO
datos_11077030,6.616666667,-76.75,1984-12-08,1984-12-08,1984-12-08,3.0,271.3,694.3,1222.3,1826.3,NO
datos_11077030,6.616666667,-76.75,1984-12-09,1984-12-09,1984-12-09,15.0,194.3,697.3,1215.3,1817.3,NO
datos_11077030,6.616666667,-76.75,1984-12-12,1984-12-12,1984-12-12,102.0,153.3,712.3,1215.3,1819.3,NO
datos_11077030,6.616666667,-76.75,1984-12-13,1984-12-13,1984-12-13,12.0,251.3,804.3,1222.3,1921.3,NO
datos_11077030,6.616666667,-76.75,1984-12-14,1984-12-14,1984-12-14,60.0,263.3,758.3,1234.3,1933.3,NO
datos_11077030,6.616666667,-76.75,1984-12-15,1984-12-15,1984-12-15,125.0,323.3,762.3,1279.3,1993.3,NO
datos_11077030,6.616666667,-76.75,1984-12-16,1984-12-16,1984-12-16,20.0,448.3,838.3,1369.3,2116.3,NO
datos_11077030,6.616666667,-76.75,1984-12-19,1984-12-19,1984-12-19,10.0,337.0,809.3,1356.3,2034.3,NO
datos_11077030,6.616666667,-76.75,1984-12-20,1984-12-20,1984-12-20,2.0,344.0,735.3,1357.3,2032.3,NO
datos_11077030,6.616666667,-76.75,1984-12-22,1984-12-22,1984-12-22,10.0,331.0,695.3,1349.3,2022.3,NO
datos_11077030,6.616666667,-76.75,1984-12-23,1984-12-23,1984-12-23,20.0,341.0,695.3,1347.3,2012.3,NO
datos_11077030,6.616666667,-76.75,1984-12-24,1984-12-24,1984-12-24,19.5,259.0,703.3,1362.3,1982.3,NO
datos_11077030,6.616666667,-76.75,1984-12-28,1984-12-28,1984-12-28,5.0,61.5,669.8,1338.8,1959.8,NO
datos_11077030,6.616666667,-76.75,1985-01-03,1985-01-03,1985-01-03,10.0,44.5,534.8,1215.8,1757.8,NO
datos_11077030,6.616666667,-76.75,1985-01-14,1985-01-14,1985-01-14,11.0,10.0,281.5,983.8,1500.8,NO
datos_11077030,6.616666667,-76.75,1985-01-15,1985-01-15,1985-01-15,5.0,11.0,232.5,945.8,1476.8,NO
datos_11077030,6.616666667,-76.75,1985-01-18,1985-01-18,1985-01-18,10.0,16.0,92.5,901.8,1448.8,NO
datos_11077030,6.616666667,-76.75,1985-01-19,1985-01-19,1985-01-19,5.0,26.0,102.5,827.8,1449.8,NO
datos_11077030,6.616666667,-76.75,1985-01-23,1985-01-23,1985-01-23,20.0,31.0,85.5,768.8,1427.8,NO
datos_11077030,6.616666667,-76.75,1985-01-24,1985-01-24,1985-01-24,2.0,51.0,85.5,787.8,1437.8,NO
datos_11077030,6.616666667,-76.75,1985-01-25,1985-01-25,1985-01-25,30.0,53.0,68.0,789.8,1430.8,NO
datos_11077030,6.616666667,-76.75,1985-01-26,1985-01-26,1985-01-26,93.0,72.0,98.0,769.8,1460.8,NO
datos_11077030,6.616666667,-76.75,1985-01-28,1985-01-28,1985-01-28,2.0,160.0,191.0,780.8,1468.8,NO
datos_11077030,6.616666667,-76.75,1985-01-29,1985-01-29,1985-01-29,3.0,162.0,188.0,762.8,1439.8,NO
datos_11077030,6.616666667,-76.75,1985-01-30,1985-01-30,1985-01-30,15.0,155.0,191.0,753.8,1442.8,NO
datos_11077030,6.616666667,-76.75,1985-01-31,1985-01-31,1985-01-31,40.0,165.0,206.0,744.8,1457.8,NO
datos_11077030,6.616666667,-76.75,1985-02-01,1985-02-01,1985-02-01,3.0,205.0,246.0,780.8,1465.8,NO
datos_11077030,6.616666667,-76.75,1985-02-02,1985-02-02,1985-02-02,5.0,208.0,249.0,783.8,1464.8,NO
datos_11077030,6.616666667,-76.75,1985-02-03,1985-02-03,1985-02-03,8.0,213.0,254.0,788.8,1469.8,NO
datos_11077030,6.616666667,-76.75,1985-02-07,1985-02-07,1985-02-07,15.0,76.0,252.0,665.5,1359.8,NO
datos_11077030,6.616666667,-76.75,1985-02-08,1985-02-08,1985-02-08,10.0,91.0,267.0,677.5,1374.8,NO
datos_11077030,6.616666667,-76.75,1985-02-09,1985-02-09,1985-02-09,15.0,99.0,277.0,672.5,1384.8,NO
datos_11077030,6.616666667,-76.75,1985-02-10,1985-02-10,1985-02-10,40.0,111.0,292.0,687.5,1399.8,NO
datos_11077030,6.616666667,-76.75,1985-02-11,1985-02-11,1985-02-11,5.0,136.0,332.0,727.5,1429.8,NO
datos_11077030,6.616666667,-76.75,1985-02-12,1985-02-12,1985-02-12,16.0,101.0,337.0,630.5,1376.8,NO
datos_11077030,6.616666667,-76.75,1985-02-19,1985-02-19,1985-02-19,70.0,86.0,327.0,419.5,1121.8,NO
datos_11077030,6.616666667,-76.75,1985-02-20,1985-02-20,1985-02-20,9.0,146.0,392.0,487.5,1182.8,NO
datos_11077030,6.616666667,-76.75,1985-02-21,1985-02-21,1985-02-21,2.0,140.0,401.0,496.5,1181.8,NO
datos_11077030,6.616666667,-76.75,1985-02-22,1985-02-22,1985-02-22,5.0,102.0,403.0,488.5,1171.8,NO
datos_11077030,6.616666667,-76.75,1985-02-23,1985-02-23,1985-02-23,13.0,102.0,408.0,473.5,1175.8,NO
datos_11077030,6.616666667,-76.75,1985-02-24,1985-02-24,1985-02-24,13.0,99.0,401.0,467.0,1188.8,NO
datos_11077030,6.616666667,-76.75,1985-02-25,1985-02-25,1985-02-25,20.0,112.0,412.0,480.0,1151.8,NO
datos_11077030,6.616666667,-76.75,1985-03-02,1985-03-02,1985-03-02,5.0,132.0,304.0,495.0,1033.8,NO
datos_11077030,6.616666667,-76.75,1985-03-03,1985-03-03,1985-03-03,35.0,67.0,294.0,500.0,1034.8,NO
datos_11077030,6.616666667,-76.75,1985-03-04,1985-03-04,1985-03-04,5.0,93.0,289.0,535.0,1069.8,NO
datos_11077030,6.616666667,-76.75,1985-03-05,1985-03-05,1985-03-05,10.0,96.0,291.0,540.0,1074.8,NO
datos_11077030,6.616666667,-76.75,1985-03-29,1985-03-29,1985-03-29,4.0,0.0,55.0,364.0,555.0,NO
datos_11077030,6.616666667,-76.75,1985-04-01,1985-04-01,1985-04-01,15.0,4.0,59.0,363.0,554.0,NO
datos_11077030,6.616666667,-76.75,1985-04-06,1985-04-06,1985-04-06,50.0,19.0,19.0,307.0,559.0,NO
datos_11077030,6.616666667,-76.75,1985-04-07,1985-04-07,1985-04-07,49.0,69.0,69.0,357.0,609.0,NO
datos_11077030,6.616666667,-76.75,1985-04-10,1985-04-10,1985-04-10,1.0,114.0,118.0,391.0,658.0,NO
datos_11077030,6.616666667,-76.75,1985-04-11,1985-04-11,1985-04-11,6.0,115.0,119.0,382.0,659.0,NO
datos_11077030,6.616666667,-76.75,1985-04-19,1985-04-19,1985-04-19,40.0,7.0,125.0,312.0,649.0,NO
datos_11077030,6.616666667,-76.75,1985-04-21,1985-04-21,1985-04-21,5.0,47.0,165.0,352.0,674.0,NO
datos_11077030,6.616666667,-76.75,1985-04-22,1985-04-22,1985-04-22,7.0,51.0,170.0,287.0,679.0,NO
datos_11077030,6.616666667,-76.75,1985-04-24,1985-04-24,1985-04-24,22.0,52.0,177.0,283.0,686.0,NO
datos_11077030,6.616666667,-76.75,1985-05-03,1985-05-03,1985-05-03,60.0,29.0,180.0,249.0,503.0,NO
datos_11077030,6.616666667,-76.75,1985-05-05,1985-05-05,1985-05-05,13.0,82.0,240.0,269.0,555.0,NO
datos_11077030,6.616666667,-76.75,1985-05-13,1985-05-13,1985-05-13,9.0,73.0,147.0,272.0,480.0,NO
datos_11077030,6.616666667,-76.75,1985-05-14,1985-05-14,1985-05-14,1.0,82.0,156.0,281.0,484.0,NO
datos_11077030,6.616666667,-76.75,1985-05-16,1985-05-16,1985-05-16,6.0,23.0,157.0,282.0,469.0,NO
datos_11077030,6.616666667,-76.75,1985-05-20,1985-05-20,1985-05-20,10.0,16.0,163.0,288.0,475.0,NO
datos_11077030,6.616666667,-76.75,1985-05-21,1985-05-21,1985-05-21,60.0,26.0,133.0,298.0,485.0,NO
datos_11077030,6.616666667,-76.75,1985-05-22,1985-05-22,1985-05-22,59.0,86.0,193.0,358.0,475.0,NO
datos_11077030,6.616666667,-76.75,1985-05-23,1985-05-23,1985-05-23,50.0,145.0,247.0,417.0,525.0,NO
datos_11077030,6.616666667,-76.75,1985-05-24,1985-05-24,1985-05-24,5.0,195.0,290.0,467.0,573.0,NO
datos_11077030,6.616666667,-76.75,1985-05-25,1985-05-25,1985-05-25,95.0,191.0,295.0,472.0,573.0,NO
datos_11077030,6.616666667,-76.75,1985-05-28,1985-05-28,1985-05-28,30.0,279.0,368.0,567.0,622.0,NO
datos_11077030,6.616666667,-76.75,1985-05-30,1985-05-30,1985-05-30,9.0,309.0,398.0,593.0,652.0,NO
datos_11077030,6.616666667,-76.75,1985-05-31,1985-05-31,1985-05-31,25.0,318.0,407.0,602.0,661.0,NO
datos_11077030,6.616666667,-76.75,1985-06-01,1985-06-01,1985-06-01,15.0,333.0,432.0,627.0,686.0,NO
datos_11077030,6.616666667,-76.75,1985-06-06,1985-06-06,1985-06-06,1.0,79.0,374.0,627.0,646.0,NO
datos_11077030,6.616666667,-76.75,1985-06-07,1985-06-07,1985-06-07,8.0,80.0,375.0,578.0,647.0,NO
datos_11077030,6.616666667,-76.75,1985-06-08,1985-06-08,1985-06-08,90.0,88.0,383.0,537.0,655.0,NO
datos_11077030,6.616666667,-76.75,1985-06-09,1985-06-09,1985-06-09,10.0,148.0,473.0,627.0,745.0,NO
datos_11077030,6.616666667,-76.75,1985-06-10,1985-06-10,1985-06-10,63.0,158.0,483.0,637.0,755.0,NO
datos_11077030,6.616666667,-76.75,1985-06-11,1985-06-11,1985-06-11,80.0,212.0,546.0,699.0,818.0,NO
datos_11077030,6.616666667,-76.75,1985-06-12,1985-06-12,1985-06-12,70.0,267.0,626.0,773.0,898.0,NO
datos_11077030,6.616666667,-76.75,1985-06-15,1985-06-15,1985-06-15,44.0,322.0,686.0,843.0,968.0,NO
datos_11077030,6.616666667,-76.75,1985-06-17,1985-06-17,1985-06-17,6.0,366.0,724.0,887.0,1012.0,NO
datos_11077030,6.616666667,-76.75,1985-06-19,1985-06-19,1985-06-19,10.0,363.0,730.0,893.0,1018.0,NO
datos_11077030,6.616666667,-76.75,1985-06-22,1985-06-22,1985-06-22,20.0,210.0,670.0,858.0,1028.0,NO
datos_11077030,6.616666667,-76.75,1985-06-24,1985-06-24,1985-06-24,10.0,80.0,581.0,871.0,1048.0,NO
datos_11077030,6.616666667,-76.75,1985-06-25,1985-06-25,1985-06-25,47.0,90.0,586.0,859.0,1058.0,NO
datos_11077030,6.616666667,-76.75,1985-06-26,1985-06-26,1985-06-26,10.0,137.0,538.0,906.0,1105.0,NO
datos_11077030,6.616666667,-76.75,1985-06-28,1985-06-28,1985-06-28,10.0,103.0,548.0,916.0,1115.0,NO
datos_11077030,6.616666667,-76.75,1985-06-29,1985-06-29,1985-06-29,20.0,107.0,528.0,926.0,1121.0,NO
datos_11077030,6.616666667,-76.75,1985-07-02,1985-07-02,1985-07-02,5.0,117.0,514.0,946.0,1126.0,NO
datos_11077030,6.616666667,-76.75,1985-07-03,1985-07-03,1985-07-03,5.0,122.0,504.0,951.0,1131.0,NO
datos_11077030,6.616666667,-76.75,1985-07-04,1985-07-04,1985-07-04,80.0,107.0,509.0,896.0,1136.0,NO
datos_11077030,6.616666667,-76.75,1985-07-07,1985-07-07,1985-07-07,5.0,130.0,589.0,963.0,1166.0,NO
datos_11077030,6.616666667,-76.75,1985-07-08,1985-07-08,1985-07-08,3.0,125.0,593.0,968.0,1122.0,NO
datos_11077030,6.616666667,-76.75,1985-07-09,1985-07-09,1985-07-09,3.0,128.0,588.0,971.0,1125.0,NO
datos_11077030,6.616666667,-76.75,1985-07-10,1985-07-10,1985-07-10,10.0,121.0,501.0,974.0,1128.0,NO
datos_11077030,6.616666667,-76.75,1985-07-12,1985-07-12,1985-07-12,45.0,111.0,438.0,984.0,1131.0,NO
datos_11077030,6.616666667,-76.75,1985-07-14,1985-07-14,1985-07-14,30.0,151.0,333.0,1020.0,1176.0,NO
datos_11077030,6.616666667,-76.75,1985-07-15,1985-07-15,1985-07-15,10.0,176.0,363.0,1049.0,1206.0,NO
datos_11077030,6.616666667,-76.75,1985-07-16,1985-07-16,1985-07-16,25.0,106.0,373.0,1059.0,1216.0,NO
datos_11077030,6.616666667,-76.75,1985-07-17,1985-07-17,1985-07-17,10.0,131.0,354.0,1078.0,1241.0,NO
datos_11077030,6.616666667,-76.75,1985-07-18,1985-07-18,1985-07-18,10.0,141.0,364.0,1088.0,1251.0,NO
datos_11077030,6.616666667,-76.75,1985-07-19,1985-07-19,1985-07-19,80.0,146.0,368.0,1098.0,1261.0,NO
datos_11077030,6.616666667,-76.75,1985-07-22,1985-07-22,1985-07-22,15.0,210.0,438.0,1108.0,1296.0,NO
datos_11077030,6.616666667,-76.75,1985-07-24,1985-07-24,1985-07-24,5.0,180.0,433.0,1014.0,1304.0,NO
datos_11077030,6.616666667,-76.75,1985-07-25,1985-07-25,1985-07-25,27.0,185.0,438.0,1014.0,1287.0,NO
datos_11077030,6.616666667,-76.75,1985-07-27,1985-07-27,1985-07-27,5.0,172.0,408.0,946.0,1314.0,NO
datos_11077030,6.616666667,-76.75,1985-07-28,1985-07-28,1985-07-28,5.0,152.0,403.0,951.0,1319.0,NO
datos_11077030,6.616666667,-76.75,1985-07-31,1985-07-31,1985-07-31,5.0,57.0,378.0,917.0,1324.0,NO
datos_11077030,6.616666667,-76.75,1985-08-02,1985-08-02,1985-08-02,7.0,62.0,383.0,882.0,1329.0,NO
datos_11077030,6.616666667,-76.75,1985-08-04,1985-08-04,1985-08-04,10.0,54.0,380.0,889.0,1276.0,NO
datos_11077030,6.616666667,-76.75,1985-08-05,1985-08-05,1985-08-05,10.0,59.0,310.0,899.0,1273.0,NO
datos_11077030,6.616666667,-76.75,1985-08-06,1985-08-06,1985-08-06,10.0,42.0,320.0,909.0,1283.0,NO
datos_11077030,6.616666667,-76.75,1985-08-07,1985-08-07,1985-08-07,50.0,52.0,330.0,918.0,1293.0,NO
datos_11077030,6.616666667,-76.75,1985-08-08,1985-08-08,1985-08-08,33.0,97.0,375.0,960.0,1343.0,NO
datos_11077030,6.616666667,-76.75,1985-08-13,1985-08-13,1985-08-13,30.0,120.0,347.0,680.0,1367.0,NO
datos_11077030,6.616666667,-76.75,1985-08-17,1985-08-17,1985-08-17,20.0,123.0,312.0,666.0,1390.0,NO
datos_11077030,6.616666667,-76.75,1985-08-19,1985-08-19,1985-08-19,45.0,83.0,312.0,680.0,1410.0,NO
datos_11077030,6.616666667,-76.75,1985-08-20,1985-08-20,1985-08-20,45.0,95.0,277.0,715.0,1445.0,NO
datos_11077030,6.616666667,-76.75,1985-08-24,1985-08-24,1985-08-24,35.0,140.0,307.0,740.0,1316.0,NO
datos_11077030,6.616666667,-76.75,1985-08-25,1985-08-25,1985-08-25,30.0,145.0,337.0,765.0,1256.0,NO
datos_11077030,6.616666667,-76.75,1985-08-27,1985-08-27,1985-08-27,5.0,175.0,340.0,738.0,1286.0,NO
datos_11077030,6.616666667,-76.75,1985-08-29,1985-08-29,1985-08-29,5.0,160.0,335.0,733.0,1261.0,NO
datos_11077030,6.616666667,-76.75,1985-09-01,1985-09-01,1985-09-01,5.0,75.0,335.0,718.0,1217.0,NO
datos_11077030,6.616666667,-76.75,1985-09-02,1985-09-02,1985-09-02,25.0,80.0,340.0,718.0,1222.0,NO
datos_11077030,6.616666667,-76.75,1985-09-05,1985-09-05,1985-09-05,40.0,70.0,348.0,658.0,1247.0,NO
datos_11077030,6.616666667,-76.75,1985-09-06,1985-09-06,1985-09-06,10.0,80.0,378.0,698.0,1286.0,NO
datos_11077030,6.616666667,-76.75,1985-09-10,1985-09-10,1985-09-10,3.0,80.0,295.0,687.0,1125.0,NO
datos_11077030,6.616666667,-76.75,1985-09-13,1985-09-13,1985-09-13,63.0,78.0,298.0,645.0,978.0,NO
datos_11077030,6.616666667,-76.75,1985-09-14,1985-09-14,1985-09-14,3.0,116.0,331.0,678.0,1041.0,NO
datos_11077030,6.616666667,-76.75,1985-09-15,1985-09-15,1985-09-15,10.0,119.0,334.0,671.0,1000.0,NO
datos_11077030,6.616666667,-76.75,1985-09-16,1985-09-16,1985-09-16,4.0,129.0,344.0,656.0,1010.0,NO
datos_11077030,6.616666667,-76.75,1985-09-19,1985-09-19,1985-09-19,30.0,83.0,328.0,560.0,998.0,NO
datos_11077030,6.616666667,-76.75,1985-09-21,1985-09-21,1985-09-21,10.0,113.0,268.0,590.0,1028.0,NO
datos_11077030,6.616666667,-76.75,1985-09-22,1985-09-22,1985-09-22,11.0,120.0,278.0,585.0,1018.0,NO
datos_11077030,6.616666667,-76.75,1985-09-23,1985-09-23,1985-09-23,30.0,131.0,289.0,596.0,1029.0,NO
datos_11077030,6.616666667,-76.75,1985-09-24,1985-09-24,1985-09-24,12.0,161.0,319.0,621.0,1049.0,NO
datos_11077030,6.616666667,-76.75,1985-09-25,1985-09-25,1985-09-25,10.0,110.0,296.0,606.0,1014.0,NO
datos_11077030,6.616666667,-76.75,1985-09-26,1985-09-26,1985-09-26,40.0,117.0,276.0,616.0,1014.0,NO
datos_11077030,6.616666667,-76.75,1985-09-27,1985-09-27,1985-09-27,4.0,147.0,316.0,651.0,1054.0,NO
datos_11077030,6.616666667,-76.75,1985-09-28,1985-09-28,1985-09-28,2.0,147.0,315.0,650.0,1048.0,NO
datos_11077030,6.616666667,-76.75,1985-09-29,1985-09-29,1985-09-29,4.0,149.0,317.0,652.0,1030.0,NO
datos_11077030,6.616666667,-76.75,1985-10-01,1985-10-01,1985-10-01,40.0,123.0,316.0,651.0,1034.0,NO
datos_11077030,6.616666667,-76.75,1985-10-02,1985-10-02,1985-10-02,20.0,163.0,356.0,691.0,1069.0,NO
datos_11077030,6.616666667,-76.75,1985-10-05,1985-10-05,1985-10-05,2.0,132.0,346.0,694.0,1004.0,NO
datos_11077030,6.616666667,-76.75,1985-10-09,1985-10-09,1985-10-09,10.0,68.0,298.0,593.0,995.0,NO
datos_11077030,6.616666667,-76.75,1985-10-11,1985-10-11,1985-10-11,10.0,72.0,308.0,603.0,995.0,NO
datos_11077030,6.616666667,-76.75,1985-10-12,1985-10-12,1985-10-12,13.0,82.0,315.0,613.0,960.0,NO
datos_11077030,6.616666667,-76.75,1985-10-14,1985-10-14,1985-10-14,55.0,35.0,328.0,596.0,943.0,NO
datos_11077030,6.616666667,-76.75,1985-10-16,1985-10-16,1985-10-16,2.0,90.0,317.0,651.0,963.0,NO
datos_11077030,6.616666667,-76.75,1985-10-17,1985-10-17,1985-10-17,53.0,90.0,309.0,653.0,955.0,NO
datos_11077030,6.616666667,-76.75,1985-10-18,1985-10-18,1985-10-18,3.0,143.0,358.0,686.0,998.0,NO
datos_11077030,6.616666667,-76.75,1985-10-19,1985-10-19,1985-10-19,25.0,146.0,361.0,689.0,921.0,NO
datos_11077030,6.616666667,-76.75,1985-10-21,1985-10-21,1985-10-21,10.0,161.0,356.0,624.0,946.0,NO
datos_11077030,6.616666667,-76.75,1985-10-22,1985-10-22,1985-10-22,2.0,171.0,366.0,634.0,941.0,NO
datos_11077030,6.616666667,-76.75,1985-10-25,1985-10-25,1985-10-25,26.0,150.0,317.0,601.0,911.0,NO
datos_11077030,6.616666667,-76.75,1985-10-26,1985-10-26,1985-10-26,5.0,121.0,331.0,597.0,937.0,NO
datos_11077030,6.616666667,-76.75,1985-10-27,1985-10-27,1985-10-27,10.0,126.0,326.0,602.0,937.0,NO
datos_11077030,6.616666667,-76.75,1985-10-28,1985-10-28,1985-10-28,42.0,134.0,296.0,607.0,942.0,NO
datos_11077030,6.616666667,-76.75,1985-10-29,1985-10-29,1985-10-29,32.0,123.0,334.0,649.0,984.0,NO
datos_11077030,6.616666667,-76.75,1985-10-30,1985-10-30,1985-10-30,10.0,152.0,364.0,676.0,1016.0,NO
datos_11077030,6.616666667,-76.75,1985-11-03,1985-11-03,1985-11-03,10.0,125.0,310.0,656.0,1014.0,NO
datos_11077030,6.616666667,-76.75,1985-11-05,1985-11-05,1985-11-05,5.0,135.0,320.0,666.0,1004.0,NO
datos_11077030,6.616666667,-76.75,1985-11-07,1985-11-07,1985-11-07,2.0,109.0,323.0,621.0,949.0,NO
datos_11077030,6.616666667,-76.75,1985-11-08,1985-11-08,1985-11-08,4.0,101.0,325.0,623.0,918.0,NO
datos_11077030,6.616666667,-76.75,1985-11-09,1985-11-09,1985-11-09,5.0,63.0,329.0,627.0,922.0,NO
datos_11077030,6.616666667,-76.75,1985-11-10,1985-11-10,1985-11-10,103.0,36.0,324.0,632.0,927.0,NO
datos_11077030,6.616666667,-76.75,1985-11-11,1985-11-11,1985-11-11,8.0,129.0,427.0,732.0,1030.0,NO
datos_11077030,6.616666667,-76.75,1985-11-12,1985-11-12,1985-11-12,10.0,137.0,425.0,740.0,1038.0,NO
datos_11077030,6.616666667,-76.75,1985-11-16,1985-11-16,1985-11-16,5.0,137.0,367.0,674.0,1018.0,NO
datos_11077030,6.616666667,-76.75,1985-11-18,1985-11-18,1985-11-18,30.0,137.0,317.0,675.0,1003.0,NO
datos_11077030,6.616666667,-76.75,1985-11-19,1985-11-19,1985-11-19,30.0,165.0,344.0,705.0,988.0,NO
datos_11077030,6.616666667,-76.75,1985-11-20,1985-11-20,1985-11-20,30.0,191.0,349.0,705.0,973.0,NO
datos_11077030,6.616666667,-76.75,1985-11-21,1985-11-21,1985-11-21,3.0,216.0,379.0,735.0,1003.0,NO
datos_11077030,6.616666667,-76.75,1985-11-23,1985-11-23,1985-11-23,10.0,108.0,370.0,717.0,1006.0,NO
datos_11077030,6.616666667,-76.75,1985-11-29,1985-11-29,1985-11-29,130.0,103.0,297.0,629.0,941.0,NO
datos_11077030,6.616666667,-76.75,1985-12-03,1985-12-03,1985-12-03,20.0,140.0,385.0,695.0,1041.0,NO
datos_11077030,6.616666667,-76.75,1985-12-05,1985-12-05,1985-12-05,7.0,150.0,395.0,715.0,1061.0,NO
datos_11077030,6.616666667,-76.75,1985-12-06,1985-12-06,1985-12-06,1.0,157.0,402.0,720.0,1028.0,NO
datos_11077030,6.616666667,-76.75,1985-12-08,1985-12-08,1985-12-08,35.0,158.0,398.0,721.0,1019.0,NO
datos_11077030,6.616666667,-76.75,1985-12-09,1985-12-09,1985-12-09,12.0,193.0,431.0,756.0,1054.0,NO
datos_11077030,6.616666667,-76.75,1985-12-10,1985-12-10,1985-12-10,20.0,205.0,439.0,758.0,1066.0,NO
datos_11077030,6.616666667,-76.75,1985-12-11,1985-12-11,1985-12-11,10.0,95.0,454.0,778.0,1083.0,NO
datos_11077030,6.616666667,-76.75,1985-12-12,1985-12-12,1985-12-12,15.0,105.0,361.0,778.0,1093.0,NO
datos_11077030,6.616666667,-76.75,1985-12-13,1985-12-13,1985-12-13,20.0,120.0,368.0,780.0,1108.0,NO
datos_11077030,6.616666667,-76.75,1985-12-14,1985-12-14,1985-12-14,5.0,140.0,378.0,800.0,1065.0,NO
datos_11077030,6.616666667,-76.75,1985-12-15,1985-12-15,1985-12-15,135.0,125.0,383.0,750.0,1067.0,NO
datos_11077030,6.616666667,-76.75,1985-12-16,1985-12-16,1985-12-16,50.0,260.0,518.0,885.0,1192.0,NO
datos_11077030,6.616666667,-76.75,1985-12-22,1985-12-22,1985-12-22,15.0,235.0,473.0,842.0,1198.0,NO
datos_11077030,6.616666667,-76.75,1985-12-23,1985-12-23,1985-12-23,6.0,240.0,485.0,855.0,1202.0,NO
datos_11077030,6.616666667,-76.75,1985-12-29,1985-12-29,1985-12-29,8.0,21.0,481.0,778.0,1110.0,NO
datos_11077030,6.616666667,-76.75,1985-12-30,1985-12-30,1985-12-30,4.0,29.0,489.0,754.0,1114.0,NO
datos_11077030,6.616666667,-76.75,1985-12-31,1985-12-31,1985-12-31,15.0,33.0,363.0,748.0,1118.0,NO
datos_11077030,6.616666667,-76.75,1986-01-02,1986-01-02,1986-01-02,5.0,48.0,378.0,763.0,1073.0,NO
datos_11077030,6.616666667,-76.75,1986-01-04,1986-01-04,1986-01-04,3.0,32.0,363.0,758.0,1078.0,NO
datos_11077030,6.616666667,-76.75,1986-01-16,1986-01-16,1986-01-16,70.0,0.0,106.0,624.0,989.0,NO
datos_11077030,6.616666667,-76.75,1986-01-19,1986-01-19,1986-01-19,10.0,70.0,126.0,659.0,978.0,NO
datos_11077030,6.616666667,-76.75,1986-02-03,1986-02-03,1986-02-03,6.0,0.0,83.0,446.0,841.0,NO
datos_11077030,6.616666667,-76.75,1986-02-04,1986-02-04,1986-02-04,15.0,6.0,89.0,452.0,847.0,NO
datos_11077030,6.616666667,-76.75,1986-02-11,1986-02-11,1986-02-11,4.0,21.0,101.0,382.0,735.0,NO
datos_11077030,6.616666667,-76.75,1986-02-12,1986-02-12,1986-02-12,20.0,25.0,105.0,371.0,729.0,NO
datos_11077030,6.616666667,-76.75,1986-03-04,1986-03-04,1986-03-04,10.0,0.0,45.0,133.0,511.0,NO
datos_11077030,6.616666667,-76.75,1986-03-07,1986-03-07,1986-03-07,10.0,10.0,49.0,135.0,494.0,NO
datos_11077030,6.616666667,-76.75,1986-03-11,1986-03-11,1986-03-11,10.0,20.0,44.0,145.0,456.0,NO
datos_11077030,6.616666667,-76.75,1986-03-12,1986-03-12,1986-03-12,13.0,30.0,54.0,155.0,446.0,NO
datos_11077030,6.616666667,-76.75,1986-03-15,1986-03-15,1986-03-15,83.0,43.0,63.0,168.0,414.0,NO
datos_11077030,6.616666667,-76.75,1986-03-16,1986-03-16,1986-03-16,40.0,116.0,126.0,251.0,492.0,NO
datos_11077030,6.616666667,-76.75,1986-03-18,1986-03-18,1986-03-18,10.0,156.0,166.0,291.0,347.0,NO
datos_11077030,6.616666667,-76.75,1986-03-19,1986-03-19,1986-03-19,12.0,156.0,176.0,231.0,357.0,NO
datos_11077030,6.616666667,-76.75,1986-03-30,1986-03-30,1986-03-30,63.0,12.0,188.0,233.0,348.0,NO
datos_11077030,6.616666667,-76.75,1986-04-01,1986-04-01,1986-04-01,25.0,63.0,251.0,296.0,399.0,NO
datos_11077030,6.616666667,-76.75,1986-04-02,1986-04-02,1986-04-02,4.0,88.0,276.0,321.0,409.0,NO
datos_11077030,6.616666667,-76.75,1986-04-04,1986-04-04,1986-04-04,50.0,92.0,280.0,325.0,408.0,NO
datos_11077030,6.616666667,-76.75,1986-04-06,1986-04-06,1986-04-06,55.0,142.0,320.0,369.0,455.0,NO
datos_11077030,6.616666667,-76.75,1986-04-11,1986-04-11,1986-04-11,10.0,134.0,365.0,409.0,510.0,NO
datos_11077030,6.616666667,-76.75,1986-04-12,1986-04-12,1986-04-12,30.0,144.0,365.0,419.0,520.0,NO
datos_11077030,6.616666667,-76.75,1986-04-13,1986-04-13,1986-04-13,63.0,149.0,382.0,449.0,550.0,NO
datos_11077030,6.616666667,-76.75,1986-04-15,1986-04-15,1986-04-15,46.0,208.0,445.0,488.0,613.0,NO
datos_11077030,6.616666667,-76.75,1986-04-16,1986-04-16,1986-04-16,80.0,204.0,408.0,534.0,659.0,NO
datos_11077030,6.616666667,-76.75,1986-04-17,1986-04-17,1986-04-17,10.0,284.0,448.0,614.0,739.0,NO
datos_11077030,6.616666667,-76.75,1986-04-18,1986-04-18,1986-04-18,20.0,239.0,458.0,624.0,679.0,NO
datos_11077030,6.616666667,-76.75,1986-04-21,1986-04-21,1986-04-21,35.0,259.0,456.0,644.0,689.0,NO
datos_11077030,6.616666667,-76.75,1986-04-23,1986-04-23,1986-04-23,50.0,284.0,491.0,679.0,724.0,NO
datos_11077030,6.616666667,-76.75,1986-04-24,1986-04-24,1986-04-24,12.0,304.0,541.0,729.0,774.0,NO
datos_11077030,6.616666667,-76.75,1986-04-25,1986-04-25,1986-04-25,10.0,253.0,553.0,741.0,786.0,NO
datos_11077030,6.616666667,-76.75,1986-04-26,1986-04-26,1986-04-26,33.0,263.0,563.0,751.0,796.0,NO
datos_11077030,6.616666667,-76.75,1986-04-27,1986-04-27,1986-04-27,3.0,250.0,596.0,784.0,829.0,NO
datos_11077030,6.616666667,-76.75,1986-04-28,1986-04-28,1986-04-28,25.0,173.0,599.0,787.0,832.0,NO
datos_11077030,6.616666667,-76.75,1986-04-29,1986-04-29,1986-04-29,45.0,188.0,624.0,812.0,857.0,NO
datos_11077030,6.616666667,-76.75,1986-04-30,1986-04-30,1986-04-30,30.0,213.0,669.0,857.0,902.0,NO
datos_11077030,6.616666667,-76.75,1986-05-03,1986-05-03,1986-05-03,69.0,208.0,611.0,887.0,932.0,NO
datos_11077030,6.616666667,-76.75,1986-05-05,1986-05-05,1986-05-05,30.0,227.0,676.0,946.0,1001.0,NO
datos_11077030,6.616666667,-76.75,1986-05-06,1986-05-06,1986-05-06,20.0,245.0,656.0,976.0,1025.0,NO
datos_11077030,6.616666667,-76.75,1986-05-07,1986-05-07,1986-05-07,10.0,255.0,676.0,996.0,1030.0,NO
datos_11077030,6.616666667,-76.75,1986-05-08,1986-05-08,1986-05-08,13.0,232.0,631.0,996.0,1040.0,NO
datos_11077030,6.616666667,-76.75,1986-05-09,1986-05-09,1986-05-09,2.0,242.0,644.0,1009.0,1053.0,NO
datos_11077030,6.616666667,-76.75,1986-05-16,1986-05-16,1986-05-16,78.0,75.0,543.0,905.0,1031.0,NO
datos_11077030,6.616666667,-76.75,1986-05-17,1986-05-17,1986-05-17,10.0,123.0,575.0,943.0,1109.0,NO
datos_11077030,6.616666667,-76.75,1986-05-18,1986-05-18,1986-05-18,20.0,113.0,505.0,953.0,1119.0,NO
datos_11077030,6.616666667,-76.75,1986-05-19,1986-05-19,1986-05-19,55.0,123.0,515.0,963.0,1139.0,NO
datos_11077030,6.616666667,-76.75,1986-05-20,1986-05-20,1986-05-20,32.0,165.0,550.0,1006.0,1194.0,NO
datos_11077030,6.616666667,-76.75,1986-05-21,1986-05-21,1986-05-21,10.0,195.0,582.0,1038.0,1226.0,NO
datos_11077030,6.616666667,-76.75,1986-05-22,1986-05-22,1986-05-22,75.0,205.0,592.0,1048.0,1236.0,NO
datos_11077030,6.616666667,-76.75,1986-05-24,1986-05-24,1986-05-24,70.0,280.0,632.0,1123.0,1311.0,NO
datos_11077030,6.616666667,-76.75,1986-05-25,1986-05-25,1986-05-25,30.0,350.0,652.0,1193.0,1381.0,NO
datos_11077030,6.616666667,-76.75,1986-05-26,1986-05-26,1986-05-26,65.0,380.0,670.0,1223.0,1411.0,NO
datos_11077030,6.616666667,-76.75,1986-05-31,1986-05-31,1986-05-31,55.0,282.0,619.0,1225.0,1476.0,NO
datos_11077030,6.616666667,-76.75,1986-06-03,1986-06-03,1986-06-03,10.0,220.0,644.0,1251.0,1531.0,NO
datos_11077030,6.616666667,-76.75,1986-06-04,1986-06-04,1986-06-04,11.0,230.0,585.0,1261.0,1531.0,NO
datos_11077030,6.616666667,-76.75,1986-06-05,1986-06-05,1986-06-05,32.0,171.0,596.0,1222.0,1542.0,NO
datos_11077030,6.616666667,-76.75,1986-06-06,1986-06-06,1986-06-06,50.0,173.0,598.0,1254.0,1574.0,NO
datos_11077030,6.616666667,-76.75,1986-06-07,1986-06-07,1986-06-07,10.0,158.0,628.0,1249.0,1614.0,NO
datos_11077030,6.616666667,-76.75,1986-06-09,1986-06-09,1986-06-09,19.0,168.0,615.0,1259.0,1624.0,NO
datos_11077030,6.616666667,-76.75,1986-06-10,1986-06-10,1986-06-10,10.0,187.0,632.0,1278.0,1643.0,NO
datos_11077030,6.616666667,-76.75,1986-06-11,1986-06-11,1986-06-11,20.0,197.0,642.0,1288.0,1643.0,NO
datos_11077030,6.616666667,-76.75,1986-06-12,1986-06-12,1986-06-12,60.0,162.0,662.0,1298.0,1650.0,NO
datos_11077030,6.616666667,-76.75,1986-06-13,1986-06-13,1986-06-13,32.0,222.0,722.0,1328.0,1710.0,NO
datos_11077030,6.616666667,-76.75,1986-06-16,1986-06-16,1986-06-16,10.0,233.0,754.0,1251.0,1619.0,NO
datos_11077030,6.616666667,-76.75,1986-06-17,1986-06-17,1986-06-17,38.0,211.0,686.0,1181.0,1629.0,NO
datos_11077030,6.616666667,-76.75,1986-06-18,1986-06-18,1986-06-18,10.0,199.0,714.0,1209.0,1657.0,NO
datos_11077030,6.616666667,-76.75,1986-06-19,1986-06-19,1986-06-19,45.0,199.0,704.0,1199.0,1655.0,NO
datos_11077030,6.616666667,-76.75,1986-06-22,1986-06-22,1986-06-22,33.0,215.0,652.0,1209.0,1700.0,NO
datos_11077030,6.616666667,-76.75,1986-06-23,1986-06-23,1986-06-23,75.0,228.0,610.0,1242.0,1733.0,NO
datos_11077030,6.616666667,-76.75,1986-06-24,1986-06-24,1986-06-24,2.0,243.0,685.0,1267.0,1808.0,NO
datos_11077030,6.616666667,-76.75,1986-06-25,1986-06-25,1986-06-25,40.0,213.0,617.0,1257.0,1810.0,NO
datos_11077030,6.616666667,-76.75,1986-06-27,1986-06-27,1986-06-27,70.0,253.0,562.0,1254.0,1850.0,NO
datos_11077030,6.616666667,-76.75,1986-06-28,1986-06-28,1986-06-28,50.0,313.0,632.0,1321.0,1920.0,NO
datos_11077030,6.616666667,-76.75,1986-06-29,1986-06-29,1986-06-29,43.0,325.0,682.0,1346.0,1970.0,NO
datos_11077030,6.616666667,-76.75,1986-06-30,1986-06-30,1986-06-30,30.0,358.0,725.0,1344.0,1950.0,NO
datos_11077030,6.616666667,-76.75,1986-07-02,1986-07-02,1986-07-02,24.0,343.0,700.0,1344.0,1955.0,NO
datos_11077030,6.616666667,-76.75,1986-07-03,1986-07-03,1986-07-03,110.0,367.0,724.0,1368.0,1975.0,NO
datos_11077030,6.616666667,-76.75,1986-07-04,1986-07-04,1986-07-04,43.0,444.0,834.0,1409.0,2085.0,NO
datos_11077030,6.616666667,-76.75,1986-07-05,1986-07-05,1986-07-05,70.0,412.0,867.0,1452.0,2078.0,NO
datos_11077030,6.616666667,-76.75,1986-07-06,1986-07-06,1986-07-06,150.0,480.0,926.0,1492.0,2148.0,NO
datos_11077030,6.616666667,-76.75,1986-07-09,1986-07-09,1986-07-09,23.0,520.0,984.0,1599.0,2243.0,NO
datos_11077030,6.616666667,-76.75,1986-07-11,1986-07-11,1986-07-11,87.0,450.0,988.0,1620.0,2266.0,NO
datos_11077030,6.616666667,-76.75,1986-07-12,1986-07-12,1986-07-12,15.0,507.0,1065.0,1707.0,2343.0,NO
datos_11077030,6.616666667,-76.75,1986-07-13,1986-07-13,1986-07-13,40.0,522.0,1060.0,1722.0,2328.0,NO
datos_11077030,6.616666667,-76.75,1986-07-14,1986-07-14,1986-07-14,24.0,538.0,1040.0,1762.0,2305.0,NO
datos_11077030,6.616666667,-76.75,1986-07-15,1986-07-15,1986-07-15,80.0,452.0,1032.0,1786.0,2329.0,NO
datos_11077030,6.616666667,-76.75,1986-07-16,1986-07-16,1986-07-16,60.0,489.0,1112.0,1866.0,2363.0,NO
datos_11077030,6.616666667,-76.75,1986-07-17,1986-07-17,1986-07-17,30.0,479.0,1172.0,1848.0,2343.0,NO
datos_11077030,6.616666667,-76.75,1986-07-18,1986-07-18,1986-07-18,50.0,359.0,1192.0,1868.0,2363.0,NO
datos_11077030,6.616666667,-76.75,1986-07-20,1986-07-20,1986-07-20,34.0,409.0,1194.0,1843.0,2393.0,NO
datos_11077030,6.616666667,-76.75,1986-07-21,1986-07-21,1986-07-21,78.0,420.0,1183.0,1845.0,2427.0,NO
datos_11077030,6.616666667,-76.75,1986-08-02,1986-08-02,1986-08-02,1.0,0.0,918.0,1618.0,2262.0,NO
datos_11077030,6.616666667,-76.75,1986-08-03,1986-08-03,1986-08-03,20.0,1.0,895.0,1619.0,2194.0,NO
datos_11077030,6.616666667,-76.75,1986-08-04,1986-08-04,1986-08-04,20.0,21.0,805.0,1629.0,2214.0,NO
datos_11077030,6.616666667,-76.75,1986-08-05,1986-08-05,1986-08-05,10.0,41.0,782.0,1638.0,2204.0,NO
datos_11077030,6.616666667,-76.75,1986-08-10,1986-08-10,1986-08-10,55.0,51.0,549.0,1537.0,2169.0,NO
datos_11077030,6.616666667,-76.75,1986-08-11,1986-08-11,1986-08-11,50.0,106.0,604.0,1582.0,2224.0,NO
datos_11077030,6.616666667,-76.75,1986-08-12,1986-08-12,1986-08-12,57.0,156.0,567.0,1612.0,2274.0,NO
datos_11077030,6.616666667,-76.75,1986-08-15,1986-08-15,1986-08-15,60.0,192.0,545.0,1577.0,2331.0,NO
datos_11077030,6.616666667,-76.75,1986-08-16,1986-08-16,1986-08-16,40.0,232.0,525.0,1637.0,2313.0,NO
datos_11077030,6.616666667,-76.75,1986-08-17,1986-08-17,1986-08-17,32.0,262.0,505.0,1667.0,2343.0,NO
datos_11077030,6.616666667,-76.75,1986-08-19,1986-08-19,1986-08-19,20.0,294.0,457.0,1651.0,2300.0,NO
datos_11077030,6.616666667,-76.75,1986-08-22,1986-08-22,1986-08-22,20.0,259.0,365.0,1626.0,2203.0,NO
datos_11077030,6.616666667,-76.75,1986-08-23,1986-08-23,1986-08-23,50.0,229.0,385.0,1613.0,2223.0,NO
datos_11077030,6.616666667,-76.75,1986-08-24,1986-08-24,1986-08-24,30.0,222.0,435.0,1588.0,2203.0,NO
datos_11077030,6.616666667,-76.75,1986-08-28,1986-08-28,1986-08-28,20.0,152.0,465.0,1506.0,2138.0,NO
datos_11077030,6.616666667,-76.75,1986-08-29,1986-08-29,1986-08-29,60.0,140.0,485.0,1476.0,2158.0,NO
datos_11077030,6.616666667,-76.75,1986-09-01,1986-09-01,1986-09-01,50.0,180.0,545.0,1463.0,2163.0,NO
datos_11077030,6.616666667,-76.75,1986-09-04,1986-09-04,1986-09-04,20.0,160.0,574.0,1336.0,2192.0,NO
datos_11077030,6.616666667,-76.75,1986-09-05,1986-09-05,1986-09-05,10.0,150.0,574.0,1286.0,2180.0,NO
datos_11077030,6.616666667,-76.75,1986-09-09,1986-09-09,1986-09-09,11.0,140.0,574.0,1123.0,2111.0,NO
datos_11077030,6.616666667,-76.75,1986-09-10,1986-09-10,1986-09-10,5.0,91.0,585.0,1134.0,2112.0,NO
datos_11077030,6.616666667,-76.75,1986-09-11,1986-09-11,1986-09-11,90.0,96.0,535.0,1052.0,2097.0,NO
datos_11077030,6.616666667,-76.75,1986-09-12,1986-09-12,1986-09-12,80.0,186.0,575.0,1127.0,2127.0,NO
datos_11077030,6.616666667,-76.75,1986-09-13,1986-09-13,1986-09-13,5.0,216.0,598.0,1167.0,2175.0,NO
datos_11077030,6.616666667,-76.75,1986-09-14,1986-09-14,1986-09-14,33.0,221.0,603.0,1148.0,2180.0,NO
datos_11077030,6.616666667,-76.75,1986-09-16,1986-09-16,1986-09-16,4.0,234.0,576.0,1041.0,2203.0,NO
datos_11077030,6.616666667,-76.75,1986-09-17,1986-09-17,1986-09-17,42.0,228.0,540.0,1015.0,2169.0,NO
datos_11077030,6.616666667,-76.75,1986-09-23,1986-09-23,1986-09-23,40.0,164.0,510.0,895.0,2048.0,NO
datos_11077030,6.616666667,-76.75,1986-09-24,1986-09-24,1986-09-24,70.0,124.0,500.0,935.0,2086.0,NO
datos_11077030,6.616666667,-76.75,1986-09-26,1986-09-26,1986-09-26,103.0,156.0,540.0,1005.0,2116.0,NO
datos_11077030,6.616666667,-76.75,1986-10-06,1986-10-06,1986-10-06,20.0,103.0,493.0,1057.0,1629.0,NO
datos_11077030,6.616666667,-76.75,1986-10-07,1986-10-07,1986-10-07,20.0,123.0,503.0,1077.0,1649.0,NO
datos_11077030,6.616666667,-76.75,1986-10-08,1986-10-08,1986-10-08,5.0,40.0,523.0,1097.0,1669.0,NO
datos_11077030,6.616666667,-76.75,1986-10-09,1986-10-09,1986-10-09,15.0,45.0,528.0,1102.0,1651.0,NO
datos_11077030,6.616666667,-76.75,1986-10-11,1986-10-11,1986-10-11,10.0,60.0,532.0,1062.0,1579.0,NO
datos_11077030,6.616666667,-76.75,1986-10-12,1986-10-12,1986-10-12,12.0,70.0,537.0,1022.0,1574.0,NO
datos_11077030,6.616666667,-76.75,1986-10-13,1986-10-13,1986-10-13,50.0,82.0,459.0,977.0,1546.0,NO
datos_11077030,6.616666667,-76.75,1986-10-14,1986-10-14,1986-10-14,30.0,132.0,429.0,1027.0,1572.0,NO
datos_11077030,6.616666667,-76.75,1986-10-17,1986-10-17,1986-10-17,10.0,162.0,421.0,957.0,1432.0,NO
datos_11077030,6.616666667,-76.75,1986-10-18,1986-10-18,1986-10-18,30.0,152.0,427.0,935.0,1392.0,NO
datos_11077030,6.616666667,-76.75,1986-10-19,1986-10-19,1986-10-19,20.0,162.0,415.0,965.0,1422.0,NO
datos_11077030,6.616666667,-76.75,1986-10-21,1986-10-21,1986-10-21,12.0,162.0,435.0,965.0,1330.0,NO
datos_11077030,6.616666667,-76.75,1986-10-22,1986-10-22,1986-10-22,10.0,174.0,447.0,977.0,1342.0,NO
datos_11077030,6.616666667,-76.75,1986-10-23,1986-10-23,1986-10-23,35.0,174.0,457.0,967.0,1352.0,NO
datos_11077030,6.616666667,-76.75,1986-10-24,1986-10-24,1986-10-24,15.0,197.0,492.0,952.0,1387.0,NO
datos_11077030,6.616666667,-76.75,1986-10-26,1986-10-26,1986-10-26,20.0,132.0,397.0,937.0,1402.0,NO
datos_11077030,6.616666667,-76.75,1986-10-27,1986-10-27,1986-10-27,30.0,152.0,417.0,957.0,1422.0,NO
datos_11077030,6.616666667,-76.75,1986-10-28,1986-10-28,1986-10-28,15.0,182.0,344.0,987.0,1452.0,NO
datos_11077030,6.616666667,-76.75,1986-10-29,1986-10-29,1986-10-29,15.0,187.0,359.0,982.0,1467.0,NO
datos_11077030,6.616666667,-76.75,1986-10-30,1986-10-30,1986-10-30,15.0,172.0,374.0,937.0,1482.0,NO
datos_11077030,6.616666667,-76.75,1986-10-31,1986-10-31,1986-10-31,70.0,167.0,389.0,952.0,1497.0,NO
datos_11077030,6.616666667,-76.75,1986-11-02,1986-11-02,1986-11-02,26.0,225.0,459.0,972.0,1566.0,NO
datos_11077030,6.616666667,-76.75,1986-11-03,1986-11-03,1986-11-03,12.0,241.0,485.0,998.0,1572.0,NO
datos_11077030,6.616666667,-76.75,1986-11-05,1986-11-05,1986-11-05,10.0,203.0,497.0,990.0,1554.0,NO
datos_11077030,6.616666667,-76.75,1986-11-06,1986-11-06,1986-11-06,15.0,213.0,507.0,990.0,1564.0,NO
datos_11077030,6.616666667,-76.75,1986-11-08,1986-11-08,1986-11-08,20.0,178.0,482.0,1005.0,1579.0,NO
datos_11077030,6.616666667,-76.75,1986-11-11,1986-11-11,1986-11-11,20.0,153.0,482.0,1009.0,1494.0,NO
datos_11077030,6.616666667,-76.75,1986-11-14,1986-11-14,1986-11-14,42.0,77.0,430.0,854.0,1457.0,NO
datos_11077030,6.616666667,-76.75,1986-11-16,1986-11-16,1986-11-16,3.0,107.0,442.0,863.0,1399.0,NO
datos_11077030,6.616666667,-76.75,1986-11-17,1986-11-17,1986-11-17,77.0,100.0,445.0,862.0,1370.0,NO
datos_11077030,6.616666667,-76.75,1986-11-22,1986-11-22,1986-11-22,10.0,142.0,450.0,897.0,1407.0,NO
datos_11077030,6.616666667,-76.75,1986-11-24,1986-11-24,1986-11-24,15.0,132.0,415.0,867.0,1337.0,NO
datos_11077030,6.616666667,-76.75,1986-11-25,1986-11-25,1986-11-25,10.0,147.0,415.0,812.0,1352.0,NO
datos_11077030,6.616666667,-76.75,1986-11-30,1986-11-30,1986-11-30,34.0,35.0,345.0,719.0,1282.0,NO
datos_11077030,6.616666667,-76.75,1986-12-03,1986-12-03,1986-12-03,15.0,69.0,294.0,753.0,1266.0,NO
datos_11077030,6.616666667,-76.75,1986-12-05,1986-12-05,1986-12-05,44.0,74.0,271.0,768.0,1261.0,NO
datos_11077030,6.616666667,-76.75,1986-12-06,1986-12-06,1986-12-06,20.0,103.0,315.0,812.0,1295.0,NO
datos_11077030,6.616666667,-76.75,1986-12-07,1986-12-07,1986-12-07,24.0,113.0,325.0,812.0,1315.0,NO
datos_11077030,6.616666667,-76.75,1986-12-08,1986-12-08,1986-12-08,12.0,137.0,334.0,816.0,1339.0,NO
datos_11077030,6.616666667,-76.75,1986-12-09,1986-12-09,1986-12-09,30.0,149.0,346.0,823.0,1351.0,NO
datos_11077030,6.616666667,-76.75,1986-12-10,1986-12-10,1986-12-10,12.0,179.0,356.0,838.0,1370.0,NO
datos_11077030,6.616666667,-76.75,1986-12-11,1986-12-11,1986-12-11,70.0,191.0,368.0,850.0,1377.0,NO
datos_11077030,6.616666667,-76.75,1986-12-12,1986-12-12,1986-12-12,30.0,227.0,438.0,910.0,1357.0,NO
datos_11077030,6.616666667,-76.75,1986-12-15,1986-12-15,1986-12-15,2.0,242.0,448.0,848.0,1269.0,NO
datos_11077030,6.616666667,-76.75,1986-12-16,1986-12-16,1986-12-16,30.0,244.0,408.0,850.0,1271.0,NO
datos_11077030,6.616666667,-76.75,1986-12-18,1986-12-18,1986-12-18,25.0,210.0,435.0,870.0,1255.0,NO
datos_11077030,6.616666667,-76.75,1986-12-19,1986-12-19,1986-12-19,50.0,211.0,383.0,865.0,1280.0,NO
datos_11077030,6.616666667,-76.75,1986-12-20,1986-12-20,1986-12-20,10.0,249.0,433.0,895.0,1330.0,NO
datos_11077030,6.616666667,-76.75,1986-12-21,1986-12-21,1986-12-21,50.0,229.0,443.0,905.0,1340.0,NO
datos_11077030,6.616666667,-76.75,1986-12-22,1986-12-22,1986-12-22,12.0,267.0,493.0,943.0,1390.0,NO
datos_11077030,6.616666667,-76.75,1986-12-24,1986-12-24,1986-12-24,50.0,179.0,495.0,910.0,1362.0,NO
datos_11077030,6.616666667,-76.75,1986-12-26,1986-12-26,1986-12-26,20.0,229.0,530.0,945.0,1342.0,NO
datos_11077030,6.616666667,-76.75,1986-12-27,1986-12-27,1986-12-27,60.0,247.0,540.0,945.0,1259.0,NO
datos_11077030,6.616666667,-76.75,1986-12-29,1986-12-29,1986-12-29,30.0,277.0,600.0,960.0,1319.0,NO
datos_11077030,6.616666667,-76.75,1987-01-12,1987-01-12,1987-01-12,50.0,0.0,369.0,787.0,1267.0,NO
datos_11077030,6.616666667,-76.75,1987-01-18,1987-01-18,1987-01-18,39.0,50.0,357.0,715.0,1197.0,NO
datos_11077030,6.616666667,-76.75,1987-01-20,1987-01-20,1987-01-20,13.0,89.0,321.0,754.0,1216.0,NO
datos_11077030,6.616666667,-76.75,1987-01-24,1987-01-24,1987-01-24,30.0,52.0,262.0,757.0,1157.0,NO
datos_11077030,6.616666667,-76.75,1987-02-14,1987-02-14,1987-02-14,90.0,0.0,82.0,471.0,877.0,NO
datos_11077030,6.616666667,-76.75,1987-02-16,1987-02-16,1987-02-16,12.0,90.0,172.0,529.0,964.0,NO
datos_11077030,6.616666667,-76.75,1987-02-17,1987-02-17,1987-02-17,50.0,102.0,184.0,541.0,899.0,NO
datos_11077030,6.616666667,-76.75,1987-02-18,1987-02-18,1987-02-18,90.0,152.0,234.0,566.0,949.0,NO
datos_11077030,6.616666667,-76.75,1987-02-20,1987-02-20,1987-02-20,90.0,242.0,285.0,596.0,1039.0,NO
datos_11077030,6.616666667,-76.75,1987-03-08,1987-03-08,1987-03-08,10.0,0.0,332.0,464.0,981.0,NO
datos_11077030,6.616666667,-76.75,1987-03-17,1987-03-17,1987-03-17,80.0,10.0,342.0,424.0,811.0,NO
datos_11077030,6.616666667,-76.75,1987-03-20,1987-03-20,1987-03-20,25.0,80.0,320.0,504.0,836.0,NO
datos_11077030,6.616666667,-76.75,1987-03-21,1987-03-21,1987-03-21,20.0,105.0,295.0,490.0,811.0,NO
datos_11077030,6.616666667,-76.75,1987-03-25,1987-03-25,1987-03-25,20.0,125.0,135.0,497.0,759.0,NO
datos_11077030,6.616666667,-76.75,1987-03-26,1987-03-26,1987-03-26,80.0,145.0,155.0,517.0,729.0,NO
datos_11077030,6.616666667,-76.75,1987-03-27,1987-03-27,1987-03-27,53.0,225.0,235.0,567.0,809.0,NO
datos_11077030,6.616666667,-76.75,1987-03-29,1987-03-29,1987-03-29,10.0,198.0,288.0,620.0,782.0,NO
datos_11077030,6.616666667,-76.75,1987-03-30,1987-03-30,1987-03-30,11.0,208.0,298.0,630.0,792.0,NO
datos_11077030,6.616666667,-76.75,1987-04-04,1987-04-04,1987-04-04,8.0,174.0,309.0,641.0,773.0,NO
datos_11077030,6.616666667,-76.75,1987-04-07,1987-04-07,1987-04-07,88.0,82.0,317.0,649.0,781.0,NO
datos_11077030,6.616666667,-76.75,1987-04-09,1987-04-09,1987-04-09,48.0,117.0,395.0,737.0,869.0,NO
datos_11077030,6.616666667,-76.75,1987-04-11,1987-04-11,1987-04-11,13.0,144.0,443.0,785.0,917.0,NO
datos_11077030,6.616666667,-76.75,1987-04-14,1987-04-14,1987-04-14,49.0,157.0,456.0,798.0,880.0,NO
datos_11077030,6.616666667,-76.75,1987-04-15,1987-04-15,1987-04-15,34.0,206.0,505.0,847.0,929.0,NO
datos_11077030,6.616666667,-76.75,1987-04-16,1987-04-16,1987-04-16,60.0,232.0,539.0,881.0,963.0,NO
datos_11077030,6.616666667,-76.75,1987-04-17,1987-04-17,1987-04-17,30.0,292.0,599.0,851.0,1023.0,NO
datos_11077030,6.616666667,-76.75,1987-04-19,1987-04-19,1987-04-19,90.0,234.0,549.0,869.0,1053.0,NO
datos_11077030,6.616666667,-76.75,1987-04-21,1987-04-21,1987-04-21,11.1,276.0,614.0,819.0,1104.0,NO
datos_11077030,6.616666667,-76.75,1987-04-22,1987-04-22,1987-04-22,10.7,287.1,605.1,830.1,1102.1,NO
datos_11077030,6.616666667,-76.75,1987-04-23,1987-04-23,1987-04-23,10.0,284.8,615.8000000000001,750.8000000000001,1112.8,NO
datos_11077030,6.616666667,-76.75,1987-04-24,1987-04-24,1987-04-24,12.0,294.8,625.8000000000001,760.8000000000001,1122.8,NO
datos_11077030,6.616666667,-76.75,1987-04-27,1987-04-27,1987-04-27,70.0,223.8,537.8000000000001,772.8000000000001,1104.8,NO
datos_11077030,6.616666667,-76.75,1987-04-29,1987-04-29,1987-04-29,37.0,203.8,554.8,842.8,1174.8000000000002,NO
datos_11077030,6.616666667,-76.75,1987-05-05,1987-05-05,1987-05-05,65.0,119.0,570.8,879.8,1211.8,NO
datos_11077030,6.616666667,-76.75,1987-05-06,1987-05-06,1987-05-06,20.0,172.0,627.8,944.8,1276.8,NO
datos_11077030,6.616666667,-76.75,1987-05-09,1987-05-09,1987-05-09,24.0,122.0,559.8,954.8,1296.8,NO
datos_11077030,6.616666667,-76.75,1987-05-11,1987-05-11,1987-05-11,10.0,109.0,535.8,978.8,1320.8000000000002,NO
datos_11077030,6.616666667,-76.75,1987-05-12,1987-05-12,1987-05-12,29.0,119.0,545.8,988.8,1330.8,NO
datos_11077030,6.616666667,-76.75,1987-05-13,1987-05-13,1987-05-13,45.0,148.0,561.8,1017.8,1359.8,NO
datos_11077030,6.616666667,-76.75,1987-05-14,1987-05-14,1987-05-14,80.0,193.0,606.8,1062.8,1404.8,NO
datos_11077030,6.616666667,-76.75,1987-05-15,1987-05-15,1987-05-15,50.4,273.0,686.8,1142.8,1484.8000000000002,NO
datos_11077030,6.616666667,-76.75,1987-05-16,1987-05-16,1987-05-16,1.0,323.4,688.1999999999999,1193.2,1535.2,NO
datos_11077030,6.616666667,-76.75,1987-05-17,1987-05-17,1987-05-17,5.0,259.4,655.1999999999999,1194.2,1446.2,NO
datos_11077030,6.616666667,-76.75,1987-05-18,1987-05-18,1987-05-18,70.0,244.4,600.1999999999999,1119.2,1451.2,NO
datos_11077030,6.616666667,-76.75,1987-05-19,1987-05-19,1987-05-19,5.0,314.4,640.1999999999999,1189.2,1509.2,NO
datos_11077030,6.616666667,-76.75,1987-05-20,1987-05-20,1987-05-20,40.0,319.4,645.1999999999999,1194.2,1464.2,NO
datos_11077030,6.616666667,-76.75,1987-05-25,1987-05-25,1987-05-25,10.0,251.4,563.4,1189.2,1324.2,NO
datos_11077030,6.616666667,-76.75,1987-05-31,1987-05-31,1987-05-31,10.0,50.0,454.4,1025.2,1334.2,NO
datos_11077030,6.616666667,-76.75,1987-06-02,1987-06-02,1987-06-02,11.0,20.0,464.4,1035.2,1344.2,NO
datos_11077030,6.616666667,-76.75,1987-06-03,1987-06-03,1987-06-03,20.0,31.0,475.4,1046.2,1355.2,NO
datos_11077030,6.616666667,-76.75,1987-06-04,1987-06-04,1987-06-04,20.0,51.0,495.4,1066.2,1375.2,NO
datos_11077030,6.616666667,-76.75,1987-06-10,1987-06-10,1987-06-10,15.0,61.0,406.4,942.2,1385.2,NO
datos_11077030,6.616666667,-76.75,1987-06-12,1987-06-12,1987-06-12,90.0,66.0,411.4,944.2,1400.2,NO
datos_11077030,6.616666667,-76.75,1987-06-13,1987-06-13,1987-06-13,30.0,156.0,472.4,1034.2,1490.2,NO
datos_11077030,6.616666667,-76.75,1987-06-15,1987-06-15,1987-06-15,25.0,155.0,377.4,1015.2,1520.2,NO
datos_11077030,6.616666667,-76.75,1987-06-16,1987-06-16,1987-06-16,67.0,160.0,352.0,1006.2,1545.2,NO
datos_11077030,6.616666667,-76.75,1987-06-19,1987-06-19,1987-06-19,90.0,227.0,343.0,983.2,1532.2,NO
datos_11077030,6.616666667,-76.75,1987-06-22,1987-06-22,1987-06-22,25.0,302.0,388.0,972.1,1577.2,NO
datos_11077030,6.616666667,-76.75,1987-06-23,1987-06-23,1987-06-23,66.0,327.0,413.0,986.4,1602.2,NO
datos_11077030,6.616666667,-76.75,1987-06-25,1987-06-25,1987-06-25,30.0,273.0,479.0,1030.4,1648.2,NO
datos_11077030,6.616666667,-76.75,1987-06-28,1987-06-28,1987-06-28,44.0,211.0,499.0,990.4,1545.2,NO
datos_11077030,6.616666667,-76.75,1987-06-30,1987-06-30,1987-06-30,30.0,255.0,543.0,997.4,1568.2,NO
datos_11077030,6.616666667,-76.75,1987-07-02,1987-07-02,1987-07-02,12.0,195.0,563.0,1027.4,1598.2,NO
datos_11077030,6.616666667,-76.75,1987-07-03,1987-07-03,1987-07-03,60.0,207.0,575.0,1039.4,1610.2,NO
datos_11077030,6.616666667,-76.75,1987-07-05,1987-07-05,1987-07-05,87.0,176.0,604.0,1099.4,1662.2,NO
datos_11077030,6.616666667,-76.75,1987-07-07,1987-07-07,1987-07-07,44.0,233.0,671.0,1101.4,1749.2,NO
datos_11077030,6.616666667,-76.75,1987-07-08,1987-07-08,1987-07-08,12.0,277.0,715.0,1145.4,1705.2,NO
datos_11077030,6.616666667,-76.75,1987-07-10,1987-07-10,1987-07-10,10.0,245.0,727.0,1133.4,1669.2,NO
datos_11077030,6.616666667,-76.75,1987-07-12,1987-07-12,1987-07-12,10.0,225.0,722.0,1133.4,1666.2,NO
datos_11077030,6.616666667,-76.75,1987-07-13,1987-07-13,1987-07-13,80.0,235.0,732.0,1114.4,1676.2,NO
datos_11077030,6.616666667,-76.75,1987-07-14,1987-07-14,1987-07-14,105.0,303.0,722.0,1149.4,1756.2,NO
datos_11077030,6.616666667,-76.75,1987-07-15,1987-07-15,1987-07-15,56.0,348.0,797.0,1174.4,1812.2,NO
datos_11077030,6.616666667,-76.75,1987-07-16,1987-07-16,1987-07-16,29.0,404.0,853.0,1180.0,1834.2,NO
datos_11077030,6.616666667,-76.75,1987-07-17,1987-07-17,1987-07-17,60.0,346.0,857.0,1208.0,1803.2,NO
datos_11077030,6.616666667,-76.75,1987-07-22,1987-07-22,1987-07-22,54.0,340.0,760.0,1148.0,1732.1,NO
datos_11077030,6.616666667,-76.75,1987-07-24,1987-07-24,1987-07-24,4.0,384.0,789.0,1202.0,1765.4,NO
datos_11077030,6.616666667,-76.75,1987-07-28,1987-07-28,1987-07-28,84.0,118.0,697.0,1196.0,1687.4,NO
datos_11077030,6.616666667,-76.75,1987-07-29,1987-07-29,1987-07-29,20.0,142.0,781.0,1280.0,1771.4,NO
datos_11077030,6.616666667,-76.75,1987-07-30,1987-07-30,1987-07-30,74.0,162.0,757.0,1300.0,1754.4,NO
datos_11077030,6.616666667,-76.75,1987-07-31,1987-07-31,1987-07-31,50.0,236.0,831.0,1374.0,1828.4,NO
datos_11077030,6.616666667,-76.75,1987-08-01,1987-08-01,1987-08-01,20.0,286.0,851.0,1414.0,1878.4,NO
datos_11077030,6.616666667,-76.75,1987-08-02,1987-08-02,1987-08-02,80.0,306.0,871.0,1434.0,1898.4,NO
datos_11077030,6.616666667,-76.75,1987-08-04,1987-08-04,1987-08-04,16.0,332.0,879.0,1483.0,1978.4,NO
datos_11077030,6.616666667,-76.75,1987-08-05,1987-08-05,1987-08-05,80.0,344.0,895.0,1479.0,1929.4,NO
datos_11077030,6.616666667,-76.75,1987-08-06,1987-08-06,1987-08-06,80.0,424.0,888.0,1559.0,1989.4,NO
datos_11077030,6.616666667,-76.75,1987-08-07,1987-08-07,1987-08-07,70.0,504.0,968.0,1639.0,2069.4,NO
datos_11077030,6.616666667,-76.75,1987-08-09,1987-08-09,1987-08-09,34.0,490.0,982.0,1709.0,2115.4,NO
datos_11077030,6.616666667,-76.75,1987-08-10,1987-08-10,1987-08-10,4.0,504.0,1016.0,1743.0,2149.4,NO
datos_11077030,6.616666667,-76.75,1987-08-12,1987-08-12,1987-08-12,50.0,384.0,1010.0,1732.0,2114.4,NO
datos_11077030,6.616666667,-76.75,1987-08-15,1987-08-15,1987-08-15,35.0,334.0,865.0,1662.0,1989.0,NO
datos_11077030,6.616666667,-76.75,1987-08-16,1987-08-16,1987-08-16,12.0,353.0,844.0,1672.0,2023.0,NO
datos_11077030,6.616666667,-76.75,1987-08-17,1987-08-17,1987-08-17,74.0,285.0,827.0,1617.0,2030.0,NO
datos_11077030,6.616666667,-76.75,1987-08-18,1987-08-18,1987-08-18,29.0,279.0,841.0,1691.0,2034.0,NO
datos_11077030,6.616666667,-76.75,1987-08-19,1987-08-19,1987-08-19,50.0,238.0,870.0,1720.0,2058.0,NO
datos_11077030,6.616666667,-76.75,1987-08-22,1987-08-22,1987-08-22,31.0,250.0,920.0,1680.0,2068.0,NO
datos_11077030,6.616666667,-76.75,1987-08-24,1987-08-24,1987-08-24,50.0,231.0,897.0,1620.0,2099.0,NO
datos_11077030,6.616666667,-76.75,1987-08-25,1987-08-25,1987-08-25,43.0,281.0,943.0,1670.0,2139.0,NO
datos_11077030,6.616666667,-76.75,1987-08-26,1987-08-26,1987-08-26,23.0,324.0,986.0,1683.0,2182.0,NO
datos_11077030,6.616666667,-76.75,1987-08-27,1987-08-27,1987-08-27,58.0,312.0,1009.0,1706.0,2205.0,NO
datos_11077030,6.616666667,-76.75,1987-08-30,1987-08-30,1987-08-30,55.0,255.0,963.0,1720.0,2263.0,NO
datos_11077030,6.616666667,-76.75,1987-08-31,1987-08-31,1987-08-31,30.0,260.0,944.0,1745.0,2308.0,NO
datos_11077030,6.616666667,-76.75,1987-09-02,1987-09-02,1987-09-02,46.0,290.0,904.0,1763.0,2327.0,NO
datos_11077030,6.616666667,-76.75,1987-09-03,1987-09-03,1987-09-03,13.0,305.0,870.0,1749.0,2353.0,NO
datos_11077030,6.616666667,-76.75,1987-09-04,1987-09-04,1987-09-04,120.0,318.0,883.0,1762.0,2346.0,NO
datos_11077030,6.616666667,-76.75,1987-09-07,1987-09-07,1987-09-07,21.0,322.0,827.0,1751.0,2466.0,NO
datos_11077030,6.616666667,-76.75,1987-09-09,1987-09-09,1987-09-09,40.0,285.0,778.0,1760.0,2487.0,NO
datos_11077030,6.616666667,-76.75,1987-09-13,1987-09-13,1987-09-13,42.0,240.0,730.0,1700.0,2392.0,NO
datos_11077030,6.616666667,-76.75,1987-09-17,1987-09-17,1987-09-17,31.0,103.0,725.0,1492.0,2342.0,NO
datos_11077030,6.616666667,-76.75,1987-09-19,1987-09-19,1987-09-19,24.0,113.0,653.0,1523.0,2283.0,NO
datos_11077030,6.616666667,-76.75,1987-09-20,1987-09-20,1987-09-20,21.0,137.0,627.0,1547.0,2307.0,NO
datos_11077030,6.616666667,-76.75,1987-09-21,1987-09-21,1987-09-21,70.0,118.0,648.0,1568.0,2328.0,NO
datos_11077030,6.616666667,-76.75,1987-09-22,1987-09-22,1987-09-22,10.0,188.0,718.0,1584.0,2373.0,NO
datos_11077030,6.616666667,-76.75,1987-09-24,1987-09-24,1987-09-24,15.0,198.0,697.0,1590.0,2317.0,NO
datos_11077030,6.616666667,-76.75,1987-09-27,1987-09-27,1987-09-27,49.0,171.0,596.0,1605.0,2302.0,NO
datos_11077030,6.616666667,-76.75,1987-10-03,1987-10-03,1987-10-03,23.0,74.0,502.0,1326.0,2205.0,NO
datos_11077030,6.616666667,-76.75,1987-10-04,1987-10-04,1987-10-04,40.0,87.0,479.0,1349.0,2228.0,NO
datos_11077030,6.616666667,-76.75,1987-10-05,1987-10-05,1987-10-05,40.0,127.0,506.0,1373.0,2181.0,NO
datos_11077030,6.616666667,-76.75,1987-10-06,1987-10-06,1987-10-06,52.0,152.0,426.0,1333.0,2221.0,NO
datos_11077030,6.616666667,-76.75,1987-10-07,1987-10-07,1987-10-07,50.0,204.0,478.0,1305.0,2229.0,NO
datos_11077030,6.616666667,-76.75,1987-10-08,1987-10-08,1987-10-08,100.0,254.0,528.0,1285.0,2267.0,NO
datos_11077030,6.616666667,-76.75,1987-10-10,1987-10-10,1987-10-10,31.0,305.0,607.0,1351.0,2357.0,NO
datos_11077030,6.616666667,-76.75,1987-10-13,1987-10-13,1987-10-13,101.0,336.0,598.0,1328.0,2298.0,NO
datos_11077030,6.616666667,-76.75,1987-10-14,1987-10-14,1987-10-14,50.0,437.0,699.0,1429.0,2294.0,NO
datos_11077030,6.616666667,-76.75,1987-10-15,1987-10-15,1987-10-15,55.0,464.0,707.0,1479.0,2288.0,NO
datos_11077030,6.616666667,-76.75,1987-10-17,1987-10-17,1987-10-17,90.0,439.0,762.0,1487.0,2254.0,NO
datos_11077030,6.616666667,-76.75,1987-10-19,1987-10-19,1987-10-19,4.0,427.0,821.0,1474.0,2344.0,NO
datos_11077030,6.616666667,-76.75,1987-10-20,1987-10-20,1987-10-20,4.0,331.0,825.0,1428.0,2348.0,NO
datos_11077030,6.616666667,-76.75,1987-10-21,1987-10-21,1987-10-21,11.0,335.0,805.0,1432.0,2352.0,NO
datos_11077030,6.616666667,-76.75,1987-10-22,1987-10-22,1987-10-22,10.0,315.0,795.0,1443.0,2309.0,NO
datos_11077030,6.616666667,-76.75,1987-10-24,1987-10-24,1987-10-24,19.0,325.0,725.0,1422.0,2315.0,NO
datos_11077030,6.616666667,-76.75,1987-10-25,1987-10-25,1987-10-25,9.0,243.0,744.0,1391.0,2334.0,NO
datos_11077030,6.616666667,-76.75,1987-10-26,1987-10-26,1987-10-26,11.0,202.0,738.0,1357.0,2343.0,NO
datos_11077030,6.616666667,-76.75,1987-10-27,1987-10-27,1987-10-27,20.0,158.0,749.0,1345.0,2354.0,NO
datos_11077030,6.616666667,-76.75,1987-10-30,1987-10-30,1987-10-30,7.0,88.0,720.0,1307.0,2196.0,NO
datos_11077030,6.616666667,-76.75,1987-11-02,1987-11-02,1987-11-02,24.0,76.0,727.0,1229.0,2053.0,NO
datos_11077030,6.616666667,-76.75,1987-11-03,1987-11-03,1987-11-03,11.0,90.0,751.0,1207.0,2077.0,NO
datos_11077030,6.616666667,-76.75,1987-11-04,1987-11-04,1987-11-04,20.0,101.0,739.0,1205.0,2072.0,NO
datos_11077030,6.616666667,-76.75,1987-11-05,1987-11-05,1987-11-05,1.0,102.0,719.0,1105.0,2012.0,NO
datos_11077030,6.616666667,-76.75,1987-11-08,1987-11-08,1987-11-08,26.0,63.0,578.0,1085.0,1863.0,NO
datos_11077030,6.616666667,-76.75,1987-11-09,1987-11-09,1987-11-09,1.0,89.0,504.0,1111.0,1855.0,NO
datos_11077030,6.616666667,-76.75,1987-11-10,1987-11-10,1987-11-10,3.0,90.0,505.0,1072.0,1852.0,NO
datos_11077030,6.616666667,-76.75,1987-11-11,1987-11-11,1987-11-11,12.0,86.0,477.0,1075.0,1855.0,NO
datos_11077030,6.616666667,-76.75,1987-11-12,1987-11-12,1987-11-12,13.0,98.0,489.0,1087.0,1817.0,NO
datos_11077030,6.616666667,-76.75,1987-11-14,1987-11-14,1987-11-14,4.0,87.0,401.0,1058.0,1830.0,NO
datos_11077030,6.616666667,-76.75,1987-11-15,1987-11-15,1987-11-15,2.0,80.0,355.0,1062.0,1799.0,NO
datos_11077030,6.616666667,-76.75,1987-11-17,1987-11-17,1987-11-17,10.0,61.0,302.0,1064.0,1715.0,NO
datos_11077030,6.616666667,-76.75,1987-11-18,1987-11-18,1987-11-18,42.0,71.0,222.0,1043.0,1696.0,NO
datos_11077030,6.616666667,-76.75,1987-11-19,1987-11-19,1987-11-19,10.0,113.0,264.0,1085.0,1688.0,NO
datos_11077030,6.616666667,-76.75,1987-11-20,1987-11-20,1987-11-20,12.0,97.0,270.0,1071.0,1698.0,NO
datos_11077030,6.616666667,-76.75,1987-11-21,1987-11-21,1987-11-21,10.0,108.0,278.0,1062.0,1710.0,NO
datos_11077030,6.616666667,-76.75,1987-11-22,1987-11-22,1987-11-22,10.0,115.0,277.0,1002.0,1689.0,NO
datos_11077030,6.616666667,-76.75,1987-11-23,1987-11-23,1987-11-23,70.0,113.0,277.0,1002.0,1699.0,NO
datos_11077030,6.616666667,-76.75,1987-11-24,1987-11-24,1987-11-24,10.0,170.0,347.0,1072.0,1719.0,NO
datos_11077030,6.616666667,-76.75,1987-11-26,1987-11-26,1987-11-26,52.0,176.0,329.0,1067.0,1663.0,NO
datos_11077030,6.616666667,-76.75,1987-11-27,1987-11-27,1987-11-27,1.0,226.0,370.0,1119.0,1657.0,NO
datos_11077030,6.616666667,-76.75,1987-11-29,1987-11-29,1987-11-29,15.0,217.0,351.0,1071.0,1658.0,NO
datos_11077030,6.616666667,-76.75,1987-12-01,1987-12-01,1987-12-01,12.0,180.0,359.0,1086.0,1588.0,NO
datos_11077030,6.616666667,-76.75,1987-12-02,1987-12-02,1987-12-02,89.0,180.0,371.0,1098.0,1600.0,NO
datos_11077030,6.616666667,-76.75,1987-12-05,1987-12-05,1987-12-05,10.0,179.0,425.0,1124.0,1510.0,NO
datos_11077030,6.616666667,-76.75,1987-12-08,1987-12-08,1987-12-08,13.0,127.0,414.0,992.0,1499.0,NO
datos_11077030,6.616666667,-76.75,1987-12-09,1987-12-09,1987-12-09,34.0,139.0,427.0,905.0,1512.0,NO
datos_11077030,6.616666667,-76.75,1987-12-10,1987-12-10,1987-12-10,59.0,173.0,435.0,939.0,1506.0,NO
datos_11077030,6.616666667,-76.75,1987-12-12,1987-12-12,1987-12-12,9.0,217.0,490.0,967.0,1565.0,NO
datos_11077030,6.616666667,-76.75,1987-12-13,1987-12-13,1987-12-13,4.0,214.0,487.0,976.0,1574.0,NO
datos_11077030,6.616666667,-76.75,1987-12-14,1987-12-14,1987-12-14,2.0,129.0,478.0,879.0,1536.0,NO
datos_11077030,6.616666667,-76.75,1987-12-21,1987-12-21,1987-12-21,9.0,74.0,412.0,678.0,1462.0,NO
datos_11077030,6.616666667,-76.75,1987-12-27,1987-12-27,1987-12-27,5.0,9.0,309.0,627.0,1376.0,NO
datos_11077030,6.616666667,-76.75,1987-12-28,1987-12-28,1987-12-28,2.0,14.0,262.0,612.0,1332.0,NO
datos_11077030,6.616666667,-76.75,1987-12-29,1987-12-29,1987-12-29,12.0,16.0,263.0,614.0,1334.0,NO
datos_11077030,6.616666667,-76.75,1987-12-30,1987-12-30,1987-12-30,3.0,28.0,275.0,626.0,1346.0,NO
datos_11077030,6.616666667,-76.75,1988-01-04,1988-01-04,1988-01-04,46.0,22.0,162.0,587.0,1286.0,NO
datos_11077030,6.616666667,-76.75,1988-01-05,1988-01-05,1988-01-05,4.0,68.0,208.0,613.0,1292.0,NO
datos_11077030,6.616666667,-76.75,1988-01-06,1988-01-06,1988-01-06,9.0,72.0,202.0,616.0,1244.0,NO
datos_11077030,6.616666667,-76.75,1988-01-07,1988-01-07,1988-01-07,9.0,81.0,211.0,625.0,1203.0,NO
datos_11077030,6.616666667,-76.75,1988-01-08,1988-01-08,1988-01-08,3.0,85.0,220.0,634.0,1112.0,NO
datos_11077030,6.616666667,-76.75,1988-01-09,1988-01-09,1988-01-09,2.0,86.0,210.0,611.0,1115.0,NO
datos_11077030,6.616666667,-76.75,1988-01-10,1988-01-10,1988-01-10,47.0,76.0,178.0,612.0,1086.0,NO
datos_11077030,6.616666667,-76.75,1988-01-15,1988-01-15,1988-01-15,1.0,120.0,151.0,627.0,927.0,NO
datos_11077030,6.616666667,-76.75,1988-01-17,1988-01-17,1988-01-17,5.0,71.0,152.0,626.0,838.0,NO
datos_11077030,6.616666667,-76.75,1988-01-30,1988-01-30,1988-01-30,3.0,0.0,129.0,389.0,748.0,NO
datos_11077030,6.616666667,-76.75,1988-02-03,1988-02-03,1988-02-03,20.0,3.0,129.0,291.0,716.0,NO
datos_11077030,6.616666667,-76.75,1988-02-09,1988-02-09,1988-02-09,7.0,23.0,78.0,254.0,688.0,NO
datos_11077030,6.616666667,-76.75,1988-02-10,1988-02-10,1988-02-10,18.0,30.0,83.0,202.0,692.0,NO
datos_11077030,6.616666667,-76.75,1988-02-13,1988-02-13,1988-02-13,1.0,45.0,54.0,207.0,685.0,NO
datos_11077030,6.616666667,-76.75,1988-02-15,1988-02-15,1988-02-15,24.0,26.0,55.0,206.0,680.0,NO
datos_11077030,6.616666667,-76.75,1988-02-17,1988-02-17,1988-02-17,6.0,50.0,78.0,230.0,694.0,NO
datos_11077030,6.616666667,-76.75,1988-02-23,1988-02-23,1988-02-23,5.0,31.0,79.0,227.0,546.0,NO
datos_11077030,6.616666667,-76.75,1988-03-04,1988-03-04,1988-03-04,2.0,5.0,81.0,210.0,372.0,NO
datos_11077030,6.616666667,-76.75,1988-03-06,1988-03-06,1988-03-06,1.0,2.0,63.0,166.0,364.0,NO
datos_11077030,6.616666667,-76.75,1988-03-08,1988-03-08,1988-03-08,20.0,3.0,64.0,154.0,365.0,NO
datos_11077030,6.616666667,-76.75,1988-04-01,1988-04-01,1988-04-01,2.0,0.0,23.0,104.0,233.0,NO
datos_11077030,6.616666667,-76.75,1988-04-02,1988-04-02,1988-04-02,2.2,2.0,25.0,106.0,235.0,NO
datos_11077030,6.616666667,-76.75,1988-04-05,1988-04-05,1988-04-05,6.0,4.2,25.2,88.2,191.2,NO
datos_11077030,6.616666667,-76.75,1988-04-06,1988-04-06,1988-04-06,10.0,10.2,31.2,94.2,193.2,NO
datos_11077030,6.616666667,-76.75,1988-04-07,1988-04-07,1988-04-07,2.0,20.2,40.2,104.2,194.2,NO
datos_11077030,6.616666667,-76.75,1988-04-10,1988-04-10,1988-04-10,1.0,22.2,22.2,106.2,182.2,NO
datos_11077030,6.616666667,-76.75,1988-04-12,1988-04-12,1988-04-12,100.0,23.2,23.2,82.2,136.2,NO
datos_11077030,6.616666667,-76.75,1988-04-13,1988-04-13,1988-04-13,4.0,121.2,123.2,182.2,236.2,NO
datos_11077030,6.616666667,-76.75,1988-04-14,1988-04-14,1988-04-14,5.0,123.0,127.2,186.2,240.2,NO
datos_11077030,6.616666667,-76.75,1988-04-15,1988-04-15,1988-04-15,50.0,128.0,132.2,190.2,245.2,NO
datos_11077030,6.616666667,-76.75,1988-04-18,1988-04-18,1988-04-18,20.0,162.0,182.2,216.2,289.2,NO
datos_11077030,6.616666667,-76.75,1988-04-19,1988-04-19,1988-04-19,50.0,180.0,202.2,230.2,309.2,NO
datos_11077030,6.616666667,-76.75,1988-04-20,1988-04-20,1988-04-20,40.0,230.0,252.2,280.2,359.2,NO
datos_11077030,6.616666667,-76.75,1988-04-21,1988-04-21,1988-04-21,10.0,270.0,292.2,320.2,399.2,NO
datos_11077030,6.616666667,-76.75,1988-04-22,1988-04-22,1988-04-22,44.0,279.0,302.2,330.2,409.2,NO
datos_11077030,6.616666667,-76.75,1988-04-23,1988-04-23,1988-04-23,40.0,323.0,346.2,374.2,453.2,NO
datos_11077030,6.616666667,-76.75,1988-04-24,1988-04-24,1988-04-24,25.0,263.0,386.2,414.2,493.2,NO
datos_11077030,6.616666667,-76.75,1988-04-25,1988-04-25,1988-04-25,10.0,284.0,411.2,434.2,518.2,NO
datos_11077030,6.616666667,-76.75,1988-04-26,1988-04-26,1988-04-26,5.0,289.0,421.2,444.2,528.2,NO
datos_11077030,6.616666667,-76.75,1988-04-27,1988-04-27,1988-04-27,5.0,244.0,426.2,449.2,533.2,NO
datos_11077030,6.616666667,-76.75,1988-04-28,1988-04-28,1988-04-28,25.0,249.0,431.2,454.2,538.2,NO
datos_11077030,6.616666667,-76.75,1988-04-29,1988-04-29,1988-04-29,22.5,274.0,456.2,479.2,563.2,NO
datos_11077030,6.616666667,-76.75,1988-04-30,1988-04-30,1988-04-30,5.0,276.5,478.7,501.7,585.7,NO
datos_11077030,6.616666667,-76.75,1988-05-03,1988-05-03,1988-05-03,5.0,181.5,481.7,506.7,587.7,NO
datos_11077030,6.616666667,-76.75,1988-05-06,1988-05-06,1988-05-06,49.0,77.5,484.5,509.7,572.7,NO
datos_11077030,6.616666667,-76.75,1988-05-08,1988-05-08,1988-05-08,1.0,111.5,517.5,557.7,621.7,NO
datos_11077030,6.616666667,-76.75,1988-05-11,1988-05-11,1988-05-11,20.0,60.0,516.5,538.7,615.7,NO
datos_11077030,6.616666667,-76.75,1988-05-12,1988-05-12,1988-05-12,4.0,75.0,535.5,558.7,617.7,NO
datos_11077030,6.616666667,-76.75,1988-05-13,1988-05-13,1988-05-13,20.0,79.0,539.5,562.7,621.7,NO
datos_11077030,6.616666667,-76.75,1988-05-15,1988-05-15,1988-05-15,5.0,94.0,455.5,582.7,640.7,NO
datos_11077030,6.616666667,-76.75,1988-05-16,1988-05-16,1988-05-16,2.0,99.0,455.5,587.7,645.7,NO
datos_11077030,6.616666667,-76.75,1988-05-17,1988-05-17,1988-05-17,1.5,101.0,407.5,589.7,623.7,NO
datos_11077030,6.616666667,-76.75,1988-05-18,1988-05-18,1988-05-18,1.0,53.5,409.0,591.2,625.2,NO
datos_11077030,6.616666667,-76.75,1988-05-19,1988-05-19,1988-05-19,9.0,54.5,410.0,592.2,620.2,NO
datos_11077030,6.616666667,-76.75,1988-05-20,1988-05-20,1988-05-20,2.0,62.5,399.0,601.2,629.2,NO
datos_11077030,6.616666667,-76.75,1988-05-21,1988-05-21,1988-05-21,7.0,64.5,351.0,603.2,631.2,NO
datos_11077030,6.616666667,-76.75,1988-05-27,1988-05-27,1988-05-27,13.0,22.5,189.0,610.2,633.2,NO
datos_11077030,6.616666667,-76.75,1988-05-29,1988-05-29,1988-05-29,2.0,32.0,192.0,623.2,646.2,NO
datos_11077030,6.616666667,-76.75,1988-05-30,1988-05-30,1988-05-30,3.0,33.0,169.0,625.2,648.2,NO
datos_11077030,6.616666667,-76.75,1988-06-01,1988-06-01,1988-06-01,4.0,25.0,144.5,628.2,651.2,NO
datos_11077030,6.616666667,-76.75,1988-06-05,1988-06-05,1988-06-05,10.0,22.0,143.5,628.0,653.2,NO
datos_11077030,6.616666667,-76.75,1988-06-09,1988-06-09,1988-06-09,3.0,19.0,103.5,620.0,642.2,NO
datos_11077030,6.616666667,-76.75,1988-06-10,1988-06-10,1988-06-10,30.0,20.0,106.5,623.0,645.2,NO
datos_11077030,6.616666667,-76.75,1988-06-12,1988-06-12,1988-06-12,70.0,47.0,116.5,652.0,675.2,NO
datos_11077030,6.616666667,-76.75,1988-06-14,1988-06-14,1988-06-14,30.0,113.0,162.5,618.0,745.2,NO
datos_11077030,6.616666667,-76.75,1988-06-15,1988-06-15,1988-06-15,20.0,143.0,192.5,643.0,775.2,NO
datos_11077030,6.616666667,-76.75,1988-06-17,1988-06-17,1988-06-17,35.0,153.0,205.5,613.0,795.2,NO
datos_11077030,6.616666667,-76.75,1988-06-18,1988-06-18,1988-06-18,1.0,188.0,239.0,648.0,830.2,NO
datos_11077030,6.616666667,-76.75,1988-06-19,1988-06-19,1988-06-19,133.0,189.0,239.0,629.0,831.2,NO
datos_11077030,6.616666667,-76.75,1988-06-21,1988-06-21,1988-06-21,4.0,319.0,361.0,672.0,964.2,NO
datos_11077030,6.616666667,-76.75,1988-06-22,1988-06-22,1988-06-22,90.0,293.0,358.0,666.0,968.2,NO
datos_11077030,6.616666667,-76.75,1988-06-23,1988-06-23,1988-06-23,20.0,383.0,448.0,712.0,1058.2,NO
datos_11077030,6.616666667,-76.75,1988-06-25,1988-06-25,1988-06-25,25.0,333.0,468.0,667.0,1078.2,NO
datos_11077030,6.616666667,-76.75,1988-06-26,1988-06-26,1988-06-26,3.0,328.0,493.0,682.0,1103.2,NO
datos_11077030,6.616666667,-76.75,1988-06-27,1988-06-27,1988-06-27,32.0,311.0,496.0,680.0,1106.2,NO
datos_11077030,6.616666667,-76.75,1988-06-28,1988-06-28,1988-06-28,5.0,343.0,515.0,707.0,1138.2,NO
datos_11077030,6.616666667,-76.75,1988-06-30,1988-06-30,1988-06-30,2.0,312.0,518.0,664.5,1143.2,NO
datos_11077030,6.616666667,-76.75,1988-07-01,1988-07-01,1988-07-01,23.0,181.0,517.0,661.5,1145.2,NO
datos_11077030,6.616666667,-76.75,1988-07-02,1988-07-02,1988-07-02,3.0,204.0,540.0,684.5,1166.2,NO
datos_11077030,6.616666667,-76.75,1988-07-03,1988-07-03,1988-07-03,23.0,203.0,539.0,687.5,1167.0,NO
datos_11077030,6.616666667,-76.75,1988-07-04,1988-07-04,1988-07-04,22.0,136.0,562.0,705.5,1190.0,NO
datos_11077030,6.616666667,-76.75,1988-07-05,1988-07-05,1988-07-05,3.0,138.0,584.0,727.5,1212.0,NO
datos_11077030,6.616666667,-76.75,1988-07-09,1988-07-09,1988-07-09,70.0,81.0,577.0,680.5,1197.0,NO
datos_11077030,6.616666667,-76.75,1988-07-11,1988-07-11,1988-07-11,48.0,146.0,644.0,750.5,1266.0,NO
datos_11077030,6.616666667,-76.75,1988-07-12,1988-07-12,1988-07-12,5.0,192.0,662.0,778.5,1314.0,NO
datos_11077030,6.616666667,-76.75,1988-07-14,1988-07-14,1988-07-14,9.0,171.0,597.0,759.5,1215.0,NO
datos_11077030,6.616666667,-76.75,1988-07-16,1988-07-16,1988-07-16,10.0,135.0,576.0,763.5,1169.0,NO
datos_11077030,6.616666667,-76.75,1988-07-17,1988-07-17,1988-07-17,75.0,142.0,566.0,771.5,1179.0,NO
datos_11077030,6.616666667,-76.75,1988-07-18,1988-07-18,1988-07-18,2.0,217.0,641.0,845.0,1254.0,NO
datos_11077030,6.616666667,-76.75,1988-07-19,1988-07-19,1988-07-19,35.0,219.0,608.0,846.0,1236.0,NO
datos_11077030,6.616666667,-76.75,1988-07-20,1988-07-20,1988-07-20,5.0,254.0,642.0,872.0,1221.0,NO
datos_11077030,6.616666667,-76.75,1988-07-21,1988-07-21,1988-07-21,3.0,189.0,514.0,875.0,1186.0,NO
datos_11077030,6.616666667,-76.75,1988-07-22,1988-07-22,1988-07-22,5.0,192.0,517.0,871.0,1179.0,NO
datos_11077030,6.616666667,-76.75,1988-07-24,1988-07-24,1988-07-24,5.0,144.0,428.0,876.0,1100.0,NO
datos_11077030,6.616666667,-76.75,1988-07-26,1988-07-26,1988-07-26,7.0,140.0,413.0,881.0,1070.0,NO
datos_11077030,6.616666667,-76.75,1988-07-29,1988-07-29,1988-07-29,15.0,62.0,360.0,875.0,1042.0,NO
datos_11077030,6.616666667,-76.75,1988-11-01,1988-11-01,1988-11-01,6.0,0.0,0.0,0.0,0.0,NO
datos_11077030,6.616666667,-76.75,1988-11-02,1988-11-02,1988-11-02,25.0,6.0,6.0,6.0,6.0,NO
datos_11077030,6.616666667,-76.75,1988-11-04,1988-11-04,1988-11-04,1.0,31.0,31.0,31.0,31.0,NO
datos_11077030,6.616666667,-76.75,1988-11-05,1988-11-05,1988-11-05,15.0,32.0,32.0,32.0,32.0,NO
datos_11077030,6.616666667,-76.75,1988-11-07,1988-11-07,1988-11-07,1.0,47.0,47.0,47.0,47.0,NO
datos_11077030,6.616666667,-76.75,1988-11-08,1988-11-08,1988-11-08,15.0,48.0,48.0,48.0,48.0,NO
datos_11077030,6.616666667,-76.75,1988-11-09,1988-11-09,1988-11-09,10.0,63.0,63.0,63.0,63.0,NO
datos_11077030,6.616666667,-76.75,1988-11-10,1988-11-10,1988-11-10,40.0,73.0,73.0,73.0,73.0,NO
datos_11077030,6.616666667,-76.75,1988-11-11,1988-11-11,1988-11-11,12.0,113.0,113.0,113.0,113.0,NO
datos_11077030,6.616666667,-76.75,1988-11-12,1988-11-12,1988-11-12,81.0,125.0,125.0,125.0,125.0,NO
datos_11077030,6.616666667,-76.75,1988-11-13,1988-11-13,1988-11-13,19.0,200.0,206.0,206.0,206.0,NO
datos_11077030,6.616666667,-76.75,1988-11-14,1988-11-14,1988-11-14,10.0,194.0,225.0,225.0,225.0,NO
datos_11077030,6.616666667,-76.75,1988-11-19,1988-11-19,1988-11-19,12.0,187.0,235.0,235.0,235.0,NO
datos_11077030,6.616666667,-76.75,1988-11-21,1988-11-21,1988-11-21,22.0,174.0,247.0,247.0,247.0,NO
datos_11077030,6.616666667,-76.75,1988-11-24,1988-11-24,1988-11-24,5.0,63.0,269.0,269.0,269.0,NO
datos_11077030,6.616666667,-76.75,1988-11-25,1988-11-25,1988-11-25,25.0,49.0,274.0,274.0,274.0,NO
datos_11077030,6.616666667,-76.75,1988-11-26,1988-11-26,1988-11-26,12.0,64.0,299.0,299.0,299.0,NO
datos_11077030,6.616666667,-76.75,1988-11-27,1988-11-27,1988-11-27,20.0,76.0,311.0,311.0,311.0,NO
datos_11077030,6.616666667,-76.75,1988-11-28,1988-11-28,1988-11-28,20.0,96.0,331.0,331.0,331.0,NO
datos_11077030,6.616666667,-76.75,1988-11-29,1988-11-29,1988-11-29,130.0,116.0,351.0,351.0,351.0,NO
datos_11077030,6.616666667,-76.75,1988-11-30,1988-11-30,1988-11-30,5.0,246.0,481.0,481.0,481.0,NO
datos_11077030,6.616666667,-76.75,1988-12-01,1988-12-01,1988-12-01,22.0,239.0,486.0,486.0,486.0,NO
datos_11077030,6.616666667,-76.75,1988-12-02,1988-12-02,1988-12-02,10.0,261.0,508.0,508.0,508.0,NO
datos_11077030,6.616666667,-76.75,1988-12-03,1988-12-03,1988-12-03,25.0,249.0,512.0,518.0,518.0,NO
datos_11077030,6.616666667,-76.75,1988-12-04,1988-12-04,1988-12-04,20.0,274.0,512.0,543.0,543.0,NO
datos_11077030,6.616666667,-76.75,1988-12-05,1988-12-05,1988-12-05,25.0,294.0,532.0,563.0,563.0,NO
datos_11077030,6.616666667,-76.75,1988-12-06,1988-12-06,1988-12-06,20.0,314.0,556.0,588.0,588.0,NO
datos_11077030,6.616666667,-76.75,1988-12-07,1988-12-07,1988-12-07,28.0,309.0,561.0,608.0,608.0,NO
datos_11077030,6.616666667,-76.75,1988-12-09,1988-12-09,1988-12-09,10.0,305.0,588.0,636.0,636.0,NO
datos_11077030,6.616666667,-76.75,1988-12-11,1988-12-11,1988-12-11,35.0,165.0,573.0,646.0,646.0,NO
datos_11077030,6.616666667,-76.75,1988-12-12,1988-12-12,1988-12-12,60.0,195.0,568.0,681.0,681.0,NO
datos_11077030,6.616666667,-76.75,1988-12-15,1988-12-15,1988-12-15,30.0,198.0,516.0,741.0,741.0,NO
datos_11077030,6.616666667,-76.75,1988-12-16,1988-12-16,1988-12-16,6.0,208.0,536.0,771.0,771.0,NO
datos_11077030,6.616666667,-76.75,1988-12-17,1988-12-17,1988-12-17,10.0,189.0,542.0,777.0,777.0,NO
datos_11077030,6.616666667,-76.75,1988-12-20,1988-12-20,1988-12-20,11.0,151.0,552.0,787.0,787.0,NO
datos_11077030,6.616666667,-76.75,1988-12-23,1988-12-23,1988-12-23,40.0,117.0,529.0,798.0,798.0,NO
datos_11077030,6.616666667,-76.75,1988-12-24,1988-12-24,1988-12-24,1.0,97.0,569.0,838.0,838.0,NO
datos_11077030,6.616666667,-76.75,1988-12-26,1988-12-26,1988-12-26,30.0,98.0,565.0,839.0,839.0,NO
datos_11077030,6.616666667,-76.75,1988-12-28,1988-12-28,1988-12-28,10.0,92.0,558.0,869.0,869.0,NO
datos_11077030,6.616666667,-76.75,1988-12-29,1988-12-29,1988-12-29,40.0,92.0,548.0,879.0,879.0,NO
datos_11077030,6.616666667,-76.75,1988-12-31,1988-12-31,1988-12-31,20.0,132.0,438.0,919.0,919.0,NO
datos_11077030,6.616666667,-76.75,1989-01-01,1989-01-01,1989-01-01,15.0,141.0,453.0,939.0,939.0,NO
datos_11077030,6.616666667,-76.75,1989-01-02,1989-01-02,1989-01-02,40.0,156.0,446.0,948.0,954.0,NO
datos_11077030,6.616666667,-76.75,1989-01-03,1989-01-03,1989-01-03,25.0,196.0,476.0,963.0,994.0,NO
datos_11077030,6.616666667,-76.75,1989-01-04,1989-01-04,1989-01-04,14.0,181.0,476.0,988.0,1019.0,NO
datos_11077030,6.616666667,-76.75,1989-01-05,1989-01-05,1989-01-05,20.0,194.0,470.0,1001.0,1033.0,NO
datos_11077030,6.616666667,-76.75,1989-01-06,1989-01-06,1989-01-06,9.0,214.0,465.0,1006.0,1053.0,NO
datos_11077030,6.616666667,-76.75,1989-01-07,1989-01-07,1989-01-07,50.0,193.0,454.0,1015.0,1062.0,NO
datos_11077030,6.616666667,-76.75,1989-01-08,1989-01-08,1989-01-08,20.0,243.0,476.0,1064.0,1112.0,NO
datos_11077030,6.616666667,-76.75,1989-01-09,1989-01-09,1989-01-09,15.0,253.0,496.0,1069.0,1132.0,NO
datos_11077030,6.616666667,-76.75,1989-01-10,1989-01-10,1989-01-10,13.0,228.0,501.0,1074.0,1147.0,NO
datos_11077030,6.616666667,-76.75,1989-01-12,1989-01-12,1989-01-12,13.0,221.0,479.0,1035.0,1160.0,NO
datos_11077030,6.616666667,-76.75,1989-01-13,1989-01-13,1989-01-13,13.5,219.0,432.0,967.0,1173.0,NO
datos_11077030,6.616666667,-76.75,1989-01-16,1989-01-16,1989-01-16,4.0,153.5,415.5,951.5,1186.5,NO
datos_11077030,6.616666667,-76.75,1989-01-17,1989-01-17,1989-01-17,2.0,137.5,413.5,955.5,1190.5,NO
datos_11077030,6.616666667,-76.75,1989-01-23,1989-01-23,1989-01-23,60.0,32.5,394.5,923.5,1192.5,NO
datos_11077030,6.616666667,-76.75,1989-01-24,1989-01-24,1989-01-24,5.0,79.5,414.5,983.5,1252.5,NO
datos_11077030,6.616666667,-76.75,1989-01-26,1989-01-26,1989-01-26,10.0,71.0,418.5,958.5,1257.5,NO
datos_11077030,6.616666667,-76.75,1989-01-30,1989-01-30,1989-01-30,4.0,75.0,348.5,786.5,1267.5,NO
datos_11077030,6.616666667,-76.75,1989-02-02,1989-02-02,1989-02-02,135.0,79.0,317.5,753.5,1240.5,NO
datos_11077030,6.616666667,-76.75,1989-02-08,1989-02-08,1989-02-08,10.0,139.0,294.5,770.5,1343.5,NO
datos_11077030,6.616666667,-76.75,1989-02-09,1989-02-09,1989-02-09,52.0,149.0,284.5,770.5,1343.5,NO
datos_11077030,6.616666667,-76.75,1989-02-10,1989-02-10,1989-02-10,2.0,201.0,321.5,822.5,1355.5,NO
datos_11077030,6.616666667,-76.75,1989-02-11,1989-02-11,1989-02-11,10.0,199.0,310.5,789.5,1345.5,NO
datos_11077030,6.616666667,-76.75,1989-02-12,1989-02-12,1989-02-12,15.0,209.0,320.5,739.5,1274.5,NO
datos_11077030,6.616666667,-76.75,1989-02-20,1989-02-20,1989-02-20,20.0,79.0,303.0,697.5,1248.5,NO
datos_11077030,6.616666667,-76.75,1989-02-21,1989-02-21,1989-02-21,10.0,47.0,323.0,717.5,1246.5,NO
datos_11077030,6.616666667,-76.75,1989-02-22,1989-02-22,1989-02-22,29.0,55.0,333.0,727.5,1256.5,NO
datos_11077030,6.616666667,-76.75,1989-02-26,1989-02-26,1989-02-26,58.0,59.0,297.0,685.5,1243.5,NO
datos_11077030,6.616666667,-76.75,1989-02-27,1989-02-27,1989-02-27,20.0,117.0,345.0,743.5,1281.5,NO
datos_11077030,6.616666667,-76.75,1989-02-28,1989-02-28,1989-02-28,10.0,137.0,365.0,753.5,1281.5,NO
datos_11077030,6.616666667,-76.75,1989-03-03,1989-03-03,1989-03-03,19.0,147.0,371.0,703.5,1134.5,NO
datos_11077030,6.616666667,-76.75,1989-03-04,1989-03-04,1989-03-04,40.0,146.0,390.0,707.5,1143.5,NO
datos_11077030,6.616666667,-76.75,1989-03-15,1989-03-15,1989-03-15,28.0,40.0,221.0,528.5,960.5,NO
datos_11077030,6.616666667,-76.75,1989-03-31,1989-03-31,1989-03-31,12.0,0.0,97.0,462.0,810.5,NO
datos_11077030,6.616666667,-76.75,1989-04-03,1989-04-03,1989-04-03,8.0,12.0,99.0,470.0,787.5,NO
datos_11077030,6.616666667,-76.75,1989-04-04,1989-04-04,1989-04-04,30.0,20.0,88.0,478.0,755.5,NO
datos_11077030,6.616666667,-76.75,1989-04-05,1989-04-05,1989-04-05,80.0,50.0,78.0,373.0,760.5,NO
datos_11077030,6.616666667,-76.75,1989-04-07,1989-04-07,1989-04-07,70.0,130.0,158.0,453.0,806.5,NO
datos_11077030,6.616666667,-76.75,1989-04-08,1989-04-08,1989-04-08,20.0,200.0,228.0,523.0,867.5,NO
datos_11077030,6.616666667,-76.75,1989-04-11,1989-04-11,1989-04-11,5.0,220.0,248.0,533.0,802.5,NO
datos_11077030,6.616666667,-76.75,1989-04-14,1989-04-14,1989-04-14,60.0,213.0,253.0,474.0,781.5,NO
datos_11077030,6.616666667,-76.75,1989-04-17,1989-04-17,1989-04-17,9.0,155.0,285.0,519.0,828.0,NO
datos_11077030,6.616666667,-76.75,1989-04-18,1989-04-18,1989-04-18,90.0,164.0,294.0,528.0,833.0,NO
datos_11077030,6.616666667,-76.75,1989-04-19,1989-04-19,1989-04-19,10.0,184.0,384.0,618.0,921.0,NO
datos_11077030,6.616666667,-76.75,1989-04-22,1989-04-22,1989-04-22,10.0,174.0,394.0,628.0,931.0,NO
datos_11077030,6.616666667,-76.75,1989-04-23,1989-04-23,1989-04-23,5.0,179.0,404.0,618.0,941.0,NO
datos_11077030,6.616666667,-76.75,1989-04-25,1989-04-25,1989-04-25,43.0,184.0,409.0,584.0,886.0,NO
datos_11077030,6.616666667,-76.75,1989-04-26,1989-04-26,1989-04-26,45.0,167.0,452.0,627.0,924.0,NO
datos_11077030,6.616666667,-76.75,1989-04-29,1989-04-29,1989-04-29,50.0,203.0,497.0,614.0,959.0,NO
datos_11077030,6.616666667,-76.75,1989-05-01,1989-05-01,1989-05-01,1.0,153.0,547.0,634.0,1009.0,NO
datos_11077030,6.616666667,-76.75,1989-05-02,1989-05-02,1989-05-02,2.0,154.0,536.0,635.0,1006.0,NO
datos_11077030,6.616666667,-76.75,1989-05-04,1989-05-04,1989-05-04,40.0,146.0,538.0,618.0,1008.0,NO
datos_11077030,6.616666667,-76.75,1989-05-06,1989-05-06,1989-05-06,48.0,181.0,540.0,618.0,913.0,NO
datos_11077030,6.616666667,-76.75,1989-05-07,1989-05-07,1989-05-07,36.0,186.0,508.0,666.0,961.0,NO
datos_11077030,6.616666667,-76.75,1989-05-08,1989-05-08,1989-05-08,20.0,177.0,544.0,702.0,997.0,NO
datos_11077030,6.616666667,-76.75,1989-05-10,1989-05-10,1989-05-10,78.0,197.0,474.0,722.0,1017.0,NO
datos_11077030,6.616666667,-76.75,1989-05-11,1989-05-11,1989-05-11,64.0,225.0,552.0,800.0,1085.0,NO
datos_11077030,6.616666667,-76.75,1989-05-14,1989-05-14,1989-05-14,4.0,286.0,611.0,864.0,1085.0,NO
datos_11077030,6.616666667,-76.75,1989-05-15,1989-05-15,1989-05-15,1.0,290.0,615.0,868.0,1074.0,NO
datos_11077030,6.616666667,-76.75,1989-05-18,1989-05-18,1989-05-18,14.0,203.0,556.0,841.0,1075.0,NO
datos_11077030,6.616666667,-76.75,1989-05-20,1989-05-20,1989-05-20,79.0,161.0,471.0,855.0,1089.0,NO
datos_11077030,6.616666667,-76.75,1989-05-21,1989-05-21,1989-05-21,100.0,240.0,540.0,934.0,1168.0,NO
datos_11077030,6.616666667,-76.75,1989-05-23,1989-05-23,1989-05-23,8.0,198.0,640.0,1034.0,1248.0,NO
datos_11077030,6.616666667,-76.75,1989-05-25,1989-05-25,1989-05-25,104.0,206.0,633.0,1042.0,1217.0,NO
datos_11077030,6.616666667,-76.75,1989-05-26,1989-05-26,1989-05-26,80.0,306.0,737.0,1146.0,1321.0,NO
datos_11077030,6.616666667,-76.75,1989-05-28,1989-05-28,1989-05-28,36.0,385.0,729.0,1226.0,1401.0,NO
datos_11077030,6.616666667,-76.75,1989-05-29,1989-05-29,1989-05-29,28.0,421.0,765.0,1262.0,1379.0,NO
datos_11077030,6.616666667,-76.75,1989-05-31,1989-05-31,1989-05-31,15.0,435.0,743.0,1290.0,1377.0,NO
datos_11077030,6.616666667,-76.75,1989-06-01,1989-06-01,1989-06-01,94.0,371.0,758.0,1293.0,1392.0,NO
datos_11077030,6.616666667,-76.75,1989-06-03,1989-06-03,1989-06-03,6.0,365.0,849.0,1387.0,1467.0,NO
datos_11077030,6.616666667,-76.75,1989-06-04,1989-06-04,1989-06-04,30.0,363.0,855.0,1385.0,1433.0,NO
datos_11077030,6.616666667,-76.75,1989-06-08,1989-06-08,1989-06-08,110.0,209.0,761.0,1235.0,1463.0,NO
datos_11077030,6.616666667,-76.75,1989-06-09,1989-06-09,1989-06-09,15.0,283.0,851.0,1325.0,1573.0,NO
datos_11077030,6.616666667,-76.75,1989-06-11,1989-06-11,1989-06-11,10.0,270.0,788.0,1340.0,1588.0,NO
datos_11077030,6.616666667,-76.75,1989-06-16,1989-06-16,1989-06-16,22.0,135.0,729.0,1285.0,1570.0,NO
datos_11077030,6.616666667,-76.75,1989-06-17,1989-06-17,1989-06-17,60.0,157.0,751.0,1307.0,1592.0,NO
datos_11077030,6.616666667,-76.75,1989-06-18,1989-06-18,1989-06-18,10.0,217.0,811.0,1358.0,1652.0,NO
datos_11077030,6.616666667,-76.75,1989-06-19,1989-06-19,1989-06-19,11.0,227.0,807.0,1278.0,1662.0,NO
datos_11077030,6.616666667,-76.75,1989-06-20,1989-06-20,1989-06-20,30.0,128.0,818.0,1279.0,1673.0,NO
datos_11077030,6.616666667,-76.75,1989-06-21,1989-06-21,1989-06-21,40.0,143.0,769.0,1309.0,1703.0,NO
datos_11077030,6.616666667,-76.75,1989-06-22,1989-06-22,1989-06-22,10.0,183.0,709.0,1349.0,1743.0,NO
datos_11077030,6.616666667,-76.75,1989-06-23,1989-06-23,1989-06-23,10.0,183.0,719.0,1349.0,1753.0,NO
datos_11077030,6.616666667,-76.75,1989-06-25,1989-06-25,1989-06-25,30.0,193.0,721.0,1354.0,1763.0,NO
datos_11077030,6.616666667,-76.75,1989-06-26,1989-06-26,1989-06-26,109.0,223.0,647.0,1341.0,1793.0,NO
datos_11077030,6.616666667,-76.75,1989-06-27,1989-06-27,1989-06-27,10.0,332.0,676.0,1405.0,1902.0,NO
datos_11077030,6.616666667,-76.75,1989-06-28,1989-06-28,1989-06-28,13.0,320.0,686.0,1415.0,1912.0,NO
datos_11077030,6.616666667,-76.75,1989-06-30,1989-06-30,1989-06-30,13.0,263.0,635.0,1378.0,1925.0,NO
datos_11077030,6.616666667,-76.75,1989-07-04,1989-07-04,1989-07-04,23.0,185.0,539.0,1388.0,1918.0,NO
datos_11077030,6.616666667,-76.75,1989-07-05,1989-07-05,1989-07-05,19.0,198.0,556.0,1371.0,1911.0,NO
datos_11077030,6.616666667,-76.75,1989-07-06,1989-07-06,1989-07-06,24.0,217.0,545.0,1390.0,1850.0,NO
datos_11077030,6.616666667,-76.75,1989-07-08,1989-07-08,1989-07-08,22.0,102.0,569.0,1330.0,1804.0,NO
datos_11077030,6.616666667,-76.75,1989-07-13,1989-07-13,1989-07-13,25.0,88.0,456.0,1190.0,1801.0,NO
datos_11077030,6.616666667,-76.75,1989-07-16,1989-07-16,1989-07-16,20.0,90.0,481.0,1210.0,1766.0,NO
datos_11077030,6.616666667,-76.75,1989-07-17,1989-07-17,1989-07-17,20.0,91.0,501.0,1230.0,1786.0,NO
datos_11077030,6.616666667,-76.75,1989-07-18,1989-07-18,1989-07-18,118.0,87.0,499.0,1250.0,1797.0,NO
datos_11077030,6.616666667,-76.75,1989-07-19,1989-07-19,1989-07-19,74.0,205.0,557.0,1354.0,1825.0,NO
datos_11077030,6.616666667,-76.75,1989-07-20,1989-07-20,1989-07-20,30.0,257.0,621.0,1428.0,1889.0,NO
datos_11077030,6.616666667,-76.75,1989-07-21,1989-07-21,1989-07-21,16.0,287.0,640.0,1379.0,1919.0,NO
datos_11077030,6.616666667,-76.75,1989-07-23,1989-07-23,1989-07-23,10.0,303.0,586.0,1295.0,1925.0,NO
datos_11077030,6.616666667,-76.75,1989-07-24,1989-07-24,1989-07-24,64.0,313.0,586.0,1297.0,1930.0,NO
datos_11077030,6.616666667,-76.75,1989-07-25,1989-07-25,1989-07-25,30.0,352.0,640.0,1361.0,1994.0,NO
datos_11077030,6.616666667,-76.75,1989-07-26,1989-07-26,1989-07-26,10.0,382.0,670.0,1287.0,1981.0,NO
datos_11077030,6.616666667,-76.75,1989-07-29,1989-07-29,1989-07-29,10.0,352.0,531.0,1181.0,1946.0,NO
datos_11077030,6.616666667,-76.75,1989-07-30,1989-07-30,1989-07-30,19.0,244.0,528.0,1163.0,1906.0,NO
datos_11077030,6.616666667,-76.75,1989-07-31,1989-07-31,1989-07-31,15.0,189.0,547.0,1182.0,1925.0,NO
datos_11077030,6.616666667,-76.75,1989-08-01,1989-08-01,1989-08-01,10.0,174.0,549.0,1182.0,1939.0,NO
datos_11077030,6.616666667,-76.75,1989-08-02,1989-08-02,1989-08-02,140.0,168.0,559.0,1098.0,1947.0,NO
datos_11077030,6.616666667,-76.75,1989-08-04,1989-08-04,1989-08-04,30.0,298.0,699.0,1232.0,2047.0,NO
datos_11077030,6.616666667,-76.75,1989-08-05,1989-08-05,1989-08-05,50.0,264.0,706.0,1232.0,2077.0,NO
datos_11077030,6.616666667,-76.75,1989-08-07,1989-08-07,1989-08-07,50.0,274.0,713.0,1282.0,2043.0,NO
datos_11077030,6.616666667,-76.75,1989-08-08,1989-08-08,1989-08-08,90.0,324.0,763.0,1332.0,2073.0,NO
datos_11077030,6.616666667,-76.75,1989-08-09,1989-08-09,1989-08-09,10.0,414.0,831.0,1312.0,2163.0,NO
datos_11077030,6.616666667,-76.75,1989-08-11,1989-08-11,1989-08-11,40.0,395.0,841.0,1307.0,2031.0,NO
datos_11077030,6.616666667,-76.75,1989-08-12,1989-08-12,1989-08-12,50.0,420.0,881.0,1337.0,2071.0,NO
datos_11077030,6.616666667,-76.75,1989-08-13,1989-08-13,1989-08-13,30.0,460.0,931.0,1387.0,2121.0,NO
datos_11077030,6.616666667,-76.75,1989-08-14,1989-08-14,1989-08-14,20.0,350.0,936.0,1417.0,2147.0,NO
datos_11077030,6.616666667,-76.75,1989-08-15,1989-08-15,1989-08-15,12.0,370.0,956.0,1437.0,2166.0,NO
datos_11077030,6.616666667,-76.75,1989-08-16,1989-08-16,1989-08-16,12.0,352.0,968.0,1449.0,2178.0,NO
datos_11077030,6.616666667,-76.75,1989-08-19,1989-08-19,1989-08-19,50.0,264.0,822.0,1369.0,2176.0,NO
datos_11077030,6.616666667,-76.75,1989-08-22,1989-08-22,1989-08-22,55.0,214.0,752.0,1338.0,2047.0,NO
datos_11077030,6.616666667,-76.75,1989-08-23,1989-08-23,1989-08-23,20.0,229.0,807.0,1383.0,2094.0,NO
datos_11077030,6.616666667,-76.75,1989-08-24,1989-08-24,1989-08-24,39.0,199.0,817.0,1393.0,2114.0,NO
datos_11077030,6.616666667,-76.75,1989-08-27,1989-08-27,1989-08-27,28.0,176.0,752.0,1293.0,1969.0,NO
datos_11077030,6.616666667,-76.75,1989-08-28,1989-08-28,1989-08-28,90.0,192.0,780.0,1311.0,1961.0,NO
datos_11077030,6.616666667,-76.75,1989-08-30,1989-08-30,1989-08-30,10.0,282.0,860.0,1388.0,2023.0,NO
datos_11077030,6.616666667,-76.75,1989-09-02,1989-09-02,1989-09-02,11.0,242.0,826.0,1385.0,1924.0,NO
datos_11077030,6.616666667,-76.75,1989-09-03,1989-09-03,1989-09-03,5.0,198.0,697.0,1396.0,1929.0,NO
datos_11077030,6.616666667,-76.75,1989-09-04,1989-09-04,1989-09-04,40.0,183.0,702.0,1378.0,1904.0,NO
datos_11077030,6.616666667,-76.75,1989-09-05,1989-09-05,1989-09-05,5.0,184.0,712.0,1399.0,1944.0,NO
datos_11077030,6.616666667,-76.75,1989-09-06,1989-09-06,1989-09-06,20.0,189.0,667.0,1380.0,1949.0,NO
datos_11077030,6.616666667,-76.75,1989-09-07,1989-09-07,1989-09-07,4.0,209.0,687.0,1400.0,1969.0,NO
datos_11077030,6.616666667,-76.75,1989-09-08,1989-09-08,1989-09-08,65.0,185.0,641.0,1382.0,1863.0,NO
datos_11077030,6.616666667,-76.75,1989-09-13,1989-09-13,1989-09-13,30.0,150.0,516.0,1422.0,1903.0,NO
datos_11077030,6.616666667,-76.75,1989-09-17,1989-09-17,1989-09-17,4.0,119.0,472.0,1412.0,1851.0,NO
datos_11077030,6.616666667,-76.75,1989-09-18,1989-09-18,1989-09-18,10.0,103.0,476.0,1298.0,1845.0,NO
datos_11077030,6.616666667,-76.75,1989-09-21,1989-09-21,1989-09-21,34.0,44.0,436.0,1188.0,1774.0,NO
datos_11077030,6.616666667,-76.75,1989-09-22,1989-09-22,1989-09-22,5.0,78.0,470.0,1222.0,1798.0,NO
datos_11077030,6.616666667,-76.75,1989-09-25,1989-09-25,1989-09-25,80.0,53.0,361.0,1123.0,1763.0,NO
datos_11077030,6.616666667,-76.75,1989-09-26,1989-09-26,1989-09-26,84.0,133.0,441.0,1193.0,1734.0,NO
datos_11077030,6.616666667,-76.75,1989-09-28,1989-09-28,1989-09-28,2.0,217.0,497.0,1277.0,1795.0,NO
datos_11077030,6.616666667,-76.75,1989-09-29,1989-09-29,1989-09-29,1.0,215.0,409.0,1269.0,1797.0,NO
datos_11077030,6.616666667,-76.75,1989-09-30,1989-09-30,1989-09-30,14.0,206.0,410.0,1251.0,1785.0,NO
datos_11077030,6.616666667,-76.75,1989-10-01,1989-10-01,1989-10-01,13.0,220.0,414.0,1250.0,1799.0,NO
datos_11077030,6.616666667,-76.75,1989-10-02,1989-10-02,1989-10-02,2.0,233.0,427.0,1253.0,1812.0,NO
datos_11077030,6.616666667,-76.75,1989-10-03,1989-10-03,1989-10-03,3.0,201.0,429.0,1115.0,1814.0,NO
datos_11077030,6.616666667,-76.75,1989-10-06,1989-10-06,1989-10-06,6.0,199.0,376.0,1038.0,1751.0,NO
datos_11077030,6.616666667,-76.75,1989-10-07,1989-10-07,1989-10-07,60.0,125.0,377.0,1044.0,1757.0,NO
datos_11077030,6.616666667,-76.75,1989-10-08,1989-10-08,1989-10-08,20.0,101.0,417.0,1054.0,1795.0,NO
datos_11077030,6.616666667,-76.75,1989-10-09,1989-10-09,1989-10-09,5.0,121.0,433.0,984.0,1815.0,NO
datos_11077030,6.616666667,-76.75,1989-10-10,1989-10-10,1989-10-10,10.0,124.0,373.0,979.0,1820.0,NO
datos_11077030,6.616666667,-76.75,1989-10-12,1989-10-12,1989-10-12,3.0,119.0,383.0,949.0,1830.0,NO
datos_11077030,6.616666667,-76.75,1989-10-13,1989-10-13,1989-10-13,60.0,109.0,386.0,902.0,1808.0,NO
datos_11077030,6.616666667,-76.75,1989-10-14,1989-10-14,1989-10-14,10.0,167.0,446.0,932.0,1868.0,NO
datos_11077030,6.616666667,-76.75,1989-10-15,1989-10-15,1989-10-15,15.0,174.0,426.0,922.0,1878.0,NO
datos_11077030,6.616666667,-76.75,1989-10-17,1989-10-17,1989-10-17,5.0,189.0,441.0,913.0,1853.0,NO
datos_11077030,6.616666667,-76.75,1989-10-18,1989-10-18,1989-10-18,30.0,188.0,446.0,918.0,1740.0,NO
datos_11077030,6.616666667,-76.75,1989-10-19,1989-10-19,1989-10-19,5.0,158.0,472.0,948.0,1696.0,NO
datos_11077030,6.616666667,-76.75,1989-10-21,1989-10-21,1989-10-21,6.0,138.0,467.0,903.0,1655.0,NO
datos_11077030,6.616666667,-76.75,1989-10-22,1989-10-22,1989-10-22,16.0,134.0,473.0,909.0,1661.0,NO
datos_11077030,6.616666667,-76.75,1989-10-23,1989-10-23,1989-10-23,39.0,150.0,455.0,870.0,1667.0,NO
datos_11077030,6.616666667,-76.75,1989-10-26,1989-10-26,1989-10-26,70.0,116.0,489.0,850.0,1602.0,NO
datos_11077030,6.616666667,-76.75,1989-10-27,1989-10-27,1989-10-27,7.0,171.0,479.0,920.0,1672.0,NO
datos_11077030,6.616666667,-76.75,1989-10-30,1989-10-30,1989-10-30,8.0,143.0,400.0,809.0,1650.0,NO
datos_11077030,6.616666667,-76.75,1989-10-31,1989-10-31,1989-10-31,52.0,146.0,407.0,807.0,1643.0,NO
datos_11077030,6.616666667,-76.75,1989-11-02,1989-11-02,1989-11-02,2.0,192.0,432.0,859.0,1545.0,NO
datos_11077030,6.616666667,-76.75,1989-11-03,1989-11-03,1989-11-03,4.0,178.0,432.0,850.0,1547.0,NO
datos_11077030,6.616666667,-76.75,1989-11-04,1989-11-04,1989-11-04,24.0,143.0,433.0,849.0,1521.0,NO
datos_11077030,6.616666667,-76.75,1989-11-05,1989-11-05,1989-11-05,21.0,167.0,457.0,833.0,1495.0,NO
datos_11077030,6.616666667,-76.75,1989-11-06,1989-11-06,1989-11-06,50.0,188.0,478.0,849.0,1516.0,NO
datos_11077030,6.616666667,-76.75,1989-11-10,1989-11-10,1989-11-10,23.0,161.0,437.0,810.0,1416.0,NO
datos_11077030,6.616666667,-76.75,1989-11-15,1989-11-15,1989-11-15,21.0,118.0,377.0,803.0,1287.0,NO
datos_11077030,6.616666667,-76.75,1989-11-16,1989-11-16,1989-11-16,17.0,115.0,383.0,824.0,1296.0,NO
datos_11077030,6.616666667,-76.75,1989-11-18,1989-11-18,1989-11-18,8.0,61.0,395.0,837.0,1313.0,NO
datos_11077030,6.616666667,-76.75,1989-11-20,1989-11-20,1989-11-20,20.0,69.0,368.0,835.0,1271.0,NO
datos_11077030,6.616666667,-76.75,1989-11-23,1989-11-23,1989-11-23,70.0,66.0,366.0,816.0,1216.0,NO
datos_11077030,6.616666667,-76.75,1989-11-25,1989-11-25,1989-11-25,12.0,136.0,397.0,886.0,1247.0,NO
datos_11077030,6.616666667,-76.75,1989-11-26,1989-11-26,1989-11-26,4.0,148.0,409.0,818.0,1259.0,NO
datos_11077030,6.616666667,-76.75,1989-11-27,1989-11-27,1989-11-27,7.0,131.0,343.0,738.0,1235.0,NO
datos_11077030,6.616666667,-76.75,1989-11-28,1989-11-28,1989-11-28,60.0,121.0,343.0,745.0,1152.0,NO
datos_11077030,6.616666667,-76.75,1989-11-29,1989-11-29,1989-11-29,7.0,181.0,403.0,803.0,1212.0,NO
datos_11077030,6.616666667,-76.75,1989-11-30,1989-11-30,1989-11-30,6.0,180.0,410.0,809.0,1209.0,NO
datos_11077030,6.616666667,-76.75,1989-12-01,1989-12-01,1989-12-01,6.0,186.0,408.0,801.0,1215.0,NO
datos_11077030,6.616666667,-76.75,1989-12-03,1989-12-03,1989-12-03,7.0,172.0,362.0,792.0,1210.0,NO
datos_11077030,6.616666667,-76.75,1989-12-05,1989-12-05,1989-12-05,1.0,109.0,363.0,796.0,1172.0,NO
datos_11077030,6.616666667,-76.75,1989-12-06,1989-12-06,1989-12-06,15.0,110.0,340.0,797.0,1168.0,NO
datos_11077030,6.616666667,-76.75,1989-12-07,1989-12-07,1989-12-07,60.0,113.0,334.0,806.0,1163.0,NO
datos_11077030,6.616666667,-76.75,1989-12-08,1989-12-08,1989-12-08,27.0,169.0,344.0,806.0,1219.0,NO
datos_11077030,6.616666667,-76.75,1989-12-09,1989-12-09,1989-12-09,4.0,189.0,371.0,813.0,1181.0,NO
datos_11077030,6.616666667,-76.75,1989-12-10,1989-12-10,1989-12-10,3.0,133.0,375.0,812.0,1185.0,NO
datos_11077030,6.616666667,-76.75,1989-12-11,1989-12-11,1989-12-11,11.0,129.0,378.0,805.0,1188.0,NO
datos_11077030,6.616666667,-76.75,1989-12-12,1989-12-12,1989-12-12,6.0,134.0,366.0,816.0,1199.0,NO
datos_11077030,6.616666667,-76.75,1989-12-14,1989-12-14,1989-12-14,20.0,134.0,372.0,759.0,1175.0,NO
datos_11077030,6.616666667,-76.75,1989-12-15,1989-12-15,1989-12-15,6.0,147.0,392.0,769.0,1195.0,NO
datos_11077030,6.616666667,-76.75,1989-12-17,1989-12-17,1989-12-17,8.0,152.0,377.0,760.0,1201.0,NO
datos_11077030,6.616666667,-76.75,1989-12-18,1989-12-18,1989-12-18,6.0,145.0,368.0,763.0,1205.0,NO
datos_11077030,6.616666667,-76.75,1989-12-20,1989-12-20,1989-12-20,8.0,64.0,366.0,734.0,1201.0,NO
datos_11077030,6.616666667,-76.75,1989-12-22,1989-12-22,1989-12-22,7.0,65.0,354.0,736.0,1175.0,NO
datos_11077030,6.616666667,-76.75,1989-12-23,1989-12-23,1989-12-23,40.0,61.0,361.0,727.0,1177.0,NO
datos_11077030,6.616666667,-76.75,1989-12-24,1989-12-24,1989-12-24,4.0,95.0,401.0,728.0,1217.0,NO
datos_11077030,6.616666667,-76.75,1989-12-30,1989-12-30,1989-12-30,10.0,59.0,252.0,655.0,1054.0,NO
datos_11077030,6.616666667,-76.75,1990-01-02,1990-01-02,1990-01-02,5.0,61.0,243.0,605.0,1035.0,NO
datos_11077030,6.616666667,-76.75,1990-01-06,1990-01-06,1990-01-06,2.0,15.0,240.0,559.0,1031.0,NO
datos_11077030,6.616666667,-76.75,1990-01-07,1990-01-07,1990-01-07,4.0,17.0,227.0,511.0,973.0,NO
datos_11077030,6.616666667,-76.75,1990-01-08,1990-01-08,1990-01-08,2.0,21.0,171.0,515.0,957.0,NO
datos_11077030,6.616666667,-76.75,1990-01-09,1990-01-09,1990-01-09,30.0,23.0,146.0,517.0,954.0,NO
datos_11077030,6.616666667,-76.75,1990-01-10,1990-01-10,1990-01-10,18.0,53.0,172.0,547.0,974.0,NO
datos_11077030,6.616666667,-76.75,1990-01-11,1990-01-11,1990-01-11,16.0,61.0,187.0,542.0,992.0,NO
datos_11077030,6.616666667,-76.75,1990-01-14,1990-01-14,1990-01-14,8.0,72.0,186.0,558.0,935.0,NO
datos_11077030,6.616666667,-76.75,1990-01-15,1990-01-15,1990-01-15,45.0,80.0,174.0,566.0,928.0,NO
datos_11077030,6.616666667,-76.75,1990-01-16,1990-01-16,1990-01-16,4.0,125.0,213.0,590.0,973.0,NO
datos_11077030,6.616666667,-76.75,1990-01-17,1990-01-17,1990-01-17,19.0,129.0,217.0,577.0,972.0,NO
datos_11077030,6.616666667,-76.75,1990-01-18,1990-01-18,1990-01-18,13.0,146.0,228.0,596.0,961.0,NO
datos_11077030,6.616666667,-76.75,1990-02-03,1990-02-03,1990-02-03,38.0,0.0,161.0,402.0,765.0,NO
datos_11077030,6.616666667,-76.75,1990-02-04,1990-02-04,1990-02-04,8.0,38.0,199.0,440.0,779.0,NO
datos_11077030,6.616666667,-76.75,1990-02-10,1990-02-10,1990-02-10,18.0,46.0,169.0,338.0,693.0,NO
datos_11077030,6.616666667,-76.75,1990-02-14,1990-02-14,1990-02-14,84.0,64.0,153.0,319.0,711.0,NO
datos_11077030,6.616666667,-76.75,1990-02-25,1990-02-25,1990-02-25,10.0,84.0,148.0,324.0,647.0,NO
datos_11077030,6.616666667,-76.75,1990-03-06,1990-03-06,1990-03-06,23.0,10.0,158.0,319.0,560.0,NO
datos_11077030,6.616666667,-76.75,1990-03-10,1990-03-10,1990-03-10,2.0,23.0,135.0,336.0,480.0,NO
datos_11077030,6.616666667,-76.75,1990-03-13,1990-03-13,1990-03-13,16.0,25.0,137.0,288.0,464.0,NO
datos_11077030,6.616666667,-76.75,1990-03-14,1990-03-14,1990-03-14,16.0,41.0,135.0,288.0,474.0,NO
datos_11077030,6.616666667,-76.75,1990-03-16,1990-03-16,1990-03-16,20.0,57.0,151.0,304.0,470.0,NO
datos_11077030,6.616666667,-76.75,1990-03-18,1990-03-18,1990-03-18,10.0,54.0,87.0,271.0,484.0,NO
datos_11077030,6.616666667,-76.75,1990-03-20,1990-03-20,1990-03-20,15.0,64.0,97.0,258.0,480.0,NO
datos_11077030,6.616666667,-76.75,1990-03-21,1990-03-21,1990-03-21,4.0,79.0,112.0,260.0,495.0,NO
datos_11077030,6.616666667,-76.75,1990-03-23,1990-03-23,1990-03-23,3.0,81.0,116.0,264.0,491.0,NO
datos_11077030,6.616666667,-76.75,1990-04-07,1990-04-07,1990-04-07,23.0,0.0,86.0,221.0,428.0,NO
datos_11077030,6.616666667,-76.75,1990-04-10,1990-04-10,1990-04-10,2.0,23.0,109.0,244.0,443.0,NO
datos_11077030,6.616666667,-76.75,1990-04-11,1990-04-11,1990-04-11,2.0,25.0,109.0,246.0,415.0,NO
datos_11077030,6.616666667,-76.75,1990-04-14,1990-04-14,1990-04-14,50.0,27.0,95.0,230.0,383.0,NO
datos_11077030,6.616666667,-76.75,1990-04-15,1990-04-15,1990-04-15,30.0,77.0,129.0,280.0,433.0,NO
datos_11077030,6.616666667,-76.75,1990-04-17,1990-04-17,1990-04-17,2.0,107.0,139.0,226.0,410.0,NO
datos_11077030,6.616666667,-76.75,1990-04-19,1990-04-19,1990-04-19,15.0,86.0,131.0,228.0,389.0,NO
datos_11077030,6.616666667,-76.75,1990-04-20,1990-04-20,1990-04-20,7.0,101.0,146.0,243.0,391.0,NO
datos_11077030,6.616666667,-76.75,1990-04-26,1990-04-26,1990-04-26,22.0,54.0,131.0,250.0,398.0,NO
datos_11077030,6.616666667,-76.75,1990-04-27,1990-04-27,1990-04-27,28.0,46.0,153.0,272.0,420.0,NO
datos_11077030,6.616666667,-76.75,1990-04-30,1990-04-30,1990-04-30,26.0,72.0,181.0,290.0,448.0,NO
datos_11077030,6.616666667,-76.75,1990-05-01,1990-05-01,1990-05-01,50.0,83.0,207.0,316.0,474.0,NO
datos_11077030,6.616666667,-76.75,1990-05-03,1990-05-03,1990-05-03,50.0,126.0,257.0,366.0,524.0,NO
datos_11077030,6.616666667,-76.75,1990-05-04,1990-05-04,1990-05-04,40.0,176.0,307.0,416.0,574.0,NO
datos_11077030,6.616666667,-76.75,1990-05-06,1990-05-06,1990-05-06,6.0,216.0,347.0,456.0,576.0,NO
datos_11077030,6.616666667,-76.75,1990-05-07,1990-05-07,1990-05-07,4.0,222.0,353.0,439.0,574.0,NO
datos_11077030,6.616666667,-76.75,1990-05-08,1990-05-08,1990-05-08,75.0,204.0,357.0,443.0,578.0,NO
datos_11077030,6.616666667,-76.75,1990-05-09,1990-05-09,1990-05-09,80.0,251.0,409.0,518.0,653.0,NO
datos_11077030,6.616666667,-76.75,1990-05-10,1990-05-10,1990-05-10,4.0,331.0,489.0,598.0,733.0,NO
datos_11077030,6.616666667,-76.75,1990-05-11,1990-05-11,1990-05-11,6.0,335.0,493.0,600.0,737.0,NO
datos_11077030,6.616666667,-76.75,1990-05-13,1990-05-13,1990-05-13,2.0,265.0,495.0,606.0,725.0,NO
datos_11077030,6.616666667,-76.75,1990-05-16,1990-05-16,1990-05-16,34.0,177.0,447.0,576.0,727.0,NO
datos_11077030,6.616666667,-76.75,1990-05-17,1990-05-17,1990-05-17,16.0,211.0,451.0,590.0,677.0,NO
datos_11077030,6.616666667,-76.75,1990-05-19,1990-05-19,1990-05-19,11.0,217.0,465.0,596.0,693.0,NO
datos_11077030,6.616666667,-76.75,1990-05-21,1990-05-21,1990-05-21,128.0,73.0,461.0,592.0,704.0,NO
datos_11077030,6.616666667,-76.75,1990-05-22,1990-05-22,1990-05-22,9.0,197.0,582.0,716.0,832.0,NO
datos_11077030,6.616666667,-76.75,1990-05-23,1990-05-23,1990-05-23,30.0,200.0,591.0,725.0,841.0,NO
datos_11077030,6.616666667,-76.75,1990-05-24,1990-05-24,1990-05-24,21.0,230.0,621.0,752.0,871.0,NO
datos_11077030,6.616666667,-76.75,1990-05-26,1990-05-26,1990-05-26,4.0,249.0,642.0,773.0,892.0,NO
datos_11077030,6.616666667,-76.75,1990-05-27,1990-05-27,1990-05-27,94.0,253.0,646.0,777.0,896.0,NO
datos_11077030,6.616666667,-76.75,1990-05-29,1990-05-29,1990-05-29,5.0,297.0,690.0,871.0,980.0,NO
datos_11077030,6.616666667,-76.75,1990-05-30,1990-05-30,1990-05-30,30.0,302.0,695.0,876.0,985.0,NO
datos_11077030,6.616666667,-76.75,1990-06-02,1990-06-02,1990-06-02,10.0,193.0,649.0,906.0,1015.0,NO
datos_11077030,6.616666667,-76.75,1990-06-04,1990-06-04,1990-06-04,30.0,164.0,609.0,916.0,1025.0,NO
datos_11077030,6.616666667,-76.75,1990-06-05,1990-06-05,1990-06-05,6.0,173.0,599.0,946.0,1055.0,NO
datos_11077030,6.616666667,-76.75,1990-06-07,1990-06-07,1990-06-07,3.0,175.0,599.0,952.0,1038.0,NO
datos_11077030,6.616666667,-76.75,1990-06-08,1990-06-08,1990-06-08,30.0,84.0,598.0,932.0,1041.0,NO
datos_11077030,6.616666667,-76.75,1990-06-09,1990-06-09,1990-06-09,5.0,114.0,553.0,962.0,1071.0,NO
datos_11077030,6.616666667,-76.75,1990-06-10,1990-06-10,1990-06-10,15.0,114.0,478.0,967.0,1074.0,NO
datos_11077030,6.616666667,-76.75,1990-06-11,1990-06-11,1990-06-11,3.0,99.0,489.0,980.0,1089.0,NO
datos_11077030,6.616666667,-76.75,1990-06-12,1990-06-12,1990-06-12,16.0,102.0,486.0,981.0,1092.0,NO
datos_11077030,6.616666667,-76.75,1990-06-16,1990-06-16,1990-06-16,17.0,78.0,500.0,917.0,1056.0,NO
datos_11077030,6.616666667,-76.75,1990-06-17,1990-06-17,1990-06-17,10.0,89.0,483.0,934.0,1073.0,NO
datos_11077030,6.616666667,-76.75,1990-06-19,1990-06-19,1990-06-19,80.0,96.0,477.0,942.0,1073.0,NO
datos_11077030,6.616666667,-76.75,1990-06-20,1990-06-20,1990-06-20,20.0,146.0,546.0,1007.0,1138.0,NO
datos_11077030,6.616666667,-76.75,1990-06-21,1990-06-21,1990-06-21,13.0,161.0,566.0,1020.0,1154.0,NO
datos_11077030,6.616666667,-76.75,1990-06-22,1990-06-22,1990-06-22,90.0,159.0,451.0,1033.0,1167.0,NO
datos_11077030,6.616666667,-76.75,1990-06-23,1990-06-23,1990-06-23,76.0,246.0,532.0,1123.0,1254.0,NO
datos_11077030,6.616666667,-76.75,1990-06-25,1990-06-25,1990-06-25,20.0,306.0,557.0,1199.0,1330.0,NO
datos_11077030,6.616666667,-76.75,1990-06-26,1990-06-26,1990-06-26,4.0,326.0,577.0,1219.0,1350.0,NO
datos_11077030,6.616666667,-76.75,1990-06-27,1990-06-27,1990-06-27,50.0,330.0,577.0,1201.0,1354.0,NO
datos_11077030,6.616666667,-76.75,1990-06-28,1990-06-28,1990-06-28,10.0,363.0,533.0,1223.0,1404.0,NO
datos_11077030,6.616666667,-76.75,1990-06-29,1990-06-29,1990-06-29,20.0,363.0,543.0,1233.0,1414.0,NO
datos_11077030,6.616666667,-76.75,1990-07-02,1990-07-02,1990-07-02,40.0,283.0,528.0,1177.0,1434.0,NO
datos_11077030,6.616666667,-76.75,1990-07-04,1990-07-04,1990-07-04,46.0,220.0,558.0,1167.0,1474.0,NO
datos_11077030,6.616666667,-76.75,1990-07-05,1990-07-05,1990-07-05,40.0,190.0,604.0,1173.0,1520.0,NO
datos_11077030,6.616666667,-76.75,1990-07-06,1990-07-06,1990-07-06,6.0,230.0,614.0,1213.0,1560.0,NO
datos_11077030,6.616666667,-76.75,1990-07-12,1990-07-12,1990-07-12,38.0,132.0,561.0,1044.0,1539.0,NO
datos_11077030,6.616666667,-76.75,1990-07-13,1990-07-13,1990-07-13,40.0,170.0,596.0,1082.0,1577.0,NO
datos_11077030,6.616666667,-76.75,1990-07-15,1990-07-15,1990-07-15,39.0,170.0,620.0,1120.0,1567.0,NO
datos_11077030,6.616666667,-76.75,1990-07-16,1990-07-16,1990-07-16,83.0,163.0,659.0,1159.0,1576.0,NO
datos_11077030,6.616666667,-76.75,1990-07-18,1990-07-18,1990-07-18,70.0,200.0,725.0,1192.0,1657.0,NO
datos_11077030,6.616666667,-76.75,1990-07-19,1990-07-19,1990-07-19,40.0,270.0,785.0,1262.0,1727.0,NO
datos_11077030,6.616666667,-76.75,1990-07-20,1990-07-20,1990-07-20,29.0,310.0,825.0,1291.0,1752.0,NO
datos_11077030,6.616666667,-76.75,1990-07-21,1990-07-21,1990-07-21,20.0,339.0,774.0,1320.0,1774.0,NO
datos_11077030,6.616666667,-76.75,1990-07-26,1990-07-26,1990-07-26,10.0,281.0,595.0,1152.0,1794.0,NO
datos_11077030,6.616666667,-76.75,1990-07-27,1990-07-27,1990-07-27,90.0,252.0,585.0,1158.0,1782.0,NO
datos_11077030,6.616666667,-76.75,1990-07-28,1990-07-28,1990-07-28,40.0,259.0,671.0,1154.0,1844.0,NO
datos_11077030,6.616666667,-76.75,1990-07-29,1990-07-29,1990-07-29,10.0,299.0,661.0,1194.0,1884.0,NO
datos_11077030,6.616666667,-76.75,1990-07-30,1990-07-30,1990-07-30,20.0,239.0,661.0,1199.0,1894.0,NO
datos_11077030,6.616666667,-76.75,1990-08-01,1990-08-01,1990-08-01,15.0,190.0,661.0,1189.0,1838.0,NO
datos_11077030,6.616666667,-76.75,1990-08-03,1990-08-03,1990-08-03,50.0,185.0,636.0,1194.0,1803.0,NO
datos_11077030,6.616666667,-76.75,1990-08-04,1990-08-04,1990-08-04,40.0,235.0,686.0,1244.0,1813.0,NO
datos_11077030,6.616666667,-76.75,1990-08-07,1990-08-07,1990-08-07,12.0,265.0,634.0,1248.0,1843.0,NO
datos_11077030,6.616666667,-76.75,1990-08-08,1990-08-08,1990-08-08,19.0,187.0,646.0,1257.0,1780.0,NO
datos_11077030,6.616666667,-76.75,1990-08-09,1990-08-09,1990-08-09,102.0,166.0,665.0,1246.0,1719.0,NO
datos_11077030,6.616666667,-76.75,1990-08-10,1990-08-10,1990-08-10,6.0,258.0,767.0,1343.0,1817.0,NO
datos_11077030,6.616666667,-76.75,1990-08-11,1990-08-11,1990-08-11,40.0,244.0,773.0,1334.0,1817.0,NO
datos_11077030,6.616666667,-76.75,1990-08-12,1990-08-12,1990-08-12,50.0,284.0,813.0,1371.0,1857.0,NO
datos_11077030,6.616666667,-76.75,1990-08-13,1990-08-13,1990-08-13,64.0,319.0,825.0,1405.0,1905.0,NO
datos_11077030,6.616666667,-76.75,1990-08-14,1990-08-14,1990-08-14,27.0,383.0,849.0,1469.0,1969.0,NO
datos_11077030,6.616666667,-76.75,1990-08-17,1990-08-17,1990-08-17,25.0,320.0,754.0,1479.0,1946.0,NO
datos_11077030,6.616666667,-76.75,1990-08-21,1990-08-21,1990-08-21,8.0,212.0,640.0,1394.0,1832.0,NO
datos_11077030,6.616666667,-76.75,1990-08-22,1990-08-22,1990-08-22,135.0,214.0,628.0,1389.0,1831.0,NO
datos_11077030,6.616666667,-76.75,1990-08-27,1990-08-27,1990-08-27,37.0,168.0,753.0,1334.0,1817.0,NO
datos_11077030,6.616666667,-76.75,1990-08-30,1990-08-30,1990-08-30,15.0,180.0,650.0,1291.0,1819.0,NO
datos_11077030,6.616666667,-76.75,1990-08-31,1990-08-31,1990-08-31,21.0,195.0,645.0,1306.0,1834.0,NO
datos_11077030,6.616666667,-76.75,1990-09-01,1990-09-01,1990-09-01,45.0,216.0,666.0,1327.0,1855.0,NO
datos_11077030,6.616666667,-76.75,1990-09-02,1990-09-02,1990-09-02,9.0,253.0,696.0,1332.0,1890.0,NO
datos_11077030,6.616666667,-76.75,1990-09-03,1990-09-03,1990-09-03,8.0,127.0,705.0,1341.0,1899.0,NO
datos_11077030,6.616666667,-76.75,1990-09-05,1990-09-05,1990-09-05,1.0,135.0,623.0,1263.0,1871.0,NO
datos_11077030,6.616666667,-76.75,1990-09-06,1990-09-06,1990-09-06,19.0,136.0,624.0,1258.0,1872.0,NO
datos_11077030,6.616666667,-76.75,1990-09-08,1990-09-08,1990-09-08,15.0,118.0,631.0,1277.0,1858.0,NO
datos_11077030,6.616666667,-76.75,1990-09-09,1990-09-09,1990-09-09,6.0,133.0,627.0,1292.0,1868.0,NO
datos_11077030,6.616666667,-76.75,1990-09-10,1990-09-10,1990-09-10,7.0,139.0,531.0,1298.0,1859.0,NO
datos_11077030,6.616666667,-76.75,1990-09-13,1990-09-13,1990-09-13,12.0,65.0,442.0,1227.0,1847.0,NO
datos_11077030,6.616666667,-76.75,1990-09-15,1990-09-15,1990-09-15,13.0,60.0,363.0,1200.0,1859.0,NO
datos_11077030,6.616666667,-76.75,1990-09-17,1990-09-17,1990-09-17,5.0,72.0,376.0,1130.0,1845.0,NO
datos_11077030,6.616666667,-76.75,1990-09-20,1990-09-20,1990-09-20,11.0,43.0,356.0,996.0,1750.0,NO
datos_11077030,6.616666667,-76.75,1990-09-22,1990-09-22,1990-09-22,15.0,41.0,359.0,987.0,1658.0,NO
datos_11077030,6.616666667,-76.75,1990-09-23,1990-09-23,1990-09-23,5.0,56.0,239.0,1002.0,1597.0,NO
datos_11077030,6.616666667,-76.75,1990-09-26,1990-09-26,1990-09-26,4.0,49.0,244.0,997.0,1578.0,NO
datos_11077030,6.616666667,-76.75,1990-09-27,1990-09-27,1990-09-27,10.0,40.0,248.0,911.0,1532.0,NO
datos_11077030,6.616666667,-76.75,1990-09-29,1990-09-29,1990-09-29,13.0,45.0,221.0,871.0,1512.0,NO
datos_11077030,6.616666667,-76.75,1990-09-30,1990-09-30,1990-09-30,80.0,58.0,234.0,864.0,1525.0,NO
datos_11077030,6.616666667,-76.75,1990-10-01,1990-10-01,1990-10-01,20.0,138.0,299.0,944.0,1605.0,NO
datos_11077030,6.616666667,-76.75,1990-10-02,1990-10-02,1990-10-02,3.0,147.0,298.0,949.0,1585.0,NO
datos_11077030,6.616666667,-76.75,1990-10-03,1990-10-03,1990-10-03,4.0,150.0,256.0,952.0,1588.0,NO
datos_11077030,6.616666667,-76.75,1990-10-04,1990-10-04,1990-10-04,26.0,139.0,251.0,906.0,1546.0,NO
datos_11077030,6.616666667,-76.75,1990-10-05,1990-10-05,1990-10-05,6.0,160.0,269.0,892.0,1532.0,NO
datos_11077030,6.616666667,-76.75,1990-10-07,1990-10-07,1990-10-07,37.0,166.0,274.0,898.0,1532.0,NO
datos_11077030,6.616666667,-76.75,1990-10-09,1990-10-09,1990-10-09,29.0,189.0,292.0,904.0,1569.0,NO
datos_11077030,6.616666667,-76.75,1990-10-11,1990-10-11,1990-10-11,26.0,205.0,300.0,825.0,1598.0,NO
datos_11077030,6.616666667,-76.75,1990-10-13,1990-10-13,1990-10-13,23.0,131.0,319.0,761.0,1546.0,NO
datos_11077030,6.616666667,-76.75,1990-10-14,1990-10-14,1990-10-14,42.0,151.0,342.0,720.0,1569.0,NO
datos_11077030,6.616666667,-76.75,1990-10-17,1990-10-17,1990-10-17,3.0,157.0,359.0,735.0,1489.0,NO
datos_11077030,6.616666667,-76.75,1990-10-18,1990-10-18,1990-10-18,5.0,160.0,362.0,713.0,1422.0,NO
datos_11077030,6.616666667,-76.75,1990-10-19,1990-10-19,1990-10-19,134.0,128.0,362.0,718.0,1387.0,NO
datos_11077030,6.616666667,-76.75,1990-10-20,1990-10-20,1990-10-20,3.0,262.0,496.0,852.0,1492.0,NO
datos_11077030,6.616666667,-76.75,1990-10-21,1990-10-21,1990-10-21,54.0,236.0,499.0,855.0,1475.0,NO
datos_11077030,6.616666667,-76.75,1990-10-24,1990-10-24,1990-10-24,25.0,264.0,527.0,766.0,1529.0,NO
datos_11077030,6.616666667,-76.75,1990-10-26,1990-10-26,1990-10-26,50.0,224.0,547.0,791.0,1544.0,NO
datos_11077030,6.616666667,-76.75,1990-10-28,1990-10-28,1990-10-28,15.0,274.0,593.0,804.0,1464.0,NO
datos_11077030,6.616666667,-76.75,1990-10-29,1990-10-29,1990-10-29,4.0,286.0,598.0,819.0,1469.0,NO
datos_11077030,6.616666667,-76.75,1990-10-31,1990-10-31,1990-10-31,60.0,151.0,589.0,808.0,1453.0,NO
datos_11077030,6.616666667,-76.75,1990-11-01,1990-11-01,1990-11-01,3.0,208.0,569.0,847.0,1498.0,NO
datos_11077030,6.616666667,-76.75,1990-11-02,1990-11-02,1990-11-02,20.0,157.0,552.0,805.0,1501.0,NO
datos_11077030,6.616666667,-76.75,1990-11-03,1990-11-03,1990-11-03,40.0,177.0,569.0,816.0,1471.0,NO
datos_11077030,6.616666667,-76.75,1990-11-04,1990-11-04,1990-11-04,20.0,217.0,605.0,848.0,1471.0,NO
datos_11077030,6.616666667,-76.75,1990-11-05,1990-11-05,1990-11-05,5.0,212.0,599.0,868.0,1491.0,NO
datos_11077030,6.616666667,-76.75,1990-11-06,1990-11-06,1990-11-06,30.0,217.0,598.0,872.0,1496.0,NO
datos_11077030,6.616666667,-76.75,1990-11-08,1990-11-08,1990-11-08,7.0,197.0,591.0,883.0,1495.0,NO
datos_11077030,6.616666667,-76.75,1990-11-09,1990-11-09,1990-11-09,5.0,189.0,598.0,875.0,1400.0,NO
datos_11077030,6.616666667,-76.75,1990-11-10,1990-11-10,1990-11-10,4.0,190.0,574.0,874.0,1399.0,NO
datos_11077030,6.616666667,-76.75,1990-11-11,1990-11-11,1990-11-11,15.0,194.0,578.0,871.0,1363.0,NO
datos_11077030,6.616666667,-76.75,1990-11-13,1990-11-13,1990-11-13,12.0,146.0,567.0,886.0,1264.0,NO
datos_11077030,6.616666667,-76.75,1990-11-16,1990-11-16,1990-11-16,83.0,78.0,514.0,873.0,1249.0,NO
datos_11077030,6.616666667,-76.75,1990-11-18,1990-11-18,1990-11-18,6.0,126.0,594.0,951.0,1307.0,NO
datos_11077030,6.616666667,-76.75,1990-11-19,1990-11-19,1990-11-19,25.0,132.0,595.0,957.0,1313.0,NO
datos_11077030,6.616666667,-76.75,1990-11-20,1990-11-20,1990-11-20,8.0,150.0,486.0,982.0,1338.0,NO
datos_11077030,6.616666667,-76.75,1990-11-21,1990-11-21,1990-11-21,45.0,153.0,491.0,979.0,1338.0,NO
datos_11077030,6.616666667,-76.75,1990-11-23,1990-11-23,1990-11-23,45.0,179.0,482.0,1009.0,1248.0,NO
datos_11077030,6.616666667,-76.75,1990-11-24,1990-11-24,1990-11-24,28.0,224.0,527.0,1049.0,1293.0,NO
datos_11077030,6.616666667,-76.75,1990-11-25,1990-11-25,1990-11-25,66.0,240.0,530.0,1077.0,1321.0,NO
datos_11077030,6.616666667,-76.75,1990-11-27,1990-11-27,1990-11-27,4.0,306.0,546.0,1139.0,1350.0,NO
datos_11077030,6.616666667,-76.75,1990-11-28,1990-11-28,1990-11-28,15.0,227.0,550.0,1133.0,1354.0,NO
datos_11077030,6.616666667,-76.75,1990-11-29,1990-11-29,1990-11-29,16.0,242.0,550.0,1148.0,1369.0,NO
datos_11077030,6.616666667,-76.75,1990-12-01,1990-12-01,1990-12-01,7.0,227.0,562.0,1071.0,1349.0,NO
datos_11077030,6.616666667,-76.75,1990-12-02,1990-12-02,1990-12-02,15.0,226.0,509.0,1058.0,1311.0,NO
datos_11077030,6.616666667,-76.75,1990-12-03,1990-12-03,1990-12-03,10.0,196.0,521.0,1070.0,1317.0,NO
datos_11077030,6.616666667,-76.75,1990-12-04,1990-12-04,1990-12-04,4.0,206.0,511.0,1076.0,1319.0,NO
datos_11077030,6.616666667,-76.75,1990-12-05,1990-12-05,1990-12-05,6.0,165.0,475.0,1054.0,1323.0,NO
datos_11077030,6.616666667,-76.75,1990-12-08,1990-12-08,1990-12-08,7.0,77.0,426.0,1017.0,1309.0,NO
datos_11077030,6.616666667,-76.75,1990-12-09,1990-12-09,1990-12-09,4.0,80.0,433.0,1024.0,1301.0,NO
datos_11077030,6.616666667,-76.75,1990-12-11,1990-12-11,1990-12-11,22.0,53.0,425.0,999.0,1292.0,NO
datos_11077030,6.616666667,-76.75,1990-12-12,1990-12-12,1990-12-12,35.0,75.0,443.0,995.0,1314.0,NO
datos_11077030,6.616666667,-76.75,1990-12-14,1990-12-14,1990-12-14,4.0,88.0,463.0,1007.0,1337.0,NO
datos_11077030,6.616666667,-76.75,1990-12-15,1990-12-15,1990-12-15,10.0,82.0,455.0,969.0,1341.0,NO
datos_11077030,6.616666667,-76.75,1990-12-16,1990-12-16,1990-12-16,15.0,88.0,465.0,979.0,1338.0,NO
datos_11077030,6.616666667,-76.75,1990-12-20,1990-12-20,1990-12-20,10.0,90.0,391.0,852.0,1348.0,NO
datos_11077030,6.616666667,-76.75,1990-12-22,1990-12-22,1990-12-22,4.0,96.0,368.0,805.0,1347.0,NO
datos_11077030,6.616666667,-76.75,1990-12-23,1990-12-23,1990-12-23,40.0,78.0,327.0,809.0,1336.0,NO
datos_11077030,6.616666667,-76.75,1990-12-27,1990-12-27,1990-12-27,40.0,69.0,228.0,774.0,1367.0,NO
datos_11077030,6.616666667,-76.75,1990-12-29,1990-12-29,1990-12-29,15.0,94.0,264.0,799.0,1397.0,NO
datos_11077030,6.616666667,-76.75,1990-12-30,1990-12-30,1990-12-30,63.0,109.0,264.0,810.0,1399.0,NO
datos_11077030,6.616666667,-76.75,1991-01-01,1991-01-01,1991-01-01,90.0,162.0,311.0,813.0,1362.0,NO
datos_11077030,6.616666667,-76.75,1991-01-02,1991-01-02,1991-01-02,110.0,252.0,394.0,900.0,1449.0,NO
datos_11077030,6.616666667,-76.75,1991-01-03,1991-01-03,1991-01-03,133.0,358.0,489.0,990.0,1555.0,NO
datos_11077030,6.616666667,-76.75,1991-01-04,1991-01-04,1991-01-04,40.0,451.0,612.0,1083.0,1662.0,NO
datos_11077030,6.616666667,-76.75,1991-01-05,1991-01-05,1991-01-05,97.0,491.0,648.0,1103.0,1696.0,NO
datos_11077030,6.616666667,-76.75,1991-01-06,1991-01-06,1991-01-06,50.0,588.0,739.0,1195.0,1793.0,NO
datos_11077030,6.616666667,-76.75,1991-01-07,1991-01-07,1991-01-07,28.0,638.0,789.0,1215.0,1806.0,NO
datos_11077030,6.616666667,-76.75,1991-01-08,1991-01-08,1991-01-08,5.0,626.0,817.0,1243.0,1834.0,NO
datos_11077030,6.616666667,-76.75,1991-01-10,1991-01-10,1991-01-10,10.0,616.0,811.0,1236.0,1810.0,NO
datos_11077030,6.616666667,-76.75,1991-01-11,1991-01-11,1991-01-11,60.0,563.0,821.0,1242.0,1794.0,NO
datos_11077030,6.616666667,-76.75,1991-01-12,1991-01-12,1991-01-12,8.0,623.0,859.0,1287.0,1854.0,NO
datos_11077030,6.616666667,-76.75,1991-01-13,1991-01-13,1991-01-13,40.0,541.0,832.0,1295.0,1839.0,NO
datos_11077030,6.616666667,-76.75,1991-01-15,1991-01-15,1991-01-15,80.0,338.0,868.0,1323.0,1837.0,NO
datos_11077030,6.616666667,-76.75,1991-01-16,1991-01-16,1991-01-16,6.0,378.0,938.0,1403.0,1917.0,NO
datos_11077030,6.616666667,-76.75,1991-01-17,1991-01-17,1991-01-17,7.0,287.0,929.0,1326.0,1920.0,NO
datos_11077030,6.616666667,-76.75,1991-01-19,1991-01-19,1991-01-19,96.0,216.0,936.0,1327.0,1788.0,NO
datos_11077030,6.616666667,-76.75,1991-01-22,1991-01-22,1991-01-22,60.0,297.0,1022.0,1345.0,1827.0,NO
datos_11077030,6.616666667,-76.75,1991-01-23,1991-01-23,1991-01-23,30.0,297.0,1078.0,1405.0,1887.0,NO
datos_11077030,6.616666667,-76.75,1991-02-05,1991-02-05,1991-02-05,20.0,0.0,577.0,1219.0,1675.0,NO
datos_11077030,6.616666667,-76.75,1991-02-08,1991-02-08,1991-02-08,20.0,20.0,422.0,1232.0,1658.0,NO
datos_11077030,6.616666667,-76.75,1991-02-16,1991-02-16,1991-02-16,20.0,40.0,239.0,1162.0,1559.0,NO
datos_11077030,6.616666667,-76.75,1991-02-17,1991-02-17,1991-02-17,70.0,40.0,253.0,1182.0,1579.0,NO
datos_11077030,6.616666667,-76.75,1991-02-18,1991-02-18,1991-02-18,22.2,110.0,316.0,1252.0,1643.0,NO
datos_11077030,6.616666667,-76.75,1991-02-19,1991-02-19,1991-02-19,22.3,132.2,338.2,1274.2,1640.2,NO
datos_11077030,6.616666667,-76.75,1991-02-27,1991-02-27,1991-02-27,60.0,134.5,174.5,1202.5,1466.5,NO
datos_11077030,6.616666667,-76.75,1991-03-01,1991-03-01,1991-03-01,50.0,104.5,234.5,1247.5,1495.5,NO
datos_11077030,6.616666667,-76.75,1991-03-12,1991-03-12,1991-03-12,80.0,50.0,244.5,681.5,1492.5,NO
datos_11077030,6.616666667,-76.75,1991-03-14,1991-03-14,1991-03-14,1.5,80.0,324.5,691.5,1515.5,NO
datos_11077030,6.616666667,-76.75,1991-03-18,1991-03-18,1991-03-18,30.0,81.5,326.0,565.0,1488.0,NO
datos_11077030,6.616666667,-76.75,1991-03-19,1991-03-19,1991-03-19,70.0,111.5,356.0,589.0,1518.0,NO
datos_11077030,6.616666667,-76.75,1991-03-20,1991-03-20,1991-03-20,30.0,181.5,406.0,652.0,1588.0,NO
datos_11077030,6.616666667,-76.75,1991-03-21,1991-03-21,1991-03-21,18.0,211.5,366.0,682.0,1618.0,NO
datos_11077030,6.616666667,-76.75,1991-03-22,1991-03-22,1991-03-22,15.0,229.5,361.8,604.0,1626.0,NO
datos_11077030,6.616666667,-76.75,1991-03-23,1991-03-23,1991-03-23,10.0,244.5,354.5,619.0,1641.0,NO
datos_11077030,6.616666667,-76.75,1991-03-24,1991-03-24,1991-03-24,6.0,174.5,364.5,629.0,1647.0,NO
datos_11077030,6.616666667,-76.75,1991-03-27,1991-03-27,1991-03-27,80.0,179.0,370.5,545.0,1613.0,NO
datos_11077030,6.616666667,-76.75,1991-03-30,1991-03-30,1991-03-30,9.0,229.0,450.5,625.0,1653.0,NO
datos_11077030,6.616666667,-76.75,1991-03-31,1991-03-31,1991-03-31,5.0,168.0,399.5,634.0,1647.0,NO
datos_11077030,6.616666667,-76.75,1991-04-01,1991-04-01,1991-04-01,22.0,143.0,404.5,639.0,1589.0,NO
datos_11077030,6.616666667,-76.75,1991-04-07,1991-04-07,1991-04-07,90.0,116.0,376.5,661.0,1141.0,NO
datos_11077030,6.616666667,-76.75,1991-04-08,1991-04-08,1991-04-08,5.0,126.0,466.5,731.0,1181.0,NO
datos_11077030,6.616666667,-76.75,1991-04-09,1991-04-09,1991-04-09,4.0,131.0,471.5,736.0,1158.0,NO
datos_11077030,6.616666667,-76.75,1991-04-10,1991-04-10,1991-04-10,2.0,135.0,475.5,740.0,1157.0,NO
datos_11077030,6.616666667,-76.75,1991-04-11,1991-04-11,1991-04-11,125.0,128.0,477.5,722.0,1159.0,NO
datos_11077030,6.616666667,-76.75,1991-04-12,1991-04-12,1991-04-12,3.0,248.0,602.5,847.0,1274.0,NO
datos_11077030,6.616666667,-76.75,1991-04-13,1991-04-13,1991-04-13,5.0,229.0,525.5,850.0,1217.0,NO
datos_11077030,6.616666667,-76.75,1991-04-16,1991-04-16,1991-04-16,5.0,234.0,529.0,855.0,1174.0,NO
datos_11077030,6.616666667,-76.75,1991-04-17,1991-04-17,1991-04-17,3.0,239.0,534.0,860.0,1099.0,NO
datos_11077030,6.616666667,-76.75,1991-04-18,1991-04-18,1991-04-18,20.0,242.0,537.0,863.0,1096.0,NO
datos_11077030,6.616666667,-76.75,1991-04-19,1991-04-19,1991-04-19,40.0,172.0,527.0,863.0,1109.0,NO
datos_11077030,6.616666667,-76.75,1991-04-20,1991-04-20,1991-04-20,90.0,207.0,497.0,833.0,1149.0,NO
datos_11077030,6.616666667,-76.75,1991-04-24,1991-04-24,1991-04-24,8.0,163.0,514.0,878.5,1083.0,NO
datos_11077030,6.616666667,-76.75,1991-04-25,1991-04-25,1991-04-25,6.0,166.0,516.0,886.5,1061.0,NO
datos_11077030,6.616666667,-76.75,1991-04-27,1991-04-27,1991-04-27,8.0,172.0,522.0,892.5,1067.0,NO
datos_11077030,6.616666667,-76.75,1991-04-28,1991-04-28,1991-04-28,5.0,175.0,450.0,900.5,1075.0,NO
datos_11077030,6.616666667,-76.75,1991-04-29,1991-04-29,1991-04-29,55.0,177.0,455.0,905.5,1080.0,NO
datos_11077030,6.616666667,-76.75,1991-04-30,1991-04-30,1991-04-30,30.0,212.0,510.0,900.5,1135.0,NO
datos_11077030,6.616666667,-76.75,1991-05-01,1991-05-01,1991-05-01,6.0,202.0,531.0,930.5,1165.0,NO
datos_11077030,6.616666667,-76.75,1991-05-02,1991-05-02,1991-05-02,5.0,118.0,532.0,886.5,1171.0,NO
datos_11077030,6.616666667,-76.75,1991-05-04,1991-05-04,1991-05-04,40.0,123.0,515.0,891.5,1176.0,NO
datos_11077030,6.616666667,-76.75,1991-05-05,1991-05-05,1991-05-05,5.0,163.0,555.0,931.5,1216.0,NO
datos_11077030,6.616666667,-76.75,1991-05-06,1991-05-06,1991-05-06,30.0,160.0,560.0,936.5,1221.0,NO
datos_11077030,6.616666667,-76.75,1991-05-08,1991-05-08,1991-05-08,70.0,184.0,590.0,966.5,1231.0,NO
datos_11077030,6.616666667,-76.75,1991-05-09,1991-05-09,1991-05-09,40.0,246.0,570.0,1036.5,1301.0,NO
datos_11077030,6.616666667,-76.75,1991-05-10,1991-05-10,1991-05-10,85.0,281.0,605.0,1076.5,1341.0,NO
datos_11077030,6.616666667,-76.75,1991-05-11,1991-05-11,1991-05-11,6.0,311.0,686.0,1161.5,1406.0,NO
datos_11077030,6.616666667,-76.75,1991-05-12,1991-05-12,1991-05-12,80.0,287.0,690.0,1167.5,1412.0,NO
datos_11077030,6.616666667,-76.75,1991-05-13,1991-05-13,1991-05-13,45.0,361.0,645.0,1167.5,1492.0,NO
datos_11077030,6.616666667,-76.75,1991-05-14,1991-05-14,1991-05-14,35.0,401.0,687.0,1212.5,1537.0,NO
datos_11077030,6.616666667,-76.75,1991-05-16,1991-05-16,1991-05-16,130.0,396.0,717.0,1246.0,1572.0,NO
datos_11077030,6.616666667,-76.75,1991-05-17,1991-05-17,1991-05-17,65.0,521.0,847.0,1376.0,1702.0,NO
datos_11077030,6.616666667,-76.75,1991-05-21,1991-05-21,1991-05-21,30.0,446.0,844.0,1311.0,1654.8,NO
datos_11077030,6.616666667,-76.75,1991-05-22,1991-05-22,1991-05-22,40.0,391.0,784.0,1323.0,1662.5,NO
datos_11077030,6.616666667,-76.75,1991-05-23,1991-05-23,1991-05-23,23.0,425.0,824.0,1348.0,1702.5,NO
datos_11077030,6.616666667,-76.75,1991-05-25,1991-05-25,1991-05-25,80.0,323.0,847.0,1355.0,1725.5,NO
datos_11077030,6.616666667,-76.75,1991-05-28,1991-05-28,1991-05-28,33.0,238.0,913.0,1355.0,1805.5,NO
datos_11077030,6.616666667,-76.75,1991-05-29,1991-05-29,1991-05-29,28.0,206.0,938.0,1388.0,1838.5,NO
datos_11077030,6.616666667,-76.75,1991-05-30,1991-05-30,1991-05-30,9.0,234.0,961.0,1416.0,1806.5,NO
datos_11077030,6.616666667,-76.75,1991-05-31,1991-05-31,1991-05-31,90.0,243.0,915.0,1416.0,1815.5,NO
datos_11077030,6.616666667,-76.75,1991-06-01,1991-06-01,1991-06-01,80.0,333.0,975.0,1501.0,1855.5,NO
datos_11077030,6.616666667,-76.75,1991-06-02,1991-06-02,1991-06-02,30.0,383.0,1049.0,1559.0,1935.5,NO
datos_11077030,6.616666667,-76.75,1991-06-03,1991-06-03,1991-06-03,10.0,373.0,1074.0,1589.0,1965.5,NO
datos_11077030,6.616666667,-76.75,1991-06-04,1991-06-04,1991-06-04,12.0,360.0,1084.0,1599.0,1975.5,NO
datos_11077030,6.616666667,-76.75,1991-06-05,1991-06-05,1991-06-05,10.0,372.0,1056.0,1611.0,1987.5,NO
datos_11077030,6.616666667,-76.75,1991-06-08,1991-06-08,1991-06-08,20.0,302.0,1031.0,1531.0,1997.5,NO
datos_11077030,6.616666667,-76.75,1991-06-10,1991-06-10,1991-06-10,25.0,261.0,941.0,1542.0,2017.5,NO
datos_11077030,6.616666667,-76.75,1991-06-11,1991-06-11,1991-06-11,30.0,277.0,881.0,1565.0,2042.5,NO
datos_11077030,6.616666667,-76.75,1991-06-13,1991-06-13,1991-06-13,40.0,137.0,825.0,1467.0,1992.5,NO
datos_11077030,6.616666667,-76.75,1991-06-14,1991-06-14,1991-06-14,20.0,147.0,820.0,1502.0,2031.0,NO
datos_11077030,6.616666667,-76.75,1991-06-15,1991-06-15,1991-06-15,130.0,157.0,805.0,1522.0,2051.0,NO
datos_11077030,6.616666667,-76.75,1991-06-16,1991-06-16,1991-06-16,5.0,275.0,935.0,1652.0,2181.0,NO
datos_11077030,6.616666667,-76.75,1991-06-18,1991-06-18,1991-06-18,80.0,270.0,745.0,1649.0,2156.0,NO
datos_11077030,6.616666667,-76.75,1991-06-20,1991-06-20,1991-06-20,9.0,330.0,825.0,1669.0,2136.0,NO
datos_11077030,6.616666667,-76.75,1991-06-22,1991-06-22,1991-06-22,12.0,314.0,804.0,1588.0,2112.0,NO
datos_11077030,6.616666667,-76.75,1991-06-23,1991-06-23,1991-06-23,5.0,296.0,776.0,1600.0,2114.0,NO
datos_11077030,6.616666667,-76.75,1991-06-25,1991-06-25,1991-06-25,8.0,261.0,758.0,1597.0,2113.0,NO
datos_11077030,6.616666667,-76.75,1991-06-26,1991-06-26,1991-06-26,6.0,249.0,686.0,1599.0,2121.0,NO
datos_11077030,6.616666667,-76.75,1991-06-30,1991-06-30,1991-06-30,20.0,40.0,631.0,1537.0,2038.0,NO
datos_11077030,6.616666667,-76.75,1991-07-03,1991-07-03,1991-07-03,80.0,51.0,472.0,1516.0,2031.0,NO
datos_11077030,6.616666667,-76.75,1991-07-05,1991-07-05,1991-07-05,40.0,114.0,512.0,1556.0,2111.0,NO
datos_11077030,6.616666667,-76.75,1991-07-07,1991-07-07,1991-07-07,10.0,146.0,530.0,1561.0,2151.0,NO
datos_11077030,6.616666667,-76.75,1991-07-10,1991-07-10,1991-07-10,40.0,150.0,520.0,1461.0,2062.0,NO
datos_11077030,6.616666667,-76.75,1991-07-13,1991-07-13,1991-07-13,5.0,170.0,505.0,1330.0,1972.0,NO
datos_11077030,6.616666667,-76.75,1991-07-15,1991-07-15,1991-07-15,8.0,95.0,470.0,1255.0,1972.0,NO
datos_11077030,6.616666667,-76.75,1991-07-17,1991-07-17,1991-07-17,50.0,63.0,328.0,1133.0,1975.0,NO
datos_11077030,6.616666667,-76.75,1991-07-20,1991-07-20,1991-07-20,78.0,103.0,293.0,1118.0,1962.0,NO
datos_11077030,6.616666667,-76.75,1991-07-22,1991-07-22,1991-07-22,10.0,141.0,362.0,1166.0,1950.0,NO
datos_11077030,6.616666667,-76.75,1991-07-24,1991-07-24,1991-07-24,80.0,151.0,360.0,1113.0,1960.0,NO
datos_11077030,6.616666667,-76.75,1991-07-25,1991-07-25,1991-07-25,20.0,226.0,435.0,1193.0,2032.0,NO
datos_11077030,6.616666667,-76.75,1991-07-28,1991-07-28,1991-07-28,10.0,238.0,441.0,1133.0,2038.0,NO
datos_11077030,6.616666667,-76.75,1991-07-29,1991-07-29,1991-07-29,30.0,198.0,451.0,1110.0,2043.0,NO
datos_11077030,6.616666667,-76.75,1991-08-02,1991-08-02,1991-08-02,6.0,150.0,461.0,933.0,1977.0,NO
datos_11077030,6.616666667,-76.75,1991-08-03,1991-08-03,1991-08-03,74.0,146.0,467.0,909.0,1983.0,NO
datos_11077030,6.616666667,-76.75,1991-08-04,1991-08-04,1991-08-04,73.0,220.0,461.0,973.0,2017.0,NO
datos_11077030,6.616666667,-76.75,1991-08-06,1991-08-06,1991-08-06,5.0,193.0,494.0,1024.0,2055.0,NO
datos_11077030,6.616666667,-76.75,1991-08-08,1991-08-08,1991-08-08,2.0,198.0,489.0,1029.0,1990.0,NO
datos_11077030,6.616666667,-76.75,1991-08-11,1991-08-11,1991-08-11,6.0,160.0,451.0,986.0,1861.0,NO
datos_11077030,6.616666667,-76.75,1991-08-16,1991-08-16,1991-08-16,50.0,13.0,444.0,772.0,1577.0,NO
datos_11077030,6.616666667,-76.75,1991-08-17,1991-08-17,1991-08-17,60.0,63.0,494.0,817.0,1562.0,NO
datos_11077030,6.616666667,-76.75,1991-08-18,1991-08-18,1991-08-18,90.0,118.0,504.0,877.0,1622.0,NO
datos_11077030,6.616666667,-76.75,1991-08-19,1991-08-19,1991-08-19,20.0,208.0,594.0,887.0,1712.0,NO
datos_11077030,6.616666667,-76.75,1991-08-20,1991-08-20,1991-08-20,36.0,226.0,614.0,907.0,1732.0,NO
datos_11077030,6.616666667,-76.75,1991-08-26,1991-08-26,1991-08-26,70.0,256.0,462.0,909.0,1595.0,NO
datos_11077030,6.616666667,-76.75,1991-08-27,1991-08-27,1991-08-27,1.0,326.0,532.0,973.0,1665.0,NO
datos_11077030,6.616666667,-76.75,1991-08-28,1991-08-28,1991-08-28,52.0,277.0,533.0,974.0,1633.0,NO
datos_11077030,6.616666667,-76.75,1991-08-29,1991-08-29,1991-08-29,5.0,269.0,575.0,1026.0,1657.0,NO
datos_11077030,6.616666667,-76.75,1991-08-30,1991-08-30,1991-08-30,10.0,184.0,550.0,1031.0,1653.0,NO
datos_11077030,6.616666667,-76.75,1991-09-02,1991-09-02,1991-09-02,60.0,138.0,560.0,1021.0,1463.0,NO
datos_11077030,6.616666667,-76.75,1991-09-04,1991-09-04,1991-09-04,50.0,198.0,540.0,1001.0,1501.0,NO
datos_11077030,6.616666667,-76.75,1991-09-05,1991-09-05,1991-09-05,70.0,248.0,517.0,1011.0,1541.0,NO
datos_11077030,6.616666667,-76.75,1991-09-12,1991-09-12,1991-09-12,5.0,180.0,574.0,1031.0,1536.0,NO
datos_11077030,6.616666667,-76.75,1991-09-13,1991-09-13,1991-09-13,15.0,185.0,579.0,1031.0,1501.0,NO
datos_11077030,6.616666667,-76.75,1991-09-14,1991-09-14,1991-09-14,10.0,140.0,594.0,1046.0,1496.0,NO
datos_11077030,6.616666667,-76.75,1991-09-15,1991-09-15,1991-09-15,40.0,150.0,604.0,1048.0,1376.0,NO
datos_11077030,6.616666667,-76.75,1991-09-16,1991-09-16,1991-09-16,20.0,140.0,644.0,1088.0,1411.0,NO
datos_11077030,6.616666667,-76.75,1991-09-19,1991-09-19,1991-09-19,48.0,90.0,464.0,1058.0,1351.0,NO
datos_11077030,6.616666667,-76.75,1991-09-20,1991-09-20,1991-09-20,7.0,138.0,492.0,1028.0,1390.0,NO
datos_11077030,6.616666667,-76.75,1991-09-21,1991-09-21,1991-09-21,50.0,145.0,463.0,1035.0,1397.0,NO
datos_11077030,6.616666667,-76.75,1991-09-23,1991-09-23,1991-09-23,60.0,195.0,513.0,1075.0,1430.0,NO
datos_11077030,6.616666667,-76.75,1991-09-26,1991-09-26,1991-09-26,76.0,225.0,573.0,1035.0,1476.0,NO
datos_11077030,6.616666667,-76.75,1991-09-27,1991-09-27,1991-09-27,10.0,261.0,579.0,1111.0,1552.0,NO
datos_11077030,6.616666667,-76.75,1991-09-28,1991-09-28,1991-09-28,20.0,251.0,588.0,1111.0,1562.0,NO
datos_11077030,6.616666667,-76.75,1991-09-29,1991-09-29,1991-09-29,50.0,271.0,556.0,1101.0,1582.0,NO
datos_11077030,6.616666667,-76.75,1991-09-30,1991-09-30,1991-09-30,50.0,321.0,601.0,1151.0,1612.0,NO
datos_11077030,6.616666667,-76.75,1991-10-01,1991-10-01,1991-10-01,50.0,323.0,641.0,1201.0,1662.0,NO
datos_11077030,6.616666667,-76.75,1991-10-02,1991-10-02,1991-10-02,26.0,366.0,691.0,1251.0,1712.0,NO
datos_11077030,6.616666667,-76.75,1991-10-04,1991-10-04,1991-10-04,30.0,342.0,657.0,1197.0,1658.0,NO
datos_11077030,6.616666667,-76.75,1991-10-05,1991-10-05,1991-10-05,40.0,312.0,687.0,1154.0,1648.0,NO
datos_11077030,6.616666667,-76.75,1991-10-06,1991-10-06,1991-10-06,2.0,352.0,677.0,1194.0,1688.0,NO
datos_11077030,6.616666667,-76.75,1991-10-07,1991-10-07,1991-10-07,40.0,354.0,609.0,1191.0,1680.0,NO
datos_11077030,6.616666667,-76.75,1991-10-08,1991-10-08,1991-10-08,5.0,318.0,649.0,1231.0,1720.0,NO
datos_11077030,6.616666667,-76.75,1991-10-09,1991-10-09,1991-10-09,8.0,313.0,654.0,1234.0,1725.0,NO
datos_11077030,6.616666667,-76.75,1991-10-10,1991-10-10,1991-10-10,9.0,301.0,662.0,1242.0,1693.0,NO
datos_11077030,6.616666667,-76.75,1991-10-12,1991-10-12,1991-10-12,5.0,210.0,671.0,1245.0,1702.0,NO
datos_11077030,6.616666667,-76.75,1991-10-15,1991-10-15,1991-10-15,4.0,139.0,656.0,1250.0,1694.0,NO
datos_11077030,6.616666667,-76.75,1991-10-22,1991-10-22,1991-10-22,10.0,9.0,535.0,998.0,1560.0,NO
datos_11077030,6.616666667,-76.75,1991-10-23,1991-10-23,1991-10-23,10.0,19.0,495.0,1008.0,1570.0,NO
datos_11077030,6.616666667,-76.75,1991-10-25,1991-10-25,1991-10-25,11.0,24.0,445.0,1018.0,1480.0,NO
datos_11077030,6.616666667,-76.75,1991-10-26,1991-10-26,1991-10-26,60.0,35.0,456.0,1029.0,1491.0,NO
datos_11077030,6.616666667,-76.75,1991-10-27,1991-10-27,1991-10-27,15.0,91.0,516.0,1019.0,1551.0,NO
datos_11077030,6.616666667,-76.75,1991-10-28,1991-10-28,1991-10-28,20.0,106.0,455.0,1033.0,1556.0,NO
datos_11077030,6.616666667,-76.75,1991-10-29,1991-10-29,1991-10-29,30.0,126.0,465.0,1001.0,1546.0,NO
datos_11077030,6.616666667,-76.75,1991-10-30,1991-10-30,1991-10-30,60.0,156.0,475.0,1026.0,1576.0,NO
datos_11077030,6.616666667,-76.75,1991-10-31,1991-10-31,1991-10-31,10.0,216.0,485.0,1076.0,1636.0,NO
datos_11077030,6.616666667,-76.75,1991-11-01,1991-11-01,1991-11-01,70.0,226.0,445.0,1086.0,1646.0,NO
datos_11077030,6.616666667,-76.75,1991-11-02,1991-11-02,1991-11-02,50.0,296.0,465.0,1156.0,1710.0,NO
datos_11077030,6.616666667,-76.75,1991-11-03,1991-11-03,1991-11-03,70.0,336.0,489.0,1146.0,1686.0,NO
datos_11077030,6.616666667,-76.75,1991-11-04,1991-11-04,1991-11-04,50.0,396.0,559.0,1216.0,1683.0,NO
datos_11077030,6.616666667,-76.75,1991-11-05,1991-11-05,1991-11-05,30.0,446.0,579.0,1216.0,1733.0,NO
datos_11077030,6.616666667,-76.75,1991-11-06,1991-11-06,1991-11-06,40.0,465.0,569.0,1176.0,1758.0,NO
datos_11077030,6.616666667,-76.75,1991-11-07,1991-11-07,1991-11-07,10.0,445.0,607.0,1216.0,1798.0,NO
datos_11077030,6.616666667,-76.75,1991-11-08,1991-11-08,1991-11-08,50.0,440.0,577.0,1226.0,1806.0,NO
datos_11077030,6.616666667,-76.75,1991-11-09,1991-11-09,1991-11-09,30.0,470.0,622.0,1276.0,1856.0,NO
datos_11077030,6.616666667,-76.75,1991-11-11,1991-11-11,1991-11-11,3.0,410.0,635.0,1306.0,1880.0,NO
datos_11077030,6.616666667,-76.75,1991-11-12,1991-11-12,1991-11-12,90.0,403.0,638.0,1309.0,1883.0,NO
datos_11077030,6.616666667,-76.75,1991-11-13,1991-11-13,1991-11-13,45.0,423.0,723.0,1394.0,1973.0,NO
datos_11077030,6.616666667,-76.75,1991-11-14,1991-11-14,1991-11-14,20.0,418.0,768.0,1424.0,2018.0,NO
datos_11077030,6.616666667,-76.75,1991-11-17,1991-11-17,1991-11-17,50.0,288.0,784.0,1374.0,1928.0,NO
datos_11077030,6.616666667,-76.75,1991-11-18,1991-11-18,1991-11-18,40.0,298.0,834.0,1424.0,1888.0,NO
datos_11077030,6.616666667,-76.75,1991-11-21,1991-11-21,1991-11-21,40.0,248.0,874.0,1409.0,1872.0,NO
datos_11077030,6.616666667,-76.75,1991-11-22,1991-11-22,1991-11-22,78.0,288.0,914.0,1399.0,1912.0,NO
datos_11077030,6.616666667,-76.75,1991-11-23,1991-11-23,1991-11-23,16.0,363.0,982.0,1477.0,1990.0,NO
datos_11077030,6.616666667,-76.75,1991-11-25,1991-11-25,1991-11-25,40.0,244.0,988.0,1433.0,2006.0,NO
datos_11077030,6.616666667,-76.75,1991-11-28,1991-11-28,1991-11-28,57.0,264.0,942.0,1387.0,1923.0,NO
datos_11077030,6.616666667,-76.75,1991-11-29,1991-11-29,1991-11-29,5.0,271.0,979.0,1424.0,1975.0,NO
datos_11077030,6.616666667,-76.75,1991-11-30,1991-11-30,1991-11-30,5.0,236.0,954.0,1379.0,1970.0,NO
datos_11077030,6.616666667,-76.75,1991-12-02,1991-12-02,1991-12-02,25.0,241.0,889.0,1284.0,1975.0,NO
datos_11077030,6.616666667,-76.75,1991-12-03,1991-12-03,1991-12-03,5.0,226.0,844.0,1283.0,1940.0,NO
datos_11077030,6.616666667,-76.75,1991-12-04,1991-12-04,1991-12-04,35.0,153.0,799.0,1288.0,1945.0,NO
datos_11077030,6.616666667,-76.75,1991-12-07,1991-12-07,1991-12-07,55.0,132.0,684.0,1251.0,1860.0,NO
datos_11077030,6.616666667,-76.75,1991-12-08,1991-12-08,1991-12-08,5.0,187.0,699.0,1266.0,1915.0,NO
datos_11077030,6.616666667,-76.75,1991-12-10,1991-12-10,1991-12-10,10.0,135.0,644.0,1258.0,1920.0,NO
datos_11077030,6.616666667,-76.75,1991-12-12,1991-12-12,1991-12-12,5.0,135.0,624.0,1259.0,1930.0,NO
datos_11077030,6.616666667,-76.75,1991-12-13,1991-12-13,1991-12-13,10.0,140.0,626.0,1259.0,1930.0,NO
datos_11077030,6.616666667,-76.75,1991-12-14,1991-12-14,1991-12-14,20.0,125.0,546.0,1269.0,1925.0,NO
datos_11077030,6.616666667,-76.75,1991-12-15,1991-12-15,1991-12-15,15.0,140.0,521.0,1289.0,1935.0,NO
datos_11077030,6.616666667,-76.75,1991-12-20,1991-12-20,1991-12-20,28.0,60.0,426.0,1300.0,1842.0,NO
datos_11077030,6.616666667,-76.75,1991-12-26,1991-12-26,1991-12-26,15.0,43.0,320.0,1297.0,1753.0,NO
datos_11077030,6.616666667,-76.75,1991-12-27,1991-12-27,1991-12-27,13.0,43.0,295.0,1252.0,1692.0,NO
datos_11077030,6.616666667,-76.75,1991-12-28,1991-12-28,1991-12-28,14.0,56.0,308.0,1250.0,1695.0,NO
datos_11077030,6.616666667,-76.75,1991-12-29,1991-12-29,1991-12-29,14.0,70.0,322.0,1244.0,1689.0,NO
datos_11077030,6.616666667,-76.75,1992-01-06,1992-01-06,1992-01-06,4.0,56.0,204.0,888.0,1455.0,NO
datos_11077030,6.616666667,-76.75,1992-01-25,1992-01-25,1992-01-25,5.0,0.0,60.0,380.0,1357.0,NO
datos_11077030,6.616666667,-76.75,1992-02-05,1992-02-05,1992-02-05,10.0,5.0,9.0,213.0,897.0,NO
datos_11077030,6.616666667,-76.75,1992-02-09,1992-02-09,1992-02-09,10.0,10.0,15.0,163.0,777.0,NO
datos_11077030,6.616666667,-76.75,1992-02-10,1992-02-10,1992-02-10,40.0,20.0,25.0,163.0,787.0,NO
datos_11077030,6.616666667,-76.75,1992-02-11,1992-02-11,1992-02-11,60.0,60.0,65.0,203.0,824.0,NO
datos_11077030,6.616666667,-76.75,1992-02-17,1992-02-17,1992-02-17,20.0,110.0,125.0,213.0,679.0,NO
datos_11077030,6.616666667,-76.75,1992-02-21,1992-02-21,1992-02-21,10.0,120.0,145.0,205.0,619.0,NO
datos_11077030,6.616666667,-76.75,1992-02-22,1992-02-22,1992-02-22,6.0,90.0,155.0,215.0,551.0,NO
datos_11077030,6.616666667,-76.75,1992-02-29,1992-02-29,1992-02-29,18.0,16.0,156.0,165.0,439.0,NO
datos_11077030,6.616666667,-76.75,1992-03-04,1992-03-04,1992-03-04,4.0,24.0,174.0,183.0,422.0,NO
datos_11077030,6.616666667,-76.75,1992-03-13,1992-03-13,1992-03-13,5.0,4.0,118.0,183.0,316.0,NO
datos_11077030,6.616666667,-76.75,1992-03-15,1992-03-15,1992-03-15,20.0,9.0,63.0,188.0,291.0,NO
datos_11077030,6.616666667,-76.75,1992-03-30,1992-03-30,1992-03-30,5.0,0.0,47.0,203.0,212.0,NO
datos_11077030,6.616666667,-76.75,1992-04-07,1992-04-07,1992-04-07,4.0,5.0,30.0,198.0,213.0,NO
datos_11077030,6.616666667,-76.75,1992-04-11,1992-04-11,1992-04-11,16.0,4.0,34.0,192.0,217.0,NO
datos_11077030,6.616666667,-76.75,1992-04-18,1992-04-18,1992-04-18,10.0,20.0,25.0,108.0,233.0,NO
datos_11077030,6.616666667,-76.75,1992-04-19,1992-04-19,1992-04-19,5.0,26.0,35.0,98.0,243.0,NO
datos_11077030,6.616666667,-76.75,1992-04-20,1992-04-20,1992-04-20,25.0,31.0,40.0,103.0,248.0,NO
datos_11077030,6.616666667,-76.75,1992-04-21,1992-04-21,1992-04-21,36.0,56.0,65.0,128.0,273.0,NO
datos_11077030,6.616666667,-76.75,1992-04-25,1992-04-25,1992-04-25,40.0,76.0,101.0,148.0,309.0,NO
datos_11077030,6.616666667,-76.75,1992-04-26,1992-04-26,1992-04-26,6.0,116.0,141.0,188.0,344.0,NO
datos_11077030,6.616666667,-76.75,1992-04-27,1992-04-27,1992-04-27,10.0,122.0,147.0,194.0,350.0,NO
datos_11077030,6.616666667,-76.75,1992-04-28,1992-04-28,1992-04-28,40.0,132.0,157.0,204.0,360.0,NO
datos_11077030,6.616666667,-76.75,1992-04-29,1992-04-29,1992-04-29,25.0,172.0,197.0,244.0,400.0,NO
datos_11077030,6.616666667,-76.75,1992-04-30,1992-04-30,1992-04-30,3.0,187.0,222.0,269.0,425.0,NO
datos_11077030,6.616666667,-76.75,1992-05-01,1992-05-01,1992-05-01,11.0,185.0,220.0,254.0,428.0,NO
datos_11077030,6.616666667,-76.75,1992-05-02,1992-05-02,1992-05-02,5.0,171.0,231.0,265.0,439.0,NO
datos_11077030,6.616666667,-76.75,1992-05-03,1992-05-03,1992-05-03,25.0,140.0,236.0,270.0,444.0,NO
datos_11077030,6.616666667,-76.75,1992-05-05,1992-05-05,1992-05-05,4.0,165.0,261.0,291.0,469.0,NO
datos_11077030,6.616666667,-76.75,1992-05-06,1992-05-06,1992-05-06,7.0,169.0,265.0,295.0,473.0,NO
datos_11077030,6.616666667,-76.75,1992-05-07,1992-05-07,1992-05-07,2.0,136.0,272.0,302.0,470.0,NO
datos_11077030,6.616666667,-76.75,1992-05-08,1992-05-08,1992-05-08,95.0,132.0,274.0,304.0,472.0,NO
datos_11077030,6.616666667,-76.75,1992-05-10,1992-05-10,1992-05-10,5.0,177.0,365.0,399.0,567.0,NO
datos_11077030,6.616666667,-76.75,1992-05-11,1992-05-11,1992-05-11,95.0,157.0,370.0,404.0,562.0,NO
datos_11077030,6.616666667,-76.75,1992-05-12,1992-05-12,1992-05-12,35.0,249.0,465.0,499.0,617.0,NO
datos_11077030,6.616666667,-76.75,1992-05-16,1992-05-16,1992-05-16,10.0,243.0,484.0,509.0,592.0,NO
datos_11077030,6.616666667,-76.75,1992-05-17,1992-05-17,1992-05-17,3.0,249.0,494.0,519.0,602.0,NO
datos_11077030,6.616666667,-76.75,1992-05-18,1992-05-18,1992-05-18,20.0,245.0,497.0,522.0,605.0,NO
datos_11077030,6.616666667,-76.75,1992-05-20,1992-05-20,1992-05-20,13.0,168.0,507.0,542.0,605.0,NO
datos_11077030,6.616666667,-76.75,1992-05-21,1992-05-21,1992-05-21,13.0,181.0,515.0,555.0,618.0,NO
datos_11077030,6.616666667,-76.75,1992-05-25,1992-05-25,1992-05-25,6.0,59.0,467.0,568.0,615.0,NO
datos_11077030,6.616666667,-76.75,1992-05-27,1992-05-27,1992-05-27,60.0,65.0,433.0,574.0,621.0,NO
datos_11077030,6.616666667,-76.75,1992-05-29,1992-05-29,1992-05-29,6.0,112.0,477.0,634.0,681.0,NO
datos_11077030,6.616666667,-76.75,1992-05-30,1992-05-30,1992-05-30,15.0,98.0,443.0,640.0,687.0,NO
datos_11077030,6.616666667,-76.75,1992-05-31,1992-05-31,1992-05-31,35.0,113.0,433.0,650.0,684.0,NO
datos_11077030,6.616666667,-76.75,1992-06-01,1992-06-01,1992-06-01,19.0,135.0,465.0,685.0,719.0,NO
datos_11077030,6.616666667,-76.75,1992-06-03,1992-06-03,1992-06-03,10.0,141.0,468.0,704.0,738.0,NO
datos_11077030,6.616666667,-76.75,1992-06-05,1992-06-05,1992-06-05,6.0,151.0,453.0,714.0,744.0,NO
datos_11077030,6.616666667,-76.75,1992-06-06,1992-06-06,1992-06-06,5.0,151.0,455.0,720.0,750.0,NO
datos_11077030,6.616666667,-76.75,1992-06-07,1992-06-07,1992-06-07,67.0,156.0,453.0,725.0,755.0,NO
datos_11077030,6.616666667,-76.75,1992-06-08,1992-06-08,1992-06-08,35.0,163.0,518.0,788.0,822.0,NO
datos_11077030,6.616666667,-76.75,1992-06-09,1992-06-09,1992-06-09,12.0,198.0,458.0,823.0,857.0,NO
datos_11077030,6.616666667,-76.75,1992-06-10,1992-06-10,1992-06-10,7.0,204.0,470.0,835.0,869.0,NO
datos_11077030,6.616666667,-76.75,1992-06-11,1992-06-11,1992-06-11,9.0,196.0,472.0,842.0,876.0,NO
datos_11077030,6.616666667,-76.75,1992-06-13,1992-06-13,1992-06-13,15.0,151.0,351.0,835.0,880.0,NO
datos_11077030,6.616666667,-76.75,1992-06-16,1992-06-16,1992-06-16,40.0,156.0,366.0,850.0,875.0,NO
datos_11077030,6.616666667,-76.75,1992-06-18,1992-06-18,1992-06-18,45.0,185.0,393.0,890.0,915.0,NO
datos_11077030,6.616666667,-76.75,1992-06-20,1992-06-20,1992-06-20,5.0,128.0,418.0,920.0,960.0,NO
datos_11077030,6.616666667,-76.75,1992-06-26,1992-06-26,1992-06-26,9.0,90.0,391.0,824.0,965.0,NO
datos_11077030,6.616666667,-76.75,1992-06-27,1992-06-27,1992-06-27,5.0,99.0,400.0,827.0,974.0,NO
datos_11077030,6.616666667,-76.75,1992-06-28,1992-06-28,1992-06-28,45.0,64.0,345.0,822.0,979.0,NO
datos_11077030,6.616666667,-76.75,1992-06-29,1992-06-29,1992-06-29,40.0,109.0,390.0,827.0,1024.0,NO
datos_11077030,6.616666667,-76.75,1992-07-01,1992-07-01,1992-07-01,3.0,104.0,409.0,839.0,1059.0,NO
datos_11077030,6.616666667,-76.75,1992-07-03,1992-07-03,1992-07-03,16.0,102.0,358.0,826.0,1062.0,NO
datos_11077030,6.616666667,-76.75,1992-07-08,1992-07-08,1992-07-08,9.0,109.0,353.0,804.0,1074.0,NO
datos_11077030,6.616666667,-76.75,1992-07-09,1992-07-09,1992-07-09,18.0,113.0,295.0,718.0,1083.0,NO
datos_11077030,6.616666667,-76.75,1992-07-10,1992-07-10,1992-07-10,10.0,86.0,278.0,736.0,1101.0,NO
datos_11077030,6.616666667,-76.75,1992-07-12,1992-07-12,1992-07-12,13.0,56.0,269.0,646.0,1095.0,NO
datos_11077030,6.616666667,-76.75,1992-07-15,1992-07-15,1992-07-15,6.0,50.0,258.0,624.0,1108.0,NO
datos_11077030,6.616666667,-76.75,1992-07-20,1992-07-20,1992-07-20,45.0,47.0,179.0,597.0,1099.0,NO
datos_11077030,6.616666667,-76.75,1992-07-22,1992-07-22,1992-07-22,55.0,64.0,219.0,616.0,1083.0,NO
datos_11077030,6.616666667,-76.75,1992-07-25,1992-07-25,1992-07-25,73.0,106.0,274.0,671.0,1138.0,NO
datos_11077030,6.616666667,-76.75,1992-07-26,1992-07-26,1992-07-26,33.0,179.0,347.0,738.0,1171.0,NO
datos_11077030,6.616666667,-76.75,1992-07-27,1992-07-27,1992-07-27,33.0,206.0,380.0,771.0,1198.0,NO
datos_11077030,6.616666667,-76.75,1992-07-28,1992-07-28,1992-07-28,25.0,239.0,404.0,744.0,1221.0,NO
datos_11077030,6.616666667,-76.75,1992-07-29,1992-07-29,1992-07-29,33.0,264.0,424.0,769.0,1206.0,NO
datos_11077030,6.616666667,-76.75,1992-07-30,1992-07-30,1992-07-30,22.0,297.0,412.0,796.0,1214.0,NO
datos_11077030,6.616666667,-76.75,1992-08-01,1992-08-01,1992-08-01,12.0,274.0,394.0,768.0,1222.0,NO
datos_11077030,6.616666667,-76.75,1992-08-02,1992-08-02,1992-08-02,7.0,286.0,403.0,761.0,1229.0,NO
datos_11077030,6.616666667,-76.75,1992-08-03,1992-08-03,1992-08-03,7.0,238.0,410.0,768.0,1211.0,NO
datos_11077030,6.616666667,-76.75,1992-08-05,1992-08-05,1992-08-05,3.0,245.0,401.0,765.0,1214.0,NO
datos_11077030,6.616666667,-76.75,1992-08-06,1992-08-06,1992-08-06,25.0,175.0,404.0,762.0,1210.0,NO
datos_11077030,6.616666667,-76.75,1992-08-07,1992-08-07,1992-08-07,15.0,167.0,429.0,782.0,1233.0,NO
datos_11077030,6.616666667,-76.75,1992-08-08,1992-08-08,1992-08-08,16.0,149.0,444.0,730.0,1153.0,NO
datos_11077030,6.616666667,-76.75,1992-08-09,1992-08-09,1992-08-09,4.0,140.0,451.0,711.0,1169.0,NO
datos_11077030,6.616666667,-76.75,1992-08-10,1992-08-10,1992-08-10,13.0,111.0,437.0,703.0,1168.0,NO
datos_11077030,6.616666667,-76.75,1992-08-11,1992-08-11,1992-08-11,12.0,102.0,440.0,709.0,1086.0,NO
datos_11077030,6.616666667,-76.75,1992-08-12,1992-08-12,1992-08-12,5.0,114.0,452.0,712.0,1063.0,NO
datos_11077030,6.616666667,-76.75,1992-08-13,1992-08-13,1992-08-13,12.0,107.0,444.0,717.0,1068.0,NO
datos_11077030,6.616666667,-76.75,1992-08-14,1992-08-14,1992-08-14,13.0,112.0,456.0,714.0,1080.0,NO
datos_11077030,6.616666667,-76.75,1992-08-15,1992-08-15,1992-08-15,30.0,118.0,469.0,727.0,1093.0,NO
datos_11077030,6.616666667,-76.75,1992-08-16,1992-08-16,1992-08-16,115.0,148.0,493.0,757.0,1113.0,NO
datos_11077030,6.616666667,-76.75,1992-08-17,1992-08-17,1992-08-17,5.0,260.0,608.0,832.0,1225.0,NO
datos_11077030,6.616666667,-76.75,1992-08-18,1992-08-18,1992-08-18,84.0,240.0,613.0,837.0,1210.0,NO
datos_11077030,6.616666667,-76.75,1992-08-20,1992-08-20,1992-08-20,15.0,293.0,697.0,876.0,1281.0,NO
datos_11077030,6.616666667,-76.75,1992-08-21,1992-08-21,1992-08-21,4.0,304.0,667.0,886.0,1283.0,NO
datos_11077030,6.616666667,-76.75,1992-08-22,1992-08-22,1992-08-22,30.0,295.0,671.0,890.0,1287.0,NO
datos_11077030,6.616666667,-76.75,1992-08-27,1992-08-27,1992-08-27,15.0,253.0,540.0,911.0,1251.0,NO
datos_11077030,6.616666667,-76.75,1992-08-28,1992-08-28,1992-08-28,14.0,153.0,522.0,921.0,1266.0,NO
datos_11077030,6.616666667,-76.75,1992-08-29,1992-08-29,1992-08-29,3.0,162.0,511.0,890.0,1274.0,NO
datos_11077030,6.616666667,-76.75,1992-08-30,1992-08-30,1992-08-30,4.0,81.0,481.0,853.0,1262.0,NO
datos_11077030,6.616666667,-76.75,1992-08-31,1992-08-31,1992-08-31,76.0,85.0,463.0,857.0,1231.0,NO
datos_11077030,6.616666667,-76.75,1992-09-01,1992-09-01,1992-09-01,71.0,146.0,539.0,930.0,1288.0,NO
datos_11077030,6.616666667,-76.75,1992-09-03,1992-09-03,1992-09-03,42.0,183.0,591.0,985.0,1349.0,NO
datos_11077030,6.616666667,-76.75,1992-09-04,1992-09-04,1992-09-04,33.0,225.0,626.0,1027.0,1391.0,NO
datos_11077030,6.616666667,-76.75,1992-09-05,1992-09-05,1992-09-05,88.0,258.0,659.0,1060.0,1418.0,NO
datos_11077030,6.616666667,-76.75,1992-09-06,1992-09-06,1992-09-06,51.0,346.0,744.0,1148.0,1501.0,NO
datos_11077030,6.616666667,-76.75,1992-09-08,1992-09-08,1992-09-08,20.0,382.0,755.0,1190.0,1450.0,NO
datos_11077030,6.616666667,-76.75,1992-09-09,1992-09-09,1992-09-09,33.0,388.0,759.0,1192.0,1458.0,NO
datos_11077030,6.616666667,-76.75,1992-09-10,1992-09-10,1992-09-10,11.0,418.0,788.0,1215.0,1484.0,NO
datos_11077030,6.616666667,-76.75,1992-09-11,1992-09-11,1992-09-11,5.0,425.0,786.0,1226.0,1486.0,NO
datos_11077030,6.616666667,-76.75,1992-09-12,1992-09-12,1992-09-12,10.0,354.0,779.0,1218.0,1491.0,NO
datos_11077030,6.616666667,-76.75,1992-09-13,1992-09-13,1992-09-13,38.0,293.0,784.0,1228.0,1486.0,NO
datos_11077030,6.616666667,-76.75,1992-09-16,1992-09-16,1992-09-16,14.0,256.0,767.0,1260.0,1484.0,NO
datos_11077030,6.616666667,-76.75,1992-09-17,1992-09-17,1992-09-17,45.0,182.0,666.0,1274.0,1498.0,NO
datos_11077030,6.616666667,-76.75,1992-09-18,1992-09-18,1992-09-18,60.0,176.0,706.0,1319.0,1498.0,NO
datos_11077030,6.616666667,-76.75,1992-09-20,1992-09-20,1992-09-20,34.0,216.0,682.0,1334.0,1553.0,NO
datos_11077030,6.616666667,-76.75,1992-09-21,1992-09-21,1992-09-21,12.0,217.0,701.0,1368.0,1587.0,NO
datos_11077030,6.616666667,-76.75,1992-09-22,1992-09-22,1992-09-22,45.0,218.0,709.0,1325.0,1599.0,NO
datos_11077030,6.616666667,-76.75,1992-09-24,1992-09-24,1992-09-24,13.0,248.0,724.0,1370.0,1644.0,NO
datos_11077030,6.616666667,-76.75,1992-09-25,1992-09-25,1992-09-25,16.0,223.0,737.0,1310.0,1657.0,NO
datos_11077030,6.616666667,-76.75,1992-09-26,1992-09-26,1992-09-26,18.0,239.0,753.0,1293.0,1664.0,NO
datos_11077030,6.616666667,-76.75,1992-09-28,1992-09-28,1992-09-28,17.0,243.0,756.0,1253.0,1632.0,NO
datos_11077030,6.616666667,-76.75,1992-09-29,1992-09-29,1992-09-29,46.1,215.0,759.0,1237.0,1609.0,NO
datos_11077030,6.616666667,-76.75,1992-09-30,1992-09-30,1992-09-30,44.0,201.1,802.1,1261.1,1655.1,NO
datos_11077030,6.616666667,-76.75,1992-10-01,1992-10-01,1992-10-01,1.0,245.1,842.1,1305.1,1696.1,NO
datos_11077030,6.616666667,-76.75,1992-10-02,1992-10-02,1992-10-02,24.0,212.1,767.1,1294.1,1697.1,NO
datos_11077030,6.616666667,-76.75,1992-10-04,1992-10-04,1992-10-04,19.0,179.1,720.1,1304.1,1705.1,NO
datos_11077030,6.616666667,-76.75,1992-10-05,1992-10-05,1992-10-05,21.0,198.1,697.1,1323.1,1724.1,NO
datos_11077030,6.616666667,-76.75,1992-10-07,1992-10-07,1992-10-07,40.0,190.1,597.1,1316.1,1745.1,NO
datos_11077030,6.616666667,-76.75,1992-10-08,1992-10-08,1992-10-08,10.0,212.1,586.1,1341.1,1776.1,NO
datos_11077030,6.616666667,-76.75,1992-10-09,1992-10-09,1992-10-09,15.0,222.1,596.1,1335.1,1768.1,NO
datos_11077030,6.616666667,-76.75,1992-10-10,1992-10-10,1992-10-10,20.0,220.1,591.1,1346.1,1773.1,NO
datos_11077030,6.616666667,-76.75,1992-10-11,1992-10-11,1992-10-11,3.0,194.0,578.1,1353.1,1793.1,NO
datos_11077030,6.616666667,-76.75,1992-10-17,1992-10-17,1992-10-17,12.0,88.0,517.1,1169.1,1777.1,NO
datos_11077030,6.616666667,-76.75,1992-10-18,1992-10-18,1992-10-18,14.0,100.0,515.1,1176.1,1789.1,NO
datos_11077030,6.616666667,-76.75,1992-10-19,1992-10-19,1992-10-19,19.0,74.0,484.1,1106.1,1803.1,NO
datos_11077030,6.616666667,-76.75,1992-10-20,1992-10-20,1992-10-20,15.0,83.0,443.1,1125.1,1777.1,NO
datos_11077030,6.616666667,-76.75,1992-10-21,1992-10-21,1992-10-21,10.0,83.0,458.1,1125.1,1792.1,NO
datos_11077030,6.616666667,-76.75,1992-10-22,1992-10-22,1992-10-22,19.0,73.0,434.1,1131.1,1747.1,NO
datos_11077030,6.616666667,-76.75,1992-10-23,1992-10-23,1992-10-23,9.0,89.0,441.1,1120.1,1766.1,NO
datos_11077030,6.616666667,-76.75,1992-10-26,1992-10-26,1992-10-26,11.0,98.0,392.1,1129.1,1669.1,NO
datos_11077030,6.616666667,-76.75,1992-10-27,1992-10-27,1992-10-27,122.0,109.0,387.1,1140.1,1647.1,NO
datos_11077030,6.616666667,-76.75,1992-10-28,1992-10-28,1992-10-28,4.0,231.0,491.1,1247.1,1744.1,NO
datos_11077030,6.616666667,-76.75,1992-10-29,1992-10-29,1992-10-29,5.0,223.0,495.1,1237.1,1715.1,NO
datos_11077030,6.616666667,-76.75,1992-11-01,1992-11-01,1992-11-01,27.0,180.0,393.0,1159.1,1686.1,NO
datos_11077030,6.616666667,-76.75,1992-11-04,1992-11-04,1992-11-04,48.0,169.0,395.0,1073.1,1699.1,NO
datos_11077030,6.616666667,-76.75,1992-11-06,1992-11-06,1992-11-06,88.0,217.0,403.0,1000.1,1719.1,NO
datos_11077030,6.616666667,-76.75,1992-11-08,1992-11-08,1992-11-08,78.0,172.0,451.0,1037.1,1776.1,NO
datos_11077030,6.616666667,-76.75,1992-11-09,1992-11-09,1992-11-09,36.0,246.0,519.0,1095.1,1850.1,NO
datos_11077030,6.616666667,-76.75,1992-11-10,1992-11-10,1992-11-10,34.0,277.0,540.0,1098.1,1873.1,NO
datos_11077030,6.616666667,-76.75,1992-11-12,1992-11-12,1992-11-12,50.0,311.0,551.0,1116.1,1890.1,NO
datos_11077030,6.616666667,-76.75,1992-11-13,1992-11-13,1992-11-13,40.0,334.0,601.0,1156.1,1928.1,NO
datos_11077030,6.616666667,-76.75,1992-11-14,1992-11-14,1992-11-14,80.0,374.0,641.0,1158.1,1955.1,NO
datos_11077030,6.616666667,-76.75,1992-11-15,1992-11-15,1992-11-15,83.0,454.0,721.0,1238.1,2005.1,NO
datos_11077030,6.616666667,-76.75,1992-11-20,1992-11-20,1992-11-20,11.0,323.0,759.0,1202.1,1869.1,NO
datos_11077030,6.616666667,-76.75,1992-11-21,1992-11-21,1992-11-21,13.0,298.0,755.0,1179.1,1876.1,NO
datos_11077030,6.616666667,-76.75,1992-11-23,1992-11-23,1992-11-23,14.0,277.0,739.0,1135.1,1859.1,NO
datos_11077030,6.616666667,-76.75,1992-11-25,1992-11-25,1992-11-25,15.0,201.0,744.0,1136.1,1873.1,NO
datos_11077030,6.616666667,-76.75,1992-11-28,1992-11-28,1992-11-28,15.0,53.0,626.0,1117.1,1859.1,NO
datos_11077030,6.616666667,-76.75,1992-11-29,1992-11-29,1992-11-29,17.0,68.0,637.0,1115.1,1871.1,NO
datos_11077030,6.616666667,-76.75,1992-11-30,1992-11-30,1992-11-30,80.0,85.0,649.0,1086.0,1884.1,NO
datos_11077030,6.616666667,-76.75,1992-12-01,1992-12-01,1992-12-01,20.0,165.0,729.0,1122.0,1888.1,NO
datos_11077030,6.616666667,-76.75,1992-12-03,1992-12-03,1992-12-03,60.0,161.0,722.0,1117.0,1837.1,NO
datos_11077030,6.616666667,-76.75,1992-12-04,1992-12-04,1992-12-04,70.0,221.0,782.0,1177.0,1855.1,NO
datos_11077030,6.616666667,-76.75,1992-12-05,1992-12-05,1992-12-05,70.0,277.0,852.0,1228.0,1892.1,NO
datos_11077030,6.616666667,-76.75,1992-12-06,1992-12-06,1992-12-06,20.0,347.0,874.0,1277.0,1874.1,NO
datos_11077030,6.616666667,-76.75,1992-12-07,1992-12-07,1992-12-07,21.0,352.0,894.0,1297.0,1843.1,NO
datos_11077030,6.616666667,-76.75,1992-12-08,1992-12-08,1992-12-08,65.0,373.0,827.0,1278.0,1864.1,NO
datos_11077030,6.616666667,-76.75,1992-12-12,1992-12-12,1992-12-12,11.0,326.0,744.0,1295.0,1860.1,NO
datos_11077030,6.616666667,-76.75,1992-12-14,1992-12-14,1992-12-14,60.0,317.0,705.0,1306.0,1823.1,NO
datos_11077030,6.616666667,-76.75,1992-12-16,1992-12-16,1992-12-16,14.0,247.0,645.0,1366.0,1883.1,NO
datos_11077030,6.616666667,-76.75,1992-12-21,1992-12-21,1992-12-21,14.0,85.0,576.0,1320.0,1744.1,NO
datos_11077030,6.616666667,-76.75,1992-12-26,1992-12-26,1992-12-26,20.0,28.0,552.0,1296.0,1672.1,NO
datos_11077030,6.616666667,-76.75,1992-12-28,1992-12-28,1992-12-28,24.0,34.0,557.0,1183.0,1674.1,NO
datos_11077030,6.616666667,-76.75,1992-12-29,1992-12-29,1992-12-29,30.0,58.0,581.0,1203.0,1681.1,NO
datos_11077030,6.616666667,-76.75,1993-01-01,1993-01-01,1993-01-01,70.0,88.0,499.0,1228.0,1620.0,NO
datos_11077030,6.616666667,-76.75,1993-01-03,1993-01-03,1993-01-03,6.0,144.0,549.0,1271.0,1666.0,NO
datos_11077030,6.616666667,-76.75,1993-01-04,1993-01-04,1993-01-04,10.0,150.0,495.0,1277.0,1653.0,NO
datos_11077030,6.616666667,-76.75,1993-01-05,1993-01-05,1993-01-05,15.0,160.0,435.0,1239.0,1642.0,NO
datos_11077030,6.616666667,-76.75,1993-01-08,1993-01-08,1993-01-08,11.0,155.0,339.0,1166.0,1607.0,NO
datos_11077030,6.616666667,-76.75,1993-01-09,1993-01-09,1993-01-09,22.0,142.0,285.0,1099.0,1603.0,NO
datos_11077030,6.616666667,-76.75,1993-01-10,1993-01-10,1993-01-10,26.0,134.0,307.0,1085.0,1605.0,NO
datos_11077030,6.616666667,-76.75,1993-01-12,1993-01-12,1993-01-12,15.0,160.0,333.0,1077.0,1628.0,NO
datos_11077030,6.616666667,-76.75,1993-01-16,1993-01-16,1993-01-16,17.0,89.0,277.0,839.0,1643.0,NO
datos_11077030,6.616666667,-76.75,1993-01-17,1993-01-17,1993-01-17,18.0,91.0,280.0,856.0,1648.0,NO
datos_11077030,6.616666667,-76.75,1993-01-18,1993-01-18,1993-01-18,14.0,109.0,298.0,874.0,1652.0,NO
datos_11077030,6.616666667,-76.75,1993-01-19,1993-01-19,1993-01-19,18.0,123.0,312.0,888.0,1647.0,NO
datos_11077030,6.616666667,-76.75,1993-01-21,1993-01-21,1993-01-21,7.0,108.0,330.0,895.0,1640.0,NO
datos_11077030,6.616666667,-76.75,1993-01-22,1993-01-22,1993-01-22,10.0,89.0,323.0,889.0,1628.0,NO
datos_11077030,6.616666667,-76.75,1993-01-23,1993-01-23,1993-01-23,12.0,99.0,333.0,899.0,1629.0,NO
datos_11077030,6.616666667,-76.75,1993-01-25,1993-01-25,1993-01-25,11.0,96.0,345.0,897.0,1641.0,NO
datos_11077030,6.616666667,-76.75,1993-02-09,1993-02-09,1993-02-09,10.0,0.0,170.0,455.0,1233.0,NO
datos_11077030,6.616666667,-76.75,1993-02-10,1993-02-10,1993-02-10,40.0,10.0,158.0,465.0,1209.0,NO
datos_11077030,6.616666667,-76.75,1993-02-11,1993-02-11,1993-02-11,43.0,50.0,172.0,505.0,1249.0,NO
datos_11077030,6.616666667,-76.75,1993-02-27,1993-02-27,1993-02-27,77.0,0.0,93.0,429.0,986.0,NO
datos_11077030,6.616666667,-76.75,1993-03-01,1993-03-01,1993-03-01,2.0,77.0,170.0,452.0,1031.0,NO
datos_11077030,6.616666667,-76.75,1993-03-02,1993-03-02,1993-03-02,5.0,79.0,172.0,454.0,953.0,NO
datos_11077030,6.616666667,-76.75,1993-03-07,1993-03-07,1993-03-07,5.0,84.0,177.0,373.0,738.0,NO
datos_11077030,6.616666667,-76.75,1993-03-08,1993-03-08,1993-03-08,45.0,89.0,182.0,363.0,723.0,NO
datos_11077030,6.616666667,-76.75,1993-03-13,1993-03-13,1993-03-13,5.0,55.0,217.0,349.0,682.0,NO
datos_11077030,6.616666667,-76.75,1993-03-15,1993-03-15,1993-03-15,10.0,55.0,139.0,339.0,676.0,NO
datos_11077030,6.616666667,-76.75,1993-03-17,1993-03-17,1993-03-17,5.0,65.0,149.0,349.0,626.0,NO
datos_11077030,6.616666667,-76.75,1993-03-20,1993-03-20,1993-03-20,40.0,20.0,154.0,319.0,617.0,NO
datos_11077030,6.616666667,-76.75,1993-03-21,1993-03-21,1993-03-21,12.0,60.0,194.0,345.0,657.0,NO
datos_11077030,6.616666667,-76.75,1993-03-23,1993-03-23,1993-03-23,70.0,72.0,206.0,339.0,655.0,NO
datos_11077030,6.616666667,-76.75,1993-03-24,1993-03-24,1993-03-24,6.0,142.0,276.0,402.0,725.0,NO
datos_11077030,6.616666667,-76.75,1993-03-25,1993-03-25,1993-03-25,40.0,143.0,282.0,398.0,731.0,NO
datos_11077030,6.616666667,-76.75,1993-03-26,1993-03-26,1993-03-26,10.0,183.0,322.0,426.0,771.0,NO
datos_11077030,6.616666667,-76.75,1993-03-28,1993-03-28,1993-03-28,21.0,183.0,332.0,425.0,761.0,NO
datos_11077030,6.616666667,-76.75,1993-03-29,1993-03-29,1993-03-29,8.0,199.0,353.0,446.0,782.0,NO
datos_11077030,6.616666667,-76.75,1993-03-30,1993-03-30,1993-03-30,8.0,207.0,361.0,454.0,766.0,NO
datos_11077030,6.616666667,-76.75,1993-03-31,1993-03-31,1993-03-31,7.0,215.0,292.0,462.0,744.0,NO
datos_11077030,6.616666667,-76.75,1993-04-01,1993-04-01,1993-04-01,22.0,182.0,299.0,469.0,751.0,NO
datos_11077030,6.616666667,-76.75,1993-04-02,1993-04-02,1993-04-02,50.0,192.0,319.0,491.0,773.0,NO
datos_11077030,6.616666667,-76.75,1993-04-04,1993-04-04,1993-04-04,56.0,172.0,364.0,541.0,753.0,NO
datos_11077030,6.616666667,-76.75,1993-04-05,1993-04-05,1993-04-05,6.0,222.0,420.0,597.0,803.0,NO
datos_11077030,6.616666667,-76.75,1993-04-06,1993-04-06,1993-04-06,4.0,188.0,426.0,603.0,799.0,NO
datos_11077030,6.616666667,-76.75,1993-04-07,1993-04-07,1993-04-07,52.0,182.0,430.0,607.0,788.0,NO
datos_11077030,6.616666667,-76.75,1993-04-12,1993-04-12,1993-04-12,17.0,190.0,432.0,649.0,781.0,NO
datos_11077030,6.616666667,-76.75,1993-04-15,1993-04-15,1993-04-15,20.0,135.0,444.0,583.0,783.0,NO
datos_11077030,6.616666667,-76.75,1993-04-16,1993-04-16,1993-04-16,10.0,99.0,454.0,603.0,803.0,NO
datos_11077030,6.616666667,-76.75,1993-04-17,1993-04-17,1993-04-17,48.0,103.0,464.0,613.0,813.0,NO
datos_11077030,6.616666667,-76.75,1993-04-18,1993-04-18,1993-04-18,34.0,147.0,507.0,661.0,844.0,NO
datos_11077030,6.616666667,-76.75,1993-04-23,1993-04-23,1993-04-23,9.0,129.0,489.0,695.0,821.0,NO
datos_11077030,6.616666667,-76.75,1993-04-25,1993-04-25,1993-04-25,144.0,121.0,422.0,704.0,808.0,NO
datos_11077030,6.616666667,-76.75,1993-04-27,1993-04-27,1993-04-27,8.0,245.0,516.0,848.0,941.0,NO
datos_11077030,6.616666667,-76.75,1993-05-01,1993-05-01,1993-05-01,2.0,161.0,487.0,779.0,949.0,NO
datos_11077030,6.616666667,-76.75,1993-05-02,1993-05-02,1993-05-02,34.0,163.0,482.0,779.0,951.0,NO
datos_11077030,6.616666667,-76.75,1993-05-03,1993-05-03,1993-05-03,6.0,197.0,494.0,808.0,985.0,NO
datos_11077030,6.616666667,-76.75,1993-05-05,1993-05-05,1993-05-05,42.0,194.0,450.0,814.0,991.0,NO
datos_11077030,6.616666667,-76.75,1993-05-06,1993-05-06,1993-05-06,2.0,236.0,436.0,856.0,1033.0,NO
datos_11077030,6.616666667,-76.75,1993-05-07,1993-05-07,1993-05-07,3.0,94.0,432.0,858.0,1035.0,NO
datos_11077030,6.616666667,-76.75,1993-05-08,1993-05-08,1993-05-08,24.0,97.0,431.0,856.0,1038.0,NO
datos_11077030,6.616666667,-76.75,1993-05-09,1993-05-09,1993-05-09,63.0,113.0,403.0,835.0,1062.0,NO
datos_11077030,6.616666667,-76.75,1993-05-11,1993-05-11,1993-05-11,4.0,176.0,466.0,898.0,1125.0,NO
datos_11077030,6.616666667,-76.75,1993-05-12,1993-05-12,1993-05-12,12.0,180.0,470.0,902.0,1119.0,NO
datos_11077030,6.616666667,-76.75,1993-05-15,1993-05-15,1993-05-15,22.0,150.0,465.0,909.0,1048.0,NO
datos_11077030,6.616666667,-76.75,1993-05-16,1993-05-16,1993-05-16,15.0,172.0,487.0,921.0,1070.0,NO
datos_11077030,6.616666667,-76.75,1993-05-17,1993-05-17,1993-05-17,10.0,145.0,482.0,936.0,1085.0,NO
datos_11077030,6.616666667,-76.75,1993-05-19,1993-05-19,1993-05-19,14.0,150.0,434.0,941.0,1095.0,NO
datos_11077030,6.616666667,-76.75,1993-05-20,1993-05-20,1993-05-20,10.0,140.0,414.0,955.0,1109.0,NO
datos_11077030,6.616666667,-76.75,1993-05-24,1993-05-24,1993-05-24,11.0,71.0,424.0,843.0,1119.0,NO
datos_11077030,6.616666667,-76.75,1993-05-25,1993-05-25,1993-05-25,36.0,82.0,426.0,848.0,1130.0,NO
datos_11077030,6.616666667,-76.75,1993-05-27,1993-05-27,1993-05-27,24.0,96.0,318.0,834.0,1166.0,NO
datos_11077030,6.616666667,-76.75,1993-05-31,1993-05-31,1993-05-31,67.0,81.0,334.0,821.0,1113.0,NO
datos_11077030,6.616666667,-76.75,1993-06-05,1993-06-05,1993-06-05,10.0,127.0,359.0,753.0,1173.0,NO
datos_11077030,6.616666667,-76.75,1993-06-06,1993-06-06,1993-06-06,10.0,101.0,327.0,757.0,1183.0,NO
datos_11077030,6.616666667,-76.75,1993-06-07,1993-06-07,1993-06-07,15.0,111.0,335.0,763.0,1188.0,NO
datos_11077030,6.616666667,-76.75,1993-06-10,1993-06-10,1993-06-10,8.0,102.0,260.0,726.0,1158.0,NO
datos_11077030,6.616666667,-76.75,1993-06-12,1993-06-12,1993-06-12,100.0,43.0,264.0,734.0,1166.0,NO
datos_11077030,6.616666667,-76.75,1993-06-14,1993-06-14,1993-06-14,13.0,143.0,352.0,817.0,1261.0,NO
datos_11077030,6.616666667,-76.75,1993-06-18,1993-06-18,1993-06-18,79.0,136.0,318.0,752.0,1259.0,NO
datos_11077030,6.616666667,-76.75,1993-06-19,1993-06-19,1993-06-19,80.0,200.0,397.0,797.0,1338.0,NO
datos_11077030,6.616666667,-76.75,1993-06-20,1993-06-20,1993-06-20,40.0,280.0,463.0,877.0,1378.0,NO
datos_11077030,6.616666667,-76.75,1993-06-22,1993-06-22,1993-06-22,34.0,312.0,493.0,917.0,1406.0,NO
datos_11077030,6.616666667,-76.75,1993-06-23,1993-06-23,1993-06-23,45.0,346.0,527.0,951.0,1370.0,NO
datos_11077030,6.616666667,-76.75,1993-06-25,1993-06-25,1993-06-25,34.0,291.0,561.0,987.0,1369.0,NO
datos_11077030,6.616666667,-76.75,1993-06-26,1993-06-26,1993-06-26,43.0,312.0,559.0,877.0,1393.0,NO
datos_11077030,6.616666667,-76.75,1993-06-27,1993-06-27,1993-06-27,75.0,355.0,602.0,920.0,1436.0,NO
datos_11077030,6.616666667,-76.75,1993-06-28,1993-06-28,1993-06-28,20.0,430.0,653.0,987.0,1490.0,NO
datos_11077030,6.616666667,-76.75,1993-06-30,1993-06-30,1993-06-30,10.0,371.0,673.0,1007.0,1494.0,NO
datos_11077030,6.616666667,-76.75,1993-07-03,1993-07-03,1993-07-03,10.0,261.0,616.0,981.0,1425.0,NO
datos_11077030,6.616666667,-76.75,1993-07-04,1993-07-04,1993-07-04,2.0,237.0,626.0,985.0,1435.0,NO
datos_11077030,6.616666667,-76.75,1993-07-05,1993-07-05,1993-07-05,25.0,194.0,628.0,987.0,1381.0,NO
datos_11077030,6.616666667,-76.75,1993-07-06,1993-07-06,1993-07-06,4.0,219.0,653.0,970.0,1400.0,NO
datos_11077030,6.616666667,-76.75,1993-07-08,1993-07-08,1993-07-08,31.0,146.0,637.0,969.0,1348.0,NO
datos_11077030,6.616666667,-76.75,1993-07-09,1993-07-09,1993-07-09,8.0,102.0,653.0,976.0,1379.0,NO
datos_11077030,6.616666667,-76.75,1993-07-10,1993-07-10,1993-07-10,10.0,90.0,661.0,921.0,1387.0,NO
datos_11077030,6.616666667,-76.75,1993-07-13,1993-07-13,1993-07-13,8.0,90.0,663.0,915.0,1380.0,NO
datos_11077030,6.616666667,-76.75,1993-07-14,1993-07-14,1993-07-14,7.0,98.0,571.0,923.0,1388.0,NO
datos_11077030,6.616666667,-76.75,1993-07-15,1993-07-15,1993-07-15,12.0,95.0,578.0,930.0,1395.0,NO
datos_11077030,6.616666667,-76.75,1993-07-16,1993-07-16,1993-07-16,30.0,105.0,577.0,920.0,1387.0,NO
datos_11077030,6.616666667,-76.75,1993-07-18,1993-07-18,1993-07-18,10.0,106.0,607.0,925.0,1359.0,NO
datos_11077030,6.616666667,-76.75,1993-07-19,1993-07-19,1993-07-19,12.0,116.0,617.0,935.0,1335.0,NO
datos_11077030,6.616666667,-76.75,1993-07-20,1993-07-20,1993-07-20,56.0,97.0,550.0,933.0,1347.0,NO
datos_11077030,6.616666667,-76.75,1993-07-21,1993-07-21,1993-07-21,10.0,145.0,526.0,979.0,1403.0,NO
datos_11077030,6.616666667,-76.75,1993-07-23,1993-07-23,1993-07-23,13.0,145.0,496.0,989.0,1413.0,NO
datos_11077030,6.616666667,-76.75,1993-07-24,1993-07-24,1993-07-24,5.0,158.0,475.0,1002.0,1417.0,NO
datos_11077030,6.616666667,-76.75,1993-07-26,1993-07-26,1993-07-26,10.0,148.0,435.0,960.0,1278.0,NO
datos_11077030,6.616666667,-76.75,1993-07-28,1993-07-28,1993-07-28,5.0,116.0,368.0,946.0,1280.0,NO
datos_11077030,6.616666667,-76.75,1993-07-30,1993-07-30,1993-07-30,47.0,111.0,278.0,951.0,1285.0,NO
datos_11077030,6.616666667,-76.75,1993-08-01,1993-08-01,1993-08-01,4.0,90.0,315.0,931.0,1330.0,NO
datos_11077030,6.616666667,-76.75,1993-08-02,1993-08-02,1993-08-02,5.0,84.0,319.0,935.0,1300.0,NO
datos_11077030,6.616666667,-76.75,1993-08-06,1993-08-06,1993-08-06,5.0,71.0,287.0,930.0,1255.0,NO
datos_11077030,6.616666667,-76.75,1993-08-07,1993-08-07,1993-08-07,6.0,66.0,288.0,925.0,1257.0,NO
datos_11077030,6.616666667,-76.75,1993-08-08,1993-08-08,1993-08-08,5.0,72.0,294.0,916.0,1239.0,NO
datos_11077030,6.616666667,-76.75,1993-08-09,1993-08-09,1993-08-09,10.0,72.0,268.0,921.0,1181.0,NO
datos_11077030,6.616666667,-76.75,1993-08-11,1993-08-11,1993-08-11,10.0,35.0,260.0,923.0,1187.0,NO
datos_11077030,6.616666667,-76.75,1993-08-12,1993-08-12,1993-08-12,2.0,45.0,270.0,933.0,1185.0,NO
datos_11077030,6.616666667,-76.75,1993-08-13,1993-08-13,1993-08-13,5.0,43.0,272.0,835.0,1187.0,NO
datos_11077030,6.616666667,-76.75,1993-08-14,1993-08-14,1993-08-14,65.0,43.0,269.0,840.0,1192.0,NO
datos_11077030,6.616666667,-76.75,1993-08-15,1993-08-15,1993-08-15,3.0,108.0,327.0,892.0,1235.0,NO
datos_11077030,6.616666667,-76.75,1993-08-16,1993-08-16,1993-08-16,5.0,111.0,318.0,895.0,1223.0,NO
datos_11077030,6.616666667,-76.75,1993-08-17,1993-08-17,1993-08-17,2.0,116.0,293.0,900.0,1218.0,NO
datos_11077030,6.616666667,-76.75,1993-08-18,1993-08-18,1993-08-18,4.0,113.0,295.0,902.0,1220.0,NO
datos_11077030,6.616666667,-76.75,1993-08-20,1993-08-20,1993-08-20,5.0,106.0,277.0,747.0,1200.0,NO
datos_11077030,6.616666667,-76.75,1993-08-21,1993-08-21,1993-08-21,53.0,101.0,226.0,712.0,1205.0,NO
datos_11077030,6.616666667,-76.75,1993-08-23,1993-08-23,1993-08-23,34.0,144.0,269.0,731.0,1258.0,NO
datos_11077030,6.616666667,-76.75,1993-08-24,1993-08-24,1993-08-24,15.0,176.0,290.0,720.0,1281.0,NO
datos_11077030,6.616666667,-76.75,1993-08-25,1993-08-25,1993-08-25,24.0,186.0,300.0,735.0,1260.0,NO
datos_11077030,6.616666667,-76.75,1993-08-27,1993-08-27,1993-08-27,11.0,142.0,314.0,682.0,1260.0,NO
datos_11077030,6.616666667,-76.75,1993-08-31,1993-08-31,1993-08-31,50.0,142.0,273.0,588.0,1204.0,NO
datos_11077030,6.616666667,-76.75,1993-09-02,1993-09-02,1993-09-02,6.0,134.0,319.0,638.0,1254.0,NO
datos_11077030,6.616666667,-76.75,1993-09-03,1993-09-03,1993-09-03,7.0,140.0,320.0,634.0,1260.0,NO
datos_11077030,6.616666667,-76.75,1993-09-04,1993-09-04,1993-09-04,50.0,113.0,327.0,639.0,1267.0,NO
datos_11077030,6.616666667,-76.75,1993-09-06,1993-09-06,1993-09-06,7.0,124.0,377.0,660.0,1297.0,NO
datos_11077030,6.616666667,-76.75,1993-09-08,1993-09-08,1993-09-08,90.0,120.0,373.0,636.0,1289.0,NO
datos_11077030,6.616666667,-76.75,1993-09-11,1993-09-11,1993-09-11,25.0,210.0,448.0,708.0,1371.0,NO
datos_11077030,6.616666667,-76.75,1993-09-13,1993-09-13,1993-09-13,90.0,185.0,461.0,725.0,1296.0,NO
datos_11077030,6.616666667,-76.75,1993-09-15,1993-09-15,1993-09-15,35.0,262.0,481.0,796.0,1373.0,NO
datos_11077030,6.616666667,-76.75,1993-09-16,1993-09-16,1993-09-16,15.0,247.0,513.0,801.0,1408.0,NO
datos_11077030,6.616666667,-76.75,1993-09-20,1993-09-20,1993-09-20,5.0,165.0,517.0,738.0,1224.0,NO
datos_11077030,6.616666667,-76.75,1993-09-21,1993-09-21,1993-09-21,25.0,170.0,517.0,733.0,1229.0,NO
datos_11077030,6.616666667,-76.75,1993-09-22,1993-09-22,1993-09-22,60.0,195.0,489.0,758.0,1220.0,NO
datos_11077030,6.616666667,-76.75,1993-09-25,1993-09-25,1993-09-25,20.0,140.0,500.0,800.0,1201.0,NO
datos_11077030,6.616666667,-76.75,1993-09-26,1993-09-26,1993-09-26,70.0,160.0,496.0,810.0,1178.0,NO
datos_11077030,6.616666667,-76.75,1993-09-27,1993-09-27,1993-09-27,8.0,195.0,566.0,880.0,1173.0,NO
datos_11077030,6.616666667,-76.75,1993-09-28,1993-09-28,1993-09-28,12.0,188.0,563.0,883.0,1161.0,NO
datos_11077030,6.616666667,-76.75,1993-09-29,1993-09-29,1993-09-29,13.0,200.0,575.0,895.0,1173.0,NO
datos_11077030,6.616666667,-76.75,1993-10-01,1993-10-01,1993-10-01,12.0,213.0,588.0,861.0,1176.0,NO
datos_11077030,6.616666667,-76.75,1993-10-02,1993-10-02,1993-10-02,10.0,220.0,550.0,869.0,1188.0,NO
datos_11077030,6.616666667,-76.75,1993-10-04,1993-10-04,1993-10-04,4.0,145.0,554.0,874.0,1186.0,NO
datos_11077030,6.616666667,-76.75,1993-10-08,1993-10-08,1993-10-08,10.0,59.0,494.0,867.0,1130.0,NO
datos_11077030,6.616666667,-76.75,1993-10-09,1993-10-09,1993-10-09,10.0,61.0,504.0,872.0,1132.0,NO
datos_11077030,6.616666667,-76.75,1993-10-10,1993-10-10,1993-10-10,25.0,59.0,424.0,872.0,1132.0,NO
datos_11077030,6.616666667,-76.75,1993-10-12,1993-10-12,1993-10-12,32.0,71.0,449.0,887.0,1157.0,NO
datos_11077030,6.616666667,-76.75,1993-10-13,1993-10-13,1993-10-13,40.0,91.0,456.0,917.0,1181.0,NO
datos_11077030,6.616666667,-76.75,1993-10-15,1993-10-15,1993-10-15,25.0,121.0,406.0,887.0,1202.0,NO
datos_11077030,6.616666667,-76.75,1993-10-16,1993-10-16,1993-10-16,7.6,142.0,431.0,909.0,1197.0,NO
datos_11077030,6.616666667,-76.75,1993-10-18,1993-10-18,1993-10-18,36.0,149.6,388.6,909.6,1194.6,NO
datos_11077030,6.616666667,-76.75,1993-10-19,1993-10-19,1993-10-19,20.0,185.6,424.6,941.6,1218.6,NO
datos_11077030,6.616666667,-76.75,1993-10-23,1993-10-23,1993-10-23,7.0,160.6,414.6,903.6,1159.6,NO
datos_11077030,6.616666667,-76.75,1993-10-25,1993-10-25,1993-10-25,2.0,95.6,361.6,861.6,1161.6,NO
datos_11077030,6.616666667,-76.75,1993-10-26,1993-10-26,1993-10-26,50.0,97.6,363.6,839.6,1153.6,NO
datos_11077030,6.616666667,-76.75,1993-10-27,1993-10-27,1993-10-27,60.0,122.6,393.6,889.6,1203.6,NO
datos_11077030,6.616666667,-76.75,1993-10-28,1993-10-28,1993-10-28,65.0,175.0,383.6,938.6,1258.6,NO
datos_11077030,6.616666667,-76.75,1993-10-29,1993-10-29,1993-10-29,20.0,240.0,440.6,1003.6,1323.6,NO
datos_11077030,6.616666667,-76.75,1993-10-30,1993-10-30,1993-10-30,40.0,224.0,448.6,1023.6,1296.6,NO
datos_11077030,6.616666667,-76.75,1993-11-01,1993-11-01,1993-11-01,40.0,244.0,475.6,1013.6,1332.6,NO
datos_11077030,6.616666667,-76.75,1993-11-02,1993-11-02,1993-11-02,34.0,284.0,503.6,1053.6,1367.6,NO
datos_11077030,6.616666667,-76.75,1993-11-03,1993-11-03,1993-11-03,55.0,318.0,527.6,1081.6,1401.6,NO
datos_11077030,6.616666667,-76.75,1993-11-06,1993-11-06,1993-11-06,91.0,364.0,578.6,1079.6,1451.6,NO
datos_11077030,6.616666667,-76.75,1993-11-08,1993-11-08,1993-11-08,55.0,345.0,669.6,1163.6,1531.6,NO
datos_11077030,6.616666667,-76.75,1993-11-10,1993-11-10,1993-11-10,15.0,315.0,704.6,1128.6,1576.6,NO
datos_11077030,6.616666667,-76.75,1993-11-11,1993-11-11,1993-11-11,10.0,290.0,694.6,1143.6,1581.6,NO
datos_11077030,6.616666667,-76.75,1993-11-12,1993-11-12,1993-11-12,15.0,300.0,704.6,1128.6,1589.6,NO
datos_11077030,6.616666667,-76.75,1993-11-13,1993-11-13,1993-11-13,11.0,275.0,687.6,1143.6,1599.6,NO
datos_11077030,6.616666667,-76.75,1993-11-14,1993-11-14,1993-11-14,16.0,252.0,658.6,1064.6,1545.6,NO
datos_11077030,6.616666667,-76.75,1993-11-15,1993-11-15,1993-11-15,5.0,213.0,674.6,1080.6,1558.6,NO
datos_11077030,6.616666667,-76.75,1993-11-16,1993-11-16,1993-11-16,32.0,218.0,654.6,1050.6,1558.6,NO
datos_11077030,6.616666667,-76.75,1993-11-23,1993-11-23,1993-11-23,5.0,79.0,623.0,977.6,1492.6,NO
datos_11077030,6.616666667,-76.75,1993-11-25,1993-11-25,1993-11-25,15.0,58.0,621.0,982.6,1458.6,NO
datos_11077030,6.616666667,-76.75,1993-11-28,1993-11-28,1993-11-28,44.0,20.0,524.0,899.6,1462.6,NO
datos_11077030,6.616666667,-76.75,1993-11-29,1993-11-29,1993-11-29,10.0,64.0,503.0,931.6,1506.6,NO
datos_11077030,6.616666667,-76.75,1993-11-30,1993-11-30,1993-11-30,11.0,74.0,493.0,928.6,1516.6,NO
datos_11077030,6.616666667,-76.75,1993-12-01,1993-12-01,1993-12-01,85.0,85.0,464.0,939.6,1477.6,NO
datos_11077030,6.616666667,-76.75,1993-12-02,1993-12-02,1993-12-02,11.0,170.0,549.0,1012.6,1562.6,NO
datos_11077030,6.616666667,-76.75,1993-12-05,1993-12-05,1993-12-05,15.0,176.0,431.0,1009.6,1510.6,NO
datos_11077030,6.616666667,-76.75,1993-12-06,1993-12-06,1993-12-06,10.0,191.0,446.0,1024.6,1525.6,NO
datos_11077030,6.616666667,-76.75,1993-12-07,1993-12-07,1993-12-07,24.0,186.0,456.0,1034.6,1528.6,NO
datos_11077030,6.616666667,-76.75,1993-12-09,1993-12-09,1993-12-09,75.0,210.0,389.0,1048.6,1462.6,NO
datos_11077030,6.616666667,-76.75,1993-12-11,1993-12-11,1993-12-11,10.0,231.0,409.0,1088.6,1537.6,NO
datos_11077030,6.616666667,-76.75,1993-12-12,1993-12-12,1993-12-12,12.0,230.0,404.0,1098.6,1522.6,NO
datos_11077030,6.616666667,-76.75,1993-12-13,1993-12-13,1993-12-13,120.0,157.0,406.0,1078.6,1534.6,NO
datos_11077030,6.616666667,-76.75,1993-12-14,1993-12-14,1993-12-14,18.0,266.0,511.0,1158.6,1564.6,NO
datos_11077030,6.616666667,-76.75,1993-12-16,1993-12-16,1993-12-16,70.0,284.0,502.0,1151.6,1547.6,NO
datos_11077030,6.616666667,-76.75,1993-12-17,1993-12-17,1993-12-17,150.0,339.0,567.0,1214.0,1602.6,NO
datos_11077030,6.616666667,-76.75,1993-12-22,1993-12-22,1993-12-22,15.0,380.0,685.0,1308.0,1722.6,NO
datos_11077030,6.616666667,-76.75,1993-12-24,1993-12-24,1993-12-24,12.0,373.0,700.0,1316.0,1677.6,NO
datos_11077030,6.616666667,-76.75,1993-12-25,1993-12-25,1993-12-25,11.0,265.0,707.0,1328.0,1689.6,NO
datos_11077030,6.616666667,-76.75,1993-12-26,1993-12-26,1993-12-26,30.0,258.0,718.0,1337.0,1680.6,NO
datos_11077030,6.616666667,-76.75,1993-12-28,1993-12-28,1993-12-28,32.0,218.0,733.0,1257.0,1632.6,NO
datos_11077030,6.616666667,-76.75,1993-12-29,1993-12-29,1993-12-29,6.0,100.0,765.0,1224.0,1652.6,NO
datos_11077030,6.616666667,-76.75,1994-01-04,1994-01-04,1994-01-04,20.0,91.0,610.0,1041.0,1619.6,NO
datos_11077030,6.616666667,-76.75,1994-01-08,1994-01-08,1994-01-08,6.0,58.0,581.0,970.0,1629.6,NO
datos_11077030,6.616666667,-76.75,1994-01-09,1994-01-09,1994-01-09,10.0,32.0,587.0,921.0,1625.6,NO
datos_11077030,6.616666667,-76.75,1994-01-10,1994-01-10,1994-01-10,120.0,36.0,522.0,931.0,1610.6,NO
datos_11077030,6.616666667,-76.75,1994-01-11,1994-01-11,1994-01-11,5.0,156.0,642.0,1036.0,1730.6,NO
datos_11077030,6.616666667,-76.75,1994-01-12,1994-01-12,1994-01-12,15.0,161.0,637.0,1031.0,1703.6,NO
datos_11077030,6.616666667,-76.75,1994-01-13,1994-01-13,1994-01-13,10.0,176.0,640.0,1031.0,1678.6,NO
datos_11077030,6.616666667,-76.75,1994-01-14,1994-01-14,1994-01-14,5.0,186.0,530.0,1030.0,1688.6,NO
datos_11077030,6.616666667,-76.75,1994-01-16,1994-01-16,1994-01-16,11.0,171.0,517.0,1014.0,1661.0,NO
datos_11077030,6.616666667,-76.75,1994-01-17,1994-01-17,1994-01-17,10.0,182.0,458.0,993.0,1672.0,NO
datos_11077030,6.616666667,-76.75,1994-01-18,1994-01-18,1994-01-18,20.0,192.0,318.0,1003.0,1646.0,NO
datos_11077030,6.616666667,-76.75,1994-01-19,1994-01-19,1994-01-19,22.0,212.0,338.0,1023.0,1646.0,NO
datos_11077030,6.616666667,-76.75,1994-01-28,1994-01-28,1994-01-28,15.0,52.0,292.0,1025.0,1484.0,NO
datos_11077030,6.616666667,-76.75,1994-01-29,1994-01-29,1994-01-29,19.0,57.0,275.0,996.0,1479.0,NO
datos_11077030,6.616666667,-76.75,1994-02-03,1994-02-03,1994-02-03,35.0,34.0,288.0,898.0,1329.0,NO
datos_11077030,6.616666667,-76.75,1994-02-04,1994-02-04,1994-02-04,12.0,69.0,323.0,933.0,1364.0,NO
datos_11077030,6.616666667,-76.75,1994-02-06,1994-02-06,1994-02-06,35.0,81.0,315.0,920.0,1285.0,NO
datos_11077030,6.616666667,-76.75,1994-02-25,1994-02-25,1994-02-25,25.0,0.0,116.0,438.0,1141.0,NO
datos_11077030,6.616666667,-76.75,1994-03-01,1994-03-01,1994-03-01,160.0,25.0,126.0,395.0,1112.0,NO
datos_11077030,6.616666667,-76.75,1994-03-02,1994-03-02,1994-03-02,10.0,185.0,267.0,555.0,1261.0,NO
datos_11077030,6.616666667,-76.75,1994-03-05,1994-03-05,1994-03-05,10.0,195.0,277.0,565.0,1175.0,NO
datos_11077030,6.616666667,-76.75,1994-03-06,1994-03-06,1994-03-06,12.0,205.0,287.0,575.0,1185.0,NO
datos_11077030,6.616666667,-76.75,1994-03-07,1994-03-07,1994-03-07,11.0,217.0,264.0,567.0,1182.0,NO
datos_11077030,6.616666667,-76.75,1994-03-08,1994-03-08,1994-03-08,47.0,228.0,263.0,578.0,1183.0,NO
datos_11077030,6.616666667,-76.75,1994-03-09,1994-03-09,1994-03-09,15.0,250.0,310.0,625.0,1206.0,NO
datos_11077030,6.616666667,-76.75,1994-03-10,1994-03-10,1994-03-10,10.0,265.0,290.0,640.0,1221.0,NO
datos_11077030,6.616666667,-76.75,1994-03-11,1994-03-11,1994-03-11,90.0,275.0,300.0,644.0,1156.0,NO
datos_11077030,6.616666667,-76.75,1994-03-18,1994-03-18,1994-03-18,31.0,173.0,390.0,569.0,1016.0,NO
datos_11077030,6.616666667,-76.75,1994-03-22,1994-03-22,1994-03-22,10.0,121.0,421.0,537.0,897.0,NO
datos_11077030,6.616666667,-76.75,1994-03-24,1994-03-24,1994-03-24,90.0,41.0,431.0,547.0,892.0,NO
datos_11077030,6.616666667,-76.75,1994-03-25,1994-03-25,1994-03-25,52.0,131.0,521.0,637.0,982.0,NO
datos_11077030,6.616666667,-76.75,1994-03-26,1994-03-26,1994-03-26,75.0,183.0,573.0,689.0,1022.0,NO
datos_11077030,6.616666667,-76.75,1994-03-27,1994-03-27,1994-03-27,10.0,258.0,648.0,764.0,1086.0,NO
datos_11077030,6.616666667,-76.75,1994-03-28,1994-03-28,1994-03-28,15.0,268.0,658.0,774.0,1066.0,NO
datos_11077030,6.616666667,-76.75,1994-03-31,1994-03-31,1994-03-31,25.0,252.0,648.0,774.0,1043.0,NO
datos_11077030,6.616666667,-76.75,1994-04-01,1994-04-01,1994-04-01,29.0,277.0,673.0,780.0,1068.0,NO
datos_11077030,6.616666667,-76.75,1994-04-02,1994-04-02,1994-04-02,85.0,306.0,542.0,809.0,1097.0,NO
datos_11077030,6.616666667,-76.75,1994-04-10,1994-04-10,1994-04-10,19.0,139.0,522.0,812.0,1156.0,NO
datos_11077030,6.616666667,-76.75,1994-04-16,1994-04-16,1994-04-16,9.0,19.0,441.0,831.0,1010.0,NO
datos_11077030,6.616666667,-76.75,1994-04-17,1994-04-17,1994-04-17,100.0,28.0,450.0,840.0,1019.0,NO
datos_11077030,6.616666667,-76.75,1994-04-21,1994-04-21,1994-04-21,40.0,128.0,519.0,940.0,1056.0,NO
datos_11077030,6.616666667,-76.75,1994-04-22,1994-04-22,1994-04-22,7.0,149.0,559.0,980.0,1096.0,NO
datos_11077030,6.616666667,-76.75,1994-04-23,1994-04-23,1994-04-23,9.0,156.0,556.0,987.0,1103.0,NO
datos_11077030,6.616666667,-76.75,1994-04-25,1994-04-25,1994-04-25,15.0,165.0,475.0,996.0,1112.0,NO
datos_11077030,6.616666667,-76.75,1994-04-26,1994-04-26,1994-04-26,58.0,180.0,438.0,1011.0,1127.0,NO
datos_11077030,6.616666667,-76.75,1994-04-28,1994-04-28,1994-04-28,10.0,229.0,411.0,1044.0,1185.0,NO
datos_11077030,6.616666667,-76.75,1994-04-29,1994-04-29,1994-04-29,76.0,139.0,406.0,1054.0,1195.0,NO
datos_11077030,6.616666667,-76.75,1994-05-03,1994-05-03,1994-05-03,70.0,175.0,428.0,960.0,1237.0,NO
datos_11077030,6.616666667,-76.75,1994-05-05,1994-05-05,1994-05-05,70.0,229.0,413.0,1030.0,1307.0,NO
datos_11077030,6.616666667,-76.75,1994-05-06,1994-05-06,1994-05-06,11.0,299.0,483.0,1090.0,1342.0,NO
datos_11077030,6.616666667,-76.75,1994-05-08,1994-05-08,1994-05-08,74.0,237.0,494.0,1078.0,1341.0,NO
datos_11077030,6.616666667,-76.75,1994-05-09,1994-05-09,1994-05-09,5.0,311.0,568.0,1105.0,1380.0,NO
datos_11077030,6.616666667,-76.75,1994-05-10,1994-05-10,1994-05-10,72.0,306.0,573.0,1095.0,1385.0,NO
datos_11077030,6.616666667,-76.75,1994-05-15,1994-05-15,1994-05-15,122.0,232.0,626.0,1067.0,1457.0,NO
datos_11077030,6.616666667,-76.75,1994-05-17,1994-05-17,1994-05-17,50.0,284.0,748.0,1189.0,1579.0,NO
datos_11077030,6.616666667,-76.75,1994-05-20,1994-05-20,1994-05-20,10.0,249.0,689.0,1208.0,1629.0,NO
datos_11077030,6.616666667,-76.75,1994-05-21,1994-05-21,1994-05-21,11.0,254.0,699.0,1218.0,1639.0,NO
datos_11077030,6.616666667,-76.75,1994-05-22,1994-05-22,1994-05-22,10.0,193.0,710.0,1229.0,1650.0,NO
datos_11077030,6.616666667,-76.75,1994-05-23,1994-05-23,1994-05-23,50.0,203.0,680.0,1229.0,1660.0,NO
datos_11077030,6.616666667,-76.75,1994-05-24,1994-05-24,1994-05-24,5.0,253.0,723.0,1279.0,1710.0,NO
datos_11077030,6.616666667,-76.75,1994-05-25,1994-05-25,1994-05-25,40.0,258.0,719.0,1194.0,1715.0,NO
datos_11077030,6.616666667,-76.75,1994-05-27,1994-05-27,1994-05-27,5.0,176.0,744.0,1107.0,1755.0,NO
datos_11077030,6.616666667,-76.75,1994-05-28,1994-05-28,1994-05-28,6.0,181.0,691.0,1102.0,1735.0,NO
datos_11077030,6.616666667,-76.75,1994-05-29,1994-05-29,1994-05-29,50.0,137.0,697.0,1093.0,1741.0,NO
datos_11077030,6.616666667,-76.75,1994-05-30,1994-05-30,1994-05-30,15.0,187.0,737.0,1143.0,1791.0,NO
datos_11077030,6.616666667,-76.75,1994-06-02,1994-06-02,1994-06-02,50.0,181.0,676.0,1104.0,1636.0,NO
datos_11077030,6.616666667,-76.75,1994-06-03,1994-06-03,1994-06-03,5.0,221.0,726.0,1069.0,1686.0,NO
datos_11077030,6.616666667,-76.75,1994-06-05,1994-06-05,1994-06-05,11.0,171.0,661.0,1074.0,1681.0,NO
datos_11077030,6.616666667,-76.75,1994-06-07,1994-06-07,1994-06-07,27.0,142.0,591.0,1085.0,1669.0,NO
datos_11077030,6.616666667,-76.75,1994-06-08,1994-06-08,1994-06-08,6.0,164.0,618.0,1112.0,1649.0,NO
datos_11077030,6.616666667,-76.75,1994-06-09,1994-06-09,1994-06-09,10.0,164.0,550.0,1118.0,1640.0,NO
datos_11077030,6.616666667,-76.75,1994-06-11,1994-06-11,1994-06-11,20.0,109.0,483.0,1109.0,1550.0,NO
datos_11077030,6.616666667,-76.75,1994-06-13,1994-06-13,1994-06-13,10.0,129.0,503.0,1129.0,1570.0,NO
datos_11077030,6.616666667,-76.75,1994-06-14,1994-06-14,1994-06-14,5.0,89.0,513.0,1139.0,1580.0,NO
datos_11077030,6.616666667,-76.75,1994-06-15,1994-06-15,1994-06-15,12.0,89.0,518.0,1144.0,1585.0,NO
datos_11077030,6.616666667,-76.75,1994-06-16,1994-06-16,1994-06-16,12.0,101.0,408.0,1156.0,1597.0,NO
datos_11077030,6.616666667,-76.75,1994-06-17,1994-06-17,1994-06-17,24.0,102.0,420.0,1159.0,1609.0,NO
datos_11077030,6.616666667,-76.75,1994-06-18,1994-06-18,1994-06-18,28.0,126.0,394.0,1083.0,1602.0,NO
datos_11077030,6.616666667,-76.75,1994-06-19,1994-06-19,1994-06-19,60.0,127.0,422.0,1111.0,1630.0,NO
datos_11077030,6.616666667,-76.75,1994-06-21,1994-06-21,1994-06-21,10.0,171.0,472.0,1171.0,1690.0,NO
datos_11077030,6.616666667,-76.75,1994-06-22,1994-06-22,1994-06-22,6.0,181.0,471.0,1141.0,1690.0,NO
datos_11077030,6.616666667,-76.75,1994-06-23,1994-06-23,1994-06-23,16.0,167.0,467.0,1140.0,1696.0,NO
datos_11077030,6.616666667,-76.75,1994-06-24,1994-06-24,1994-06-24,34.0,183.0,433.0,1147.0,1622.0,NO
datos_11077030,6.616666667,-76.75,1994-06-25,1994-06-25,1994-06-25,8.0,207.0,462.0,1181.0,1604.0,NO
datos_11077030,6.616666667,-76.75,1994-06-26,1994-06-26,1994-06-26,16.0,210.0,430.0,1174.0,1537.0,NO
datos_11077030,6.616666667,-76.75,1994-06-29,1994-06-29,1994-06-29,11.0,178.0,435.0,1122.0,1528.0,NO
datos_11077030,6.616666667,-76.75,1994-07-01,1994-07-01,1994-07-01,33.0,101.0,381.0,1057.0,1514.0,NO
datos_11077030,6.616666667,-76.75,1994-07-02,1994-07-02,1994-07-02,60.0,134.0,414.0,1090.0,1518.0,NO
datos_11077030,6.616666667,-76.75,1994-07-03,1994-07-03,1994-07-03,11.0,184.0,474.0,1150.0,1493.0,NO
datos_11077030,6.616666667,-76.75,1994-07-04,1994-07-04,1994-07-04,6.0,189.0,435.0,1091.0,1504.0,NO
datos_11077030,6.616666667,-76.75,1994-07-05,1994-07-05,1994-07-05,90.0,179.0,436.0,1097.0,1510.0,NO
datos_11077030,6.616666667,-76.75,1994-07-06,1994-07-06,1994-07-06,34.0,235.0,526.0,1117.0,1600.0,NO
datos_11077030,6.616666667,-76.75,1994-07-07,1994-07-07,1994-07-07,50.0,261.0,549.0,1140.0,1634.0,NO
datos_11077030,6.616666667,-76.75,1994-07-11,1994-07-11,1994-07-11,9.0,284.0,556.0,1039.0,1665.0,NO
datos_11077030,6.616666667,-76.75,1994-07-15,1994-07-15,1994-07-15,11.6,189.0,535.0,1048.0,1674.0,NO
datos_11077030,6.616666667,-76.75,1994-07-17,1994-07-17,1994-07-17,63.0,104.6,529.6,937.6,1676.6,NO
datos_11077030,6.616666667,-76.75,1994-07-18,1994-07-18,1994-07-18,20.0,133.6,580.6,950.6,1639.6,NO
datos_11077030,6.616666667,-76.75,1994-07-19,1994-07-19,1994-07-19,60.0,103.6,576.6,970.6,1659.6,NO
datos_11077030,6.616666667,-76.75,1994-07-20,1994-07-20,1994-07-20,11.0,163.6,608.6,1030.6,1719.6,NO
datos_11077030,6.616666667,-76.75,1994-07-21,1994-07-21,1994-07-21,5.0,174.6,559.6,1031.6,1730.6,NO
datos_11077030,6.616666667,-76.75,1994-07-23,1994-07-23,1994-07-23,9.0,170.6,554.6,1015.6,1688.6,NO
datos_11077030,6.616666667,-76.75,1994-07-24,1994-07-24,1994-07-24,5.0,179.6,557.6,974.6,1688.6,NO
datos_11077030,6.616666667,-76.75,1994-07-25,1994-07-25,1994-07-25,55.0,184.6,546.6,974.6,1693.6,NO
datos_11077030,6.616666667,-76.75,1994-07-26,1994-07-26,1994-07-26,67.0,239.6,567.6,989.6,1733.6,NO
datos_11077030,6.616666667,-76.75,1994-07-27,1994-07-27,1994-07-27,12.0,295.0,626.6,1056.6,1742.6,NO
datos_11077030,6.616666667,-76.75,1994-07-28,1994-07-28,1994-07-28,30.0,307.0,622.6,1063.6,1754.6,NO
datos_11077030,6.616666667,-76.75,1994-07-29,1994-07-29,1994-07-29,84.0,274.0,652.6,1087.6,1774.6,NO
datos_11077030,6.616666667,-76.75,1994-07-30,1994-07-30,1994-07-30,55.0,338.0,736.6,1121.6,1782.6,NO
datos_11077030,6.616666667,-76.75,1994-07-31,1994-07-31,1994-07-31,54.0,333.0,780.6,1161.6,1837.6,NO
datos_11077030,6.616666667,-76.75,1994-08-02,1994-08-02,1994-08-02,11.0,371.0,801.6,1215.6,1891.6,NO
datos_11077030,6.616666667,-76.75,1994-08-04,1994-08-04,1994-08-04,5.0,373.0,741.6,1171.6,1832.6,NO
datos_11077030,6.616666667,-76.75,1994-08-05,1994-08-05,1994-08-05,60.0,373.0,740.6,1176.6,1767.6,NO
datos_11077030,6.616666667,-76.75,1994-08-06,1994-08-06,1994-08-06,66.0,378.0,710.6,1225.6,1816.6,NO
datos_11077030,6.616666667,-76.75,1994-08-08,1994-08-08,1994-08-08,11.0,365.0,692.6,1264.6,1808.6,NO
datos_11077030,6.616666667,-76.75,1994-08-09,1994-08-09,1994-08-09,70.0,346.0,703.6,1269.6,1814.6,NO
datos_11077030,6.616666667,-76.75,1994-08-10,1994-08-10,1994-08-10,20.0,332.0,773.6,1329.6,1812.6,NO
datos_11077030,6.616666667,-76.75,1994-08-11,1994-08-11,1994-08-11,15.0,297.0,793.6,1349.6,1832.6,NO
datos_11077030,6.616666667,-76.75,1994-08-14,1994-08-14,1994-08-14,25.0,247.0,799.6,1334.6,1847.6,NO
datos_11077030,6.616666667,-76.75,1994-08-15,1994-08-15,1994-08-15,16.0,272.0,824.6,1354.6,1750.6,NO
datos_11077030,6.616666667,-76.75,1994-08-16,1994-08-16,1994-08-16,11.0,283.0,829.0,1358.6,1766.6,NO
datos_11077030,6.616666667,-76.75,1994-08-18,1994-08-18,1994-08-18,24.0,168.0,777.0,1333.6,1727.6,NO
datos_11077030,6.616666667,-76.75,1994-08-19,1994-08-19,1994-08-19,54.0,192.0,781.0,1329.6,1751.6,NO
datos_11077030,6.616666667,-76.75,1994-08-20,1994-08-20,1994-08-20,70.0,235.0,775.0,1323.6,1795.6,NO
datos_11077030,6.616666667,-76.75,1994-08-21,1994-08-21,1994-08-21,10.0,235.0,834.0,1393.6,1854.6,NO
datos_11077030,6.616666667,-76.75,1994-08-22,1994-08-22,1994-08-22,15.0,225.0,839.0,1393.6,1854.6,NO
datos_11077030,6.616666667,-76.75,1994-08-23,1994-08-23,1994-08-23,50.0,225.0,854.0,1402.6,1819.6,NO
datos_11077030,6.616666667,-76.75,1994-08-24,1994-08-24,1994-08-24,19.0,275.0,895.0,1436.6,1864.6,NO
datos_11077030,6.616666667,-76.75,1994-08-25,1994-08-25,1994-08-25,70.0,294.0,909.0,1421.6,1843.6,NO
datos_11077030,6.616666667,-76.75,1994-08-26,1994-08-26,1994-08-26,9.0,339.0,924.0,1483.6,1913.6,NO
datos_11077030,6.616666667,-76.75,1994-08-27,1994-08-27,1994-08-27,17.0,332.0,866.0,1476.6,1917.6,NO
datos_11077030,6.616666667,-76.75,1994-08-29,1994-08-29,1994-08-29,45.0,338.0,841.0,1493.6,1878.6,NO
datos_11077030,6.616666667,-76.75,1994-08-30,1994-08-30,1994-08-30,17.0,359.0,802.0,1527.6,1908.6,NO
datos_11077030,6.616666667,-76.75,1994-08-31,1994-08-31,1994-08-31,65.0,322.0,764.0,1544.6,1925.6,NO
datos_11077030,6.616666667,-76.75,1994-09-01,1994-09-01,1994-09-01,20.0,317.0,775.0,1576.6,1990.6,NO
datos_11077030,6.616666667,-76.75,1994-09-02,1994-09-02,1994-09-02,100.0,327.0,795.0,1536.6,1960.6,NO
datos_11077030,6.616666667,-76.75,1994-09-03,1994-09-03,1994-09-03,11.0,412.0,884.0,1625.6,2055.6,NO
datos_11077030,6.616666667,-76.75,1994-09-04,1994-09-04,1994-09-04,5.0,373.0,895.0,1630.6,2066.6,NO
datos_11077030,6.616666667,-76.75,1994-09-05,1994-09-05,1994-09-05,3.0,359.0,895.0,1545.6,2060.6,NO
datos_11077030,6.616666667,-76.75,1994-09-06,1994-09-06,1994-09-06,3.0,292.0,838.0,1514.6,2063.6,NO
datos_11077030,6.616666667,-76.75,1994-09-08,1994-09-08,1994-09-08,12.0,269.0,775.0,1467.6,2033.6,NO
datos_11077030,6.616666667,-76.75,1994-09-09,1994-09-09,1994-09-09,11.0,281.0,776.0,1479.6,2035.6,NO
datos_11077030,6.616666667,-76.75,1994-09-10,1994-09-10,1994-09-10,25.0,247.0,717.0,1490.6,2046.6,NO
datos_11077030,6.616666667,-76.75,1994-09-11,1994-09-11,1994-09-11,20.0,255.0,722.0,1506.6,2051.6,NO
datos_11077030,6.616666667,-76.75,1994-09-12,1994-09-12,1994-09-12,16.0,210.0,727.0,1526.6,2071.6,NO
datos_11077030,6.616666667,-76.75,1994-09-13,1994-09-13,1994-09-13,6.0,206.0,743.0,1542.6,2077.6,NO
datos_11077030,6.616666667,-76.75,1994-09-14,1994-09-14,1994-09-14,37.0,112.0,749.0,1548.6,2078.6,NO
datos_11077030,6.616666667,-76.75,1994-09-15,1994-09-15,1994-09-15,5.0,138.0,761.0,1574.0,2103.6,NO
datos_11077030,6.616666667,-76.75,1994-09-16,1994-09-16,1994-09-16,11.0,138.0,750.0,1579.0,2096.6,NO
datos_11077030,6.616666667,-76.75,1994-09-17,1994-09-17,1994-09-17,15.0,146.0,750.0,1527.0,2083.6,NO
datos_11077030,6.616666667,-76.75,1994-09-19,1994-09-19,1994-09-19,12.0,158.0,741.0,1462.0,2010.6,NO
datos_11077030,6.616666667,-76.75,1994-09-20,1994-09-20,1994-09-20,50.0,158.0,699.0,1463.0,2022.6,NO
datos_11077030,6.616666667,-76.75,1994-09-23,1994-09-23,1994-09-23,5.0,152.0,654.0,1499.0,2040.6,NO
datos_11077030,6.616666667,-76.75,1994-09-24,1994-09-24,1994-09-24,15.0,141.0,609.0,1499.0,2011.6,NO
datos_11077030,6.616666667,-76.75,1994-09-26,1994-09-26,1994-09-26,15.0,113.0,535.0,1392.0,2002.6,NO
datos_11077030,6.616666667,-76.75,1994-09-27,1994-09-27,1994-09-27,35.0,123.0,541.0,1395.0,2017.6,NO
datos_11077030,6.616666667,-76.75,1994-09-29,1994-09-29,1994-09-29,15.0,132.0,559.0,1316.0,2041.6,NO
datos_11077030,6.616666667,-76.75,1994-10-02,1994-10-02,1994-10-02,20.0,85.0,447.0,1222.0,1963.6,NO
datos_11077030,6.616666667,-76.75,1994-10-03,1994-10-03,1994-10-03,10.0,105.0,447.0,1231.0,1972.6,NO
datos_11077030,6.616666667,-76.75,1994-10-04,1994-10-04,1994-10-04,47.0,115.0,357.0,1241.0,1976.6,NO
datos_11077030,6.616666667,-76.75,1994-10-05,1994-10-05,1994-10-05,64.5,157.0,393.0,1283.0,1933.6,NO
datos_11077030,6.616666667,-76.75,1994-10-06,1994-10-06,1994-10-06,45.0,206.5,452.5,1287.5,1964.1,NO
datos_11077030,6.616666667,-76.75,1994-10-07,1994-10-07,1994-10-07,7.0,251.5,494.5,1266.5,1959.1,NO
datos_11077030,6.616666667,-76.75,1994-10-08,1994-10-08,1994-10-08,30.2,243.5,498.5,1273.5,1966.1,NO
datos_11077030,6.616666667,-76.75,1994-10-10,1994-10-10,1994-10-10,10.0,238.8,516.8000000000001,1222.8,1996.4,NO
datos_11077030,6.616666667,-76.75,1994-10-11,1994-10-11,1994-10-11,90.2,233.8,515.8,1212.8,1997.4,NO
datos_11077030,6.616666667,-76.75,1994-10-12,1994-10-12,1994-10-12,10.0,324.0,581.0,1288.0,2087.6,NO
datos_11077030,6.616666667,-76.75,1994-10-14,1994-10-14,1994-10-14,40.0,314.0,555.0,1298.0,2097.6,NO
datos_11077030,6.616666667,-76.75,1994-10-16,1994-10-16,1994-10-16,20.0,297.0,552.0,1297.0,2126.0,NO
datos_11077030,6.616666667,-76.75,1994-10-17,1994-10-17,1994-10-17,31.1,252.5,567.0,1306.0,2083.0,NO
datos_11077030,6.616666667,-76.75,1994-10-19,1994-10-19,1994-10-19,10.0,231.8,572.3000000000001,1313.3,2034.3,NO
datos_11077030,6.616666667,-76.75,1994-10-20,1994-10-20,1994-10-20,10.0,211.6,582.3000000000001,1269.3,2033.3,NO
datos_11077030,6.616666667,-76.75,1994-10-21,1994-10-21,1994-10-21,10.0,221.5,580.3000000000001,1209.3,2038.3,NO
datos_11077030,6.616666667,-76.75,1994-10-22,1994-10-22,1994-10-22,30.0,221.5,540.3,1209.3,2048.3,NO
datos_11077030,6.616666667,-76.75,1994-10-23,1994-10-23,1994-10-23,30.0,161.3,570.3,1224.3,2069.3,NO
datos_11077030,6.616666667,-76.75,1994-10-24,1994-10-24,1994-10-24,10.0,181.3,600.3,1204.3,2094.3,NO
datos_11077030,6.616666667,-76.75,1994-10-26,1994-10-26,1994-10-26,40.8,151.3,590.3,1125.3,1982.3,NO
datos_11077030,6.616666667,-76.75,1994-10-27,1994-10-27,1994-10-27,160.4,192.1,631.0999999999999,1157.1,2011.1,NO
datos_11077030,6.616666667,-76.75,1994-10-28,1994-10-28,1994-10-28,40.0,332.5,776.4999999999999,1300.5,2141.5,NO
datos_11077030,6.616666667,-76.75,1994-10-29,1994-10-29,1994-10-29,14.0,341.4,781.4999999999999,1340.5,2097.5,NO
datos_11077030,6.616666667,-76.75,1994-10-30,1994-10-30,1994-10-30,31.0,355.20000000000005,795.4999999999999,1309.5,2056.5,NO
datos_11077030,6.616666667,-76.75,1994-11-01,1994-11-01,1994-11-01,14.0,366.2,811.4999999999999,1258.5,2033.5,NO
datos_11077030,6.616666667,-76.75,1994-11-02,1994-11-02,1994-11-02,15.0,370.2,825.4999999999999,1252.5,2036.5,NO
datos_11077030,6.616666667,-76.75,1994-11-04,1994-11-04,1994-11-04,40.0,325.2,810.5,1156.5,2046.5,NO
datos_11077030,6.616666667,-76.75,1994-11-07,1994-11-07,1994-11-07,10.0,314.4,694.0,1185.5,1960.5,NO
datos_11077030,6.616666667,-76.75,1994-11-08,1994-11-08,1994-11-08,11.0,164.0,697.0,1195.5,1959.5,NO
datos_11077030,6.616666667,-76.75,1994-11-12,1994-11-12,1994-11-12,70.0,90.0,577.5,1138.5,1865.5,NO
datos_11077030,6.616666667,-76.75,1994-11-13,1994-11-13,1994-11-13,8.0,146.0,637.5,1192.5,1935.5,NO
datos_11077030,6.616666667,-76.75,1994-11-14,1994-11-14,1994-11-14,11.0,139.0,645.5,1194.5,1918.5,NO
datos_11077030,6.616666667,-76.75,1994-11-15,1994-11-15,1994-11-15,14.0,150.0,616.5,1168.5,1913.5,NO
datos_11077030,6.616666667,-76.75,1994-11-16,1994-11-16,1994-11-16,45.0,124.0,630.5,1177.5,1916.5,NO
datos_11077030,6.616666667,-76.75,1994-11-17,1994-11-17,1994-11-17,40.0,169.0,655.5,1211.5,1961.5,NO
datos_11077030,6.616666667,-76.75,1994-11-18,1994-11-18,1994-11-18,21.0,209.0,664.4,1236.5,1977.5,NO
datos_11077030,6.616666667,-76.75,1994-11-19,1994-11-19,1994-11-19,12.0,220.0,685.2,1257.5,1944.5,NO
datos_11077030,6.616666667,-76.75,1994-11-20,1994-11-20,1994-11-20,11.0,221.0,687.2,1257.5,1886.5,NO
datos_11077030,6.616666667,-76.75,1994-11-21,1994-11-21,1994-11-21,13.0,232.0,688.2,1218.5,1887.5,NO
datos_11077030,6.616666667,-76.75,1994-11-22,1994-11-22,1994-11-22,12.0,245.0,691.2,1231.5,1885.5,NO
datos_11077030,6.616666667,-76.75,1994-11-23,1994-11-23,1994-11-23,34.0,257.0,673.1999999999999,1243.5,1847.5,NO
datos_11077030,6.616666667,-76.75,1994-11-24,1994-11-24,1994-11-24,4.0,221.0,677.2,1272.5,1862.5,NO
datos_11077030,6.616666667,-76.75,1994-11-26,1994-11-26,1994-11-26,20.0,206.0,671.2,1261.5,1787.5,NO
datos_11077030,6.616666667,-76.75,1994-11-27,1994-11-27,1994-11-27,24.0,212.0,650.4,1266.5,1790.5,NO
datos_11077030,6.616666667,-76.75,1994-11-28,1994-11-28,1994-11-28,11.0,191.0,514.0,1255.5,1814.5,NO
datos_11077030,6.616666667,-76.75,1994-11-29,1994-11-29,1994-11-29,20.0,162.0,485.0,1266.5,1780.5,NO
datos_11077030,6.616666667,-76.75,1994-11-30,1994-11-30,1994-11-30,10.0,161.0,491.0,1271.5,1783.5,NO
datos_11077030,6.616666667,-76.75,1994-12-03,1994-12-03,1994-12-03,10.0,135.0,456.0,1261.5,1608.5,NO
datos_11077030,6.616666667,-76.75,1994-12-05,1994-12-05,1994-12-05,40.0,99.0,451.0,1214.5,1602.5,NO
datos_11077030,6.616666667,-76.75,1994-12-09,1994-12-09,1994-12-09,10.0,91.0,441.0,1107.8,1624.5,NO
datos_11077030,6.616666667,-76.75,1994-12-11,1994-12-11,1994-12-11,15.0,70.0,440.0,1107.7,1598.5,NO
datos_11077030,6.616666667,-76.75,1994-12-15,1994-12-15,1994-12-15,11.0,65.0,377.0,982.5,1534.5,NO
datos_11077030,6.616666667,-76.75,1994-12-16,1994-12-16,1994-12-16,10.0,76.0,377.0,993.5,1540.5,NO
datos_11077030,6.616666667,-76.75,1994-12-19,1994-12-19,1994-12-19,11.0,46.0,288.0,952.2,1524.5,NO
datos_11077030,6.616666667,-76.75,1994-12-20,1994-12-20,1994-12-20,5.0,57.0,278.0,953.2,1523.5,NO
datos_11077030,6.616666667,-76.75,1994-12-24,1994-12-24,1994-12-24,10.0,37.0,235.0,878.2,1473.5,NO
datos_11077030,6.616666667,-76.75,1995-01-13,1995-01-13,1995-01-13,5.0,0.0,47.0,432.0,1069.5,NO
datos_11077030,6.616666667,-76.75,1995-01-21,1995-01-21,1995-01-21,1.0,5.0,15.0,275.0,953.2,NO
datos_11077030,6.616666667,-76.75,1995-01-26,1995-01-26,1995-01-26,50.0,1.0,6.0,213.0,843.4,NO
datos_11077030,6.616666667,-76.75,1995-01-27,1995-01-27,1995-01-27,11.0,51.0,56.0,243.0,733.0,NO
datos_11077030,6.616666667,-76.75,1995-01-29,1995-01-29,1995-01-29,11.0,62.0,67.0,219.0,690.0,NO
datos_11077030,6.616666667,-76.75,1995-02-01,1995-02-01,1995-02-01,5.0,73.0,78.0,200.0,656.0,NO
datos_11077030,6.616666667,-76.75,1995-02-16,1995-02-16,1995-02-16,6.0,0.0,78.0,109.0,437.0,NO
datos_11077030,6.616666667,-76.75,1995-03-01,1995-03-01,1995-03-01,5.0,0.0,22.0,89.0,221.0,NO
datos_11077030,6.616666667,-76.75,1995-03-05,1995-03-05,1995-03-05,5.0,5.0,11.0,94.0,206.0,NO
datos_11077030,6.616666667,-76.75,1995-03-08,1995-03-08,1995-03-08,2.0,10.0,16.0,99.0,171.0,NO
datos_11077030,6.616666667,-76.75,1995-03-17,1995-03-17,1995-03-17,11.0,2.0,18.0,96.0,137.0,NO
datos_11077030,6.616666667,-76.75,1995-03-25,1995-03-25,1995-03-25,68.0,11.0,23.0,106.0,122.0,NO
datos_11077030,6.616666667,-76.75,1995-03-27,1995-03-27,1995-03-27,5.0,79.0,91.0,174.0,180.0,NO
datos_11077030,6.616666667,-76.75,1995-03-28,1995-03-28,1995-03-28,48.0,84.0,96.0,179.0,185.0,NO
datos_11077030,6.616666667,-76.75,1995-03-29,1995-03-29,1995-03-29,5.0,121.0,144.0,177.0,233.0,NO
datos_11077030,6.616666667,-76.75,1995-03-31,1995-03-31,1995-03-31,34.0,126.0,149.0,171.0,238.0,NO
datos_11077030,6.616666667,-76.75,1995-04-02,1995-04-02,1995-04-02,6.0,160.0,178.0,194.0,272.0,NO
datos_11077030,6.616666667,-76.75,1995-04-04,1995-04-04,1995-04-04,7.0,166.0,184.0,195.0,278.0,NO
datos_11077030,6.616666667,-76.75,1995-04-05,1995-04-05,1995-04-05,10.0,173.0,191.0,202.0,285.0,NO
datos_11077030,6.616666667,-76.75,1995-04-06,1995-04-06,1995-04-06,49.0,115.0,196.0,212.0,295.0,NO
datos_11077030,6.616666667,-76.75,1995-04-08,1995-04-08,1995-04-08,35.0,159.0,245.0,261.0,344.0,NO
datos_11077030,6.616666667,-76.75,1995-04-09,1995-04-09,1995-04-09,11.0,146.0,278.0,296.0,379.0,NO
datos_11077030,6.616666667,-76.75,1995-04-10,1995-04-10,1995-04-10,11.0,152.0,289.0,307.0,390.0,NO
datos_11077030,6.616666667,-76.75,1995-04-11,1995-04-11,1995-04-11,6.0,163.0,300.0,318.0,401.0,NO
datos_11077030,6.616666667,-76.75,1995-04-12,1995-04-12,1995-04-12,36.0,135.0,306.0,324.0,407.0,NO
datos_11077030,6.616666667,-76.75,1995-04-16,1995-04-16,1995-04-16,34.0,158.0,342.0,360.0,438.0,NO
datos_11077030,6.616666667,-76.75,1995-04-17,1995-04-17,1995-04-17,6.0,182.0,376.0,394.0,472.0,NO
datos_11077030,6.616666667,-76.75,1995-04-19,1995-04-19,1995-04-19,1.0,139.0,371.0,394.0,478.0,NO
datos_11077030,6.616666667,-76.75,1995-04-20,1995-04-20,1995-04-20,11.0,105.0,372.0,395.0,479.0,NO
datos_11077030,6.616666667,-76.75,1995-04-21,1995-04-21,1995-04-21,8.0,105.0,383.0,406.0,490.0,NO
datos_11077030,6.616666667,-76.75,1995-04-23,1995-04-23,1995-04-23,12.0,96.0,391.0,414.0,497.0,NO
datos_11077030,6.616666667,-76.75,1995-04-25,1995-04-25,1995-04-25,11.0,72.0,403.0,426.0,509.0,NO
datos_11077030,6.616666667,-76.75,1995-04-27,1995-04-27,1995-04-27,10.0,83.0,346.0,437.0,520.0,NO
datos_11077030,6.616666667,-76.75,1995-04-28,1995-04-28,1995-04-28,95.0,59.0,351.0,447.0,480.0,NO
datos_11077030,6.616666667,-76.75,1995-04-30,1995-04-30,1995-04-30,22.0,148.0,393.0,542.0,564.0,NO
datos_11077030,6.616666667,-76.75,1995-05-01,1995-05-01,1995-05-01,15.0,169.0,415.0,564.0,575.0,NO
datos_11077030,6.616666667,-76.75,1995-05-02,1995-05-02,1995-05-02,4.0,173.0,396.0,574.0,590.0,NO
datos_11077030,6.616666667,-76.75,1995-05-03,1995-05-03,1995-05-03,4.0,169.0,400.0,578.0,594.0,NO
datos_11077030,6.616666667,-76.75,1995-05-04,1995-05-04,1995-05-04,10.0,173.0,398.0,582.0,593.0,NO
datos_11077030,6.616666667,-76.75,1995-05-05,1995-05-05,1995-05-05,10.0,171.0,408.0,592.0,603.0,NO
datos_11077030,6.616666667,-76.75,1995-05-07,1995-05-07,1995-05-07,20.0,170.0,401.0,597.0,613.0,NO
datos_11077030,6.616666667,-76.75,1995-05-08,1995-05-08,1995-05-08,10.0,190.0,372.0,617.0,633.0,NO
datos_11077030,6.616666667,-76.75,1995-05-09,1995-05-09,1995-05-09,19.0,190.0,382.0,625.0,643.0,NO
datos_11077030,6.616666667,-76.75,1995-05-11,1995-05-11,1995-05-11,5.0,114.0,355.0,644.0,662.0,NO
datos_11077030,6.616666667,-76.75,1995-05-12,1995-05-12,1995-05-12,10.0,97.0,349.0,649.0,667.0,NO
datos_11077030,6.616666667,-76.75,1995-05-13,1995-05-13,1995-05-13,30.0,92.0,353.0,659.0,677.0,NO
datos_11077030,6.616666667,-76.75,1995-05-14,1995-05-14,1995-05-14,11.0,118.0,347.0,689.0,707.0,NO
datos_11077030,6.616666667,-76.75,1995-05-15,1995-05-15,1995-05-15,15.0,125.0,358.0,700.0,718.0,NO
datos_11077030,6.616666667,-76.75,1995-05-17,1995-05-17,1995-05-17,12.0,120.0,373.0,715.0,733.0,NO
datos_11077030,6.616666667,-76.75,1995-05-18,1995-05-18,1995-05-18,30.0,132.0,351.0,716.0,745.0,NO
datos_11077030,6.616666667,-76.75,1995-05-20,1995-05-20,1995-05-20,35.0,132.0,375.0,746.0,769.0,NO
datos_11077030,6.616666667,-76.75,1995-05-25,1995-05-25,1995-05-25,42.0,103.0,378.0,781.0,804.0,NO
datos_11077030,6.616666667,-76.75,1995-05-29,1995-05-29,1995-05-29,28.0,107.0,399.0,702.0,846.0,NO
datos_11077030,6.616666667,-76.75,1995-05-31,1995-05-31,1995-05-31,5.0,105.0,332.0,725.0,874.0,NO
datos_11077030,6.616666667,-76.75,1995-06-02,1995-06-02,1995-06-02,10.0,75.0,300.0,696.0,874.0,NO
datos_11077030,6.616666667,-76.75,1995-06-05,1995-06-05,1995-06-05,10.0,85.0,292.0,693.0,879.0,NO
datos_11077030,6.616666667,-76.75,1995-06-07,1995-06-07,1995-06-07,8.0,53.0,292.0,644.0,889.0,NO
datos_11077030,6.616666667,-76.75,1995-06-08,1995-06-08,1995-06-08,6.0,61.0,280.0,652.0,895.0,NO
datos_11077030,6.616666667,-76.75,1995-06-09,1995-06-09,1995-06-09,4.0,67.0,276.0,623.0,901.0,NO
datos_11077030,6.616666667,-76.75,1995-06-10,1995-06-10,1995-06-10,55.0,43.0,261.0,616.0,905.0,NO
datos_11077030,6.616666667,-76.75,1995-06-11,1995-06-11,1995-06-11,5.0,98.0,316.0,660.0,960.0,NO
datos_11077030,6.616666667,-76.75,1995-06-16,1995-06-16,1995-06-16,84.0,88.0,250.0,623.0,965.0,NO
datos_11077030,6.616666667,-76.75,1995-06-17,1995-06-17,1995-06-17,5.0,162.0,334.0,673.0,1038.0,NO
datos_11077030,6.616666667,-76.75,1995-06-19,1995-06-19,1995-06-19,6.0,159.0,297.0,672.0,1043.0,NO
datos_11077030,6.616666667,-76.75,1995-06-20,1995-06-20,1995-06-20,3.0,159.0,303.0,677.0,1049.0,NO
datos_11077030,6.616666667,-76.75,1995-06-22,1995-06-22,1995-06-22,11.0,103.0,271.0,661.0,1052.0,NO
datos_11077030,6.616666667,-76.75,1995-06-23,1995-06-23,1995-06-23,44.0,109.0,282.0,672.0,1063.0,NO
datos_11077030,6.616666667,-76.75,1995-06-24,1995-06-24,1995-06-24,2.0,153.0,326.0,704.0,1107.0,NO
datos_11077030,6.616666667,-76.75,1995-06-27,1995-06-27,1995-06-27,120.0,155.0,286.0,695.0,1036.0,NO
datos_11077030,6.616666667,-76.75,1995-06-29,1995-06-29,1995-06-29,59.0,186.0,406.0,710.0,1103.0,NO
datos_11077030,6.616666667,-76.75,1995-07-02,1995-07-02,1995-07-02,16.0,236.0,432.0,732.0,1128.0,NO
datos_11077030,6.616666667,-76.75,1995-07-03,1995-07-03,1995-07-03,40.0,252.0,448.0,744.0,1138.0,NO
datos_11077030,6.616666667,-76.75,1995-07-04,1995-07-04,1995-07-04,12.0,281.0,478.0,780.0,1178.0,NO
datos_11077030,6.616666667,-76.75,1995-07-05,1995-07-05,1995-07-05,29.0,249.0,490.0,782.0,1183.0,NO
datos_11077030,6.616666667,-76.75,1995-07-09,1995-07-09,1995-07-09,12.0,156.0,501.0,771.0,1118.0,NO
datos_11077030,6.616666667,-76.75,1995-07-11,1995-07-11,1995-07-11,88.0,109.0,503.0,764.0,1108.0,NO
datos_11077030,6.616666667,-76.75,1995-07-12,1995-07-12,1995-07-12,20.0,197.0,536.0,847.0,1190.0,NO
datos_11077030,6.616666667,-76.75,1995-07-14,1995-07-14,1995-07-14,10.0,201.0,551.0,827.0,1174.0,NO
datos_11077030,6.616666667,-76.75,1995-07-15,1995-07-15,1995-07-15,45.0,171.0,561.0,826.0,1184.0,NO
datos_11077030,6.616666667,-76.75,1995-07-16,1995-07-16,1995-07-16,11.0,204.0,606.0,856.0,1229.0,NO
datos_11077030,6.616666667,-76.75,1995-07-18,1995-07-18,1995-07-18,16.0,186.0,533.0,855.0,1200.0,NO
datos_11077030,6.616666667,-76.75,1995-07-20,1995-07-20,1995-07-20,35.0,202.0,544.0,841.0,1215.0,NO
datos_11077030,6.616666667,-76.75,1995-07-25,1995-07-25,1995-07-25,44.0,117.0,515.0,841.0,1219.0,NO
datos_11077030,6.616666667,-76.75,1995-07-26,1995-07-26,1995-07-26,10.0,151.0,557.0,843.0,1252.0,NO
datos_11077030,6.616666667,-76.75,1995-07-30,1995-07-30,1995-07-30,11.0,89.0,447.0,825.0,1157.0,NO
datos_11077030,6.616666667,-76.75,1995-07-31,1995-07-31,1995-07-31,10.0,100.0,399.0,836.0,1146.0,NO
datos_11077030,6.616666667,-76.75,1995-08-01,1995-08-01,1995-08-01,2.0,75.0,409.0,841.0,1141.0,NO
datos_11077030,6.616666667,-76.75,1995-08-02,1995-08-02,1995-08-02,10.0,77.0,411.0,843.0,1139.0,NO
datos_11077030,6.616666667,-76.75,1995-08-03,1995-08-03,1995-08-03,15.0,87.0,405.0,843.0,1145.0,NO
datos_11077030,6.616666667,-76.75,1995-08-07,1995-08-07,1995-08-07,10.0,48.0,339.0,848.0,1120.0,NO
datos_11077030,6.616666667,-76.75,1995-08-08,1995-08-08,1995-08-08,57.0,58.0,349.0,850.0,1120.0,NO
datos_11077030,6.616666667,-76.75,1995-08-09,1995-08-09,1995-08-09,30.0,115.0,406.0,901.0,1158.0,NO
datos_11077030,6.616666667,-76.75,1995-08-10,1995-08-10,1995-08-10,2.0,145.0,424.0,927.0,1188.0,NO
datos_11077030,6.616666667,-76.75,1995-08-11,1995-08-11,1995-08-11,10.0,136.0,426.0,874.0,1185.0,NO
datos_11077030,6.616666667,-76.75,1995-08-12,1995-08-12,1995-08-12,11.0,136.0,348.0,879.0,1185.0,NO
datos_11077030,6.616666667,-76.75,1995-08-14,1995-08-14,1995-08-14,20.0,135.0,339.0,890.0,1155.0,NO
datos_11077030,6.616666667,-76.75,1995-08-17,1995-08-17,1995-08-17,60.0,140.0,293.0,826.0,1148.0,NO
datos_11077030,6.616666667,-76.75,1995-08-18,1995-08-18,1995-08-18,35.0,200.0,353.0,881.0,1178.0,NO
datos_11077030,6.616666667,-76.75,1995-08-22,1995-08-22,1995-08-22,4.0,136.0,337.0,907.0,1178.0,NO
datos_11077030,6.616666667,-76.75,1995-08-23,1995-08-23,1995-08-23,52.0,130.0,341.0,900.0,1182.0,NO
datos_11077030,6.616666667,-76.75,1995-08-25,1995-08-25,1995-08-25,15.0,171.0,393.0,906.0,1192.0,NO
datos_11077030,6.616666667,-76.75,1995-08-26,1995-08-26,1995-08-26,14.0,166.0,364.0,921.0,1207.0,NO
datos_11077030,6.616666667,-76.75,1995-08-27,1995-08-27,1995-08-27,10.0,180.0,368.0,935.0,1221.0,NO
datos_11077030,6.616666667,-76.75,1995-08-29,1995-08-29,1995-08-29,12.0,130.0,378.0,825.0,1203.0,NO
datos_11077030,6.616666667,-76.75,1995-08-31,1995-08-31,1995-08-31,37.0,107.0,379.0,778.0,1210.0,NO
datos_11077030,6.616666667,-76.75,1995-09-01,1995-09-01,1995-09-01,3.0,144.0,406.0,815.0,1247.0,NO
datos_11077030,6.616666667,-76.75,1995-09-02,1995-09-02,1995-09-02,5.0,147.0,407.0,802.0,1240.0,NO
datos_11077030,6.616666667,-76.75,1995-09-04,1995-09-04,1995-09-04,33.0,96.0,387.0,755.0,1245.0,NO
datos_11077030,6.616666667,-76.75,1995-09-05,1995-09-05,1995-09-05,33.0,129.0,420.0,759.0,1268.0,NO
datos_11077030,6.616666667,-76.75,1995-09-06,1995-09-06,1995-09-06,60.0,147.0,453.0,792.0,1301.0,NO
datos_11077030,6.616666667,-76.75,1995-09-07,1995-09-07,1995-09-07,21.0,193.0,513.0,852.0,1353.0,NO
datos_11077030,6.616666667,-76.75,1995-09-08,1995-09-08,1995-09-08,6.0,204.0,524.0,873.0,1368.0,NO
datos_11077030,6.616666667,-76.75,1995-09-09,1995-09-09,1995-09-09,24.0,210.0,473.0,867.0,1370.0,NO
datos_11077030,6.616666667,-76.75,1995-09-10,1995-09-10,1995-09-10,23.0,222.0,467.0,891.0,1339.0,NO
datos_11077030,6.616666667,-76.75,1995-09-11,1995-09-11,1995-09-11,26.0,245.0,488.0,826.0,1357.0,NO
datos_11077030,6.616666667,-76.75,1995-09-14,1995-09-14,1995-09-14,7.0,226.0,493.0,822.0,1383.0,NO
datos_11077030,6.616666667,-76.75,1995-09-15,1995-09-15,1995-09-15,21.0,233.0,480.0,784.0,1390.0,NO
datos_11077030,6.616666667,-76.75,1995-09-16,1995-09-16,1995-09-16,49.0,221.0,501.0,794.0,1327.0,NO
datos_11077030,6.616666667,-76.75,1995-09-17,1995-09-17,1995-09-17,19.0,237.0,550.0,843.0,1371.0,NO
datos_11077030,6.616666667,-76.75,1995-09-18,1995-09-18,1995-09-18,24.0,196.0,509.0,846.0,1390.0,NO
datos_11077030,6.616666667,-76.75,1995-09-19,1995-09-19,1995-09-19,32.0,199.0,498.0,870.0,1408.0,NO
datos_11077030,6.616666667,-76.75,1995-09-20,1995-09-20,1995-09-20,5.0,225.0,530.0,867.0,1437.0,NO
datos_11077030,6.616666667,-76.75,1995-09-21,1995-09-21,1995-09-21,6.0,206.0,535.0,872.0,1442.0,NO
datos_11077030,6.616666667,-76.75,1995-09-23,1995-09-23,1995-09-23,3.0,163.0,537.0,878.0,1393.0,NO
datos_11077030,6.616666667,-76.75,1995-09-25,1995-09-25,1995-09-25,40.0,166.0,488.0,837.0,1394.0,NO
datos_11077030,6.616666667,-76.75,1995-09-28,1995-09-28,1995-09-28,12.0,129.0,489.0,867.0,1314.0,NO
datos_11077030,6.616666667,-76.75,1995-09-29,1995-09-29,1995-09-29,4.0,122.0,501.0,879.0,1267.0,NO
datos_11077030,6.616666667,-76.75,1995-09-30,1995-09-30,1995-09-30,45.0,102.0,493.0,872.0,1271.0,NO
datos_11077030,6.616666667,-76.75,1995-10-06,1995-10-06,1995-10-06,45.0,101.0,460.0,880.0,1219.0,NO
datos_11077030,6.616666667,-76.75,1995-10-11,1995-10-11,1995-10-11,42.0,90.0,361.0,826.0,1164.0,NO
datos_11077030,6.616666667,-76.75,1995-10-13,1995-10-13,1995-10-13,21.0,87.0,354.0,847.0,1186.0,NO
datos_11077030,6.616666667,-76.75,1995-10-14,1995-10-14,1995-10-14,65.0,108.0,375.0,868.0,1197.0,NO
datos_11077030,6.616666667,-76.75,1995-10-15,1995-10-15,1995-10-15,5.0,173.0,440.0,913.0,1217.0,NO
datos_11077030,6.616666667,-76.75,1995-10-16,1995-10-16,1995-10-16,7.0,178.0,438.0,918.0,1211.0,NO
datos_11077030,6.616666667,-76.75,1995-10-18,1995-10-18,1995-10-18,21.0,140.0,375.0,865.0,1202.0,NO
datos_11077030,6.616666667,-76.75,1995-10-21,1995-10-21,1995-10-21,4.0,161.0,321.0,851.0,1188.0,NO
datos_11077030,6.616666667,-76.75,1995-10-22,1995-10-22,1995-10-22,11.0,165.0,320.0,855.0,1192.0,NO
datos_11077030,6.616666667,-76.75,1995-10-23,1995-10-23,1995-10-23,21.0,134.0,325.0,862.0,1203.0,NO
datos_11077030,6.616666667,-76.75,1995-10-24,1995-10-24,1995-10-24,37.0,155.0,346.0,831.0,1224.0,NO
datos_11077030,6.616666667,-76.75,1995-10-25,1995-10-25,1995-10-25,7.0,171.0,380.0,868.0,1217.0,NO
datos_11077030,6.616666667,-76.75,1995-10-28,1995-10-28,1995-10-28,55.0,101.0,347.0,836.0,1214.0,NO
datos_11077030,6.616666667,-76.75,1995-10-30,1995-10-30,1995-10-30,20.0,135.0,390.0,879.0,1258.0,NO
datos_11077030,6.616666667,-76.75,1995-10-31,1995-10-31,1995-10-31,21.0,155.0,406.0,899.0,1268.0,NO
datos_11077030,6.616666667,-76.75,1995-11-01,1995-11-01,1995-11-01,40.0,176.0,382.0,883.0,1287.0,NO
datos_11077030,6.616666667,-76.75,1995-11-02,1995-11-02,1995-11-02,24.0,212.0,422.0,920.0,1317.0,NO
datos_11077030,6.616666667,-76.75,1995-11-03,1995-11-03,1995-11-03,22.0,225.0,446.0,939.0,1326.0,NO
datos_11077030,6.616666667,-76.75,1995-11-04,1995-11-04,1995-11-04,40.0,226.0,468.0,961.0,1348.0,NO
datos_11077030,6.616666667,-76.75,1995-11-05,1995-11-05,1995-11-05,10.0,229.0,508.0,968.0,1388.0,NO
datos_11077030,6.616666667,-76.75,1995-11-06,1995-11-06,1995-11-06,11.0,232.0,518.0,945.0,1398.0,NO
datos_11077030,6.616666667,-76.75,1995-11-07,1995-11-07,1995-11-07,8.0,243.0,484.0,896.0,1399.0,NO
datos_11077030,6.616666667,-76.75,1995-11-09,1995-11-09,1995-11-09,78.0,196.0,492.0,877.0,1320.0,NO
datos_11077030,6.616666667,-76.75,1995-11-10,1995-11-10,1995-11-10,12.0,274.0,570.0,931.0,1396.0,NO
datos_11077030,6.616666667,-76.75,1995-11-11,1995-11-11,1995-11-11,13.0,266.0,582.0,920.0,1398.0,NO
datos_11077030,6.616666667,-76.75,1995-11-12,1995-11-12,1995-11-12,17.0,258.0,553.0,907.0,1400.0,NO
datos_11077030,6.616666667,-76.75,1995-11-13,1995-11-13,1995-11-13,64.0,235.0,570.0,924.0,1417.0,NO
datos_11077030,6.616666667,-76.75,1995-11-14,1995-11-14,1995-11-14,6.0,275.0,613.0,988.0,1461.0,NO
datos_11077030,6.616666667,-76.75,1995-11-15,1995-11-15,1995-11-15,3.0,259.0,554.0,987.0,1467.0,NO
datos_11077030,6.616666667,-76.75,1995-11-16,1995-11-16,1995-11-16,10.0,222.0,552.0,969.0,1470.0,NO
datos_11077030,6.616666667,-76.75,1995-11-18,1995-11-18,1995-11-18,10.0,211.0,555.0,911.0,1385.0,NO
datos_11077030,6.616666667,-76.75,1995-11-20,1995-11-20,1995-11-20,52.0,213.0,544.0,865.0,1395.0,NO
datos_11077030,6.616666667,-76.75,1995-11-21,1995-11-21,1995-11-21,3.0,187.0,596.0,912.0,1447.0,NO
datos_11077030,6.616666667,-76.75,1995-11-22,1995-11-22,1995-11-22,3.0,178.0,595.0,909.0,1446.0,NO
datos_11077030,6.616666667,-76.75,1995-11-23,1995-11-23,1995-11-23,39.0,168.0,587.0,912.0,1397.0,NO
datos_11077030,6.616666667,-76.75,1995-11-24,1995-11-24,1995-11-24,10.0,190.0,605.0,948.0,1436.0,NO
datos_11077030,6.616666667,-76.75,1995-11-25,1995-11-25,1995-11-25,35.0,136.0,578.0,958.0,1431.0,NO
datos_11077030,6.616666667,-76.75,1995-11-28,1995-11-28,1995-11-28,20.0,152.0,606.0,953.0,1442.0,NO
datos_11077030,6.616666667,-76.75,1995-11-29,1995-11-29,1995-11-29,16.0,172.0,571.0,961.0,1450.0,NO
datos_11077030,6.616666667,-76.75,1995-11-30,1995-11-30,1995-11-30,11.0,178.0,587.0,973.0,1466.0,NO
datos_11077030,6.616666667,-76.75,1995-12-01,1995-12-01,1995-12-01,3.0,189.0,578.0,939.0,1440.0,NO
datos_11077030,6.616666667,-76.75,1995-12-02,1995-12-02,1995-12-02,12.0,140.0,560.0,942.0,1440.0,NO
datos_11077030,6.616666667,-76.75,1995-12-03,1995-12-03,1995-12-03,23.0,149.0,532.0,954.0,1447.0,NO
datos_11077030,6.616666667,-76.75,1995-12-04,1995-12-04,1995-12-04,20.0,169.0,531.0,977.0,1470.0,NO
datos_11077030,6.616666667,-76.75,1995-12-05,1995-12-05,1995-12-05,9.0,150.0,529.0,997.0,1457.0,NO
datos_11077030,6.616666667,-76.75,1995-12-06,1995-12-06,1995-12-06,65.0,149.0,498.0,1006.0,1433.0,NO
datos_11077030,6.616666667,-76.75,1995-12-07,1995-12-07,1995-12-07,20.0,179.0,553.0,1026.0,1438.0,NO
datos_11077030,6.616666667,-76.75,1995-12-08,1995-12-08,1995-12-08,86.0,199.0,562.0,1046.0,1437.0,NO
datos_11077030,6.616666667,-76.75,1995-12-09,1995-12-09,1995-12-09,6.0,285.0,640.0,1132.0,1517.0,NO
datos_11077030,6.616666667,-76.75,1995-12-10,1995-12-10,1995-12-10,20.0,271.0,646.0,1138.0,1499.0,NO
datos_11077030,6.616666667,-76.75,1995-12-12,1995-12-12,1995-12-12,12.0,264.0,576.0,1116.0,1470.0,NO
datos_11077030,6.616666667,-76.75,1995-12-13,1995-12-13,1995-12-13,50.0,273.0,575.0,1128.0,1482.0,NO
datos_11077030,6.616666667,-76.75,1995-12-14,1995-12-14,1995-12-14,71.0,311.0,608.0,1157.0,1532.0,NO
datos_11077030,6.616666667,-76.75,1995-12-15,1995-12-15,1995-12-15,3.0,359.0,615.0,1163.0,1596.0,NO
datos_11077030,6.616666667,-76.75,1995-12-16,1995-12-16,1995-12-16,4.0,342.0,612.0,1161.0,1578.0,NO
datos_11077030,6.616666667,-76.75,1995-12-17,1995-12-17,1995-12-17,44.0,337.0,613.0,1158.0,1533.0,NO
datos_11077030,6.616666667,-76.75,1995-12-18,1995-12-18,1995-12-18,3.0,316.0,647.0,1202.0,1558.0,NO
datos_11077030,6.616666667,-76.75,1995-12-20,1995-12-20,1995-12-20,70.0,213.0,640.0,1184.0,1505.0,NO
datos_11077030,6.616666667,-76.75,1995-12-21,1995-12-21,1995-12-21,7.0,277.0,710.0,1254.0,1570.0,NO
datos_11077030,6.616666667,-76.75,1995-12-23,1995-12-23,1995-12-23,70.0,264.0,662.0,1246.0,1571.0,NO
datos_11077030,6.616666667,-76.75,1995-12-24,1995-12-24,1995-12-24,10.0,322.0,729.0,1295.0,1638.0,NO
datos_11077030,6.616666667,-76.75,1995-12-25,1995-12-25,1995-12-25,6.0,282.0,700.0,1268.0,1648.0,NO
datos_11077030,6.616666667,-76.75,1995-12-27,1995-12-27,1995-12-27,15.5,214.0,661.0,1267.0,1614.0,NO
datos_11077030,6.616666667,-76.75,1995-12-28,1995-12-28,1995-12-28,30.0,225.5,676.5,1282.5,1629.5,NO
datos_11077030,6.616666667,-76.75,1995-12-29,1995-12-29,1995-12-29,11.0,211.5,706.5,1257.5,1647.5,NO
datos_11077030,6.616666667,-76.75,1995-12-31,1995-12-31,1995-12-31,21.0,219.5,681.5,1248.5,1609.5,NO
datos_11077030,6.616666667,-76.75,1996-01-01,1996-01-01,1996-01-01,30.0,170.5,691.5,1248.5,1630.5,NO
datos_11077030,6.616666667,-76.75,1996-01-03,1996-01-03,1996-01-03,2.0,193.5,706.5,1214.5,1660.5,NO
datos_11077030,6.616666667,-76.75,1996-01-04,1996-01-04,1996-01-04,30.0,125.5,685.5,1194.5,1662.5,NO
datos_11077030,6.616666667,-76.75,1996-01-06,1996-01-06,1996-01-06,35.0,139.5,686.5,1174.5,1647.5,NO
datos_11077030,6.616666667,-76.75,1996-01-08,1996-01-08,1996-01-08,45.0,159.0,636.5,1190.5,1682.5,NO
datos_11077030,6.616666667,-76.75,1996-01-09,1996-01-09,1996-01-09,13.0,174.0,595.5,1235.5,1727.5,NO
datos_11077030,6.616666667,-76.75,1996-01-10,1996-01-10,1996-01-10,11.0,176.0,602.5,1170.5,1740.5,NO
datos_11077030,6.616666667,-76.75,1996-01-11,1996-01-11,1996-01-11,33.0,187.0,593.5,1169.5,1709.5,NO
datos_11077030,6.616666667,-76.75,1996-01-14,1996-01-14,1996-01-14,83.0,169.0,564.5,1108.5,1656.5,NO
datos_11077030,6.616666667,-76.75,1996-01-16,1996-01-16,1996-01-16,20.0,220.0,573.5,1182.5,1727.5,NO
datos_11077030,6.616666667,-76.75,1996-01-17,1996-01-17,1996-01-17,9.0,240.0,589.5,1192.5,1747.5,NO
datos_11077030,6.616666667,-76.75,1996-01-19,1996-01-19,1996-01-19,40.0,214.0,551.5,1191.5,1735.5,NO
datos_11077030,6.616666667,-76.75,1996-01-20,1996-01-20,1996-01-20,76.0,209.0,591.5,1231.5,1775.5,NO
datos_11077030,6.616666667,-76.75,1996-01-21,1996-01-21,1996-01-21,77.0,272.0,597.5,1255.5,1847.5,NO
datos_11077030,6.616666667,-76.75,1996-01-22,1996-01-22,1996-01-22,10.0,338.0,667.5,1329.5,1913.5,NO
datos_11077030,6.616666667,-76.75,1996-01-23,1996-01-23,1996-01-23,32.0,315.0,677.5,1336.5,1902.5,NO
datos_11077030,6.616666667,-76.75,1996-01-24,1996-01-24,1996-01-24,104.0,347.0,639.5,1329.5,1897.5,NO
datos_11077030,6.616666667,-76.75,1996-01-25,1996-01-25,1996-01-25,15.0,451.0,733.5,1423.5,1994.5,NO
datos_11077030,6.616666667,-76.75,1996-01-27,1996-01-27,1996-01-27,5.0,383.0,742.5,1403.5,2009.5,NO
datos_11077030,6.616666667,-76.75,1996-01-31,1996-01-31,1996-01-31,10.0,319.0,691.0,1361.5,1918.5,NO
datos_11077030,6.616666667,-76.75,1996-02-01,1996-02-01,1996-02-01,15.0,253.0,680.0,1368.5,1888.5,NO
datos_11077030,6.616666667,-76.75,1996-02-02,1996-02-02,1996-02-02,48.0,191.0,665.0,1371.5,1879.5,NO
datos_11077030,6.616666667,-76.75,1996-02-03,1996-02-03,1996-02-03,8.0,229.0,713.0,1396.5,1905.5,NO
datos_11077030,6.616666667,-76.75,1996-02-04,1996-02-04,1996-02-04,15.0,205.0,719.0,1384.5,1873.5,NO
datos_11077030,6.616666667,-76.75,1996-02-05,1996-02-05,1996-02-05,45.0,116.0,704.0,1390.5,1878.5,NO
datos_11077030,6.616666667,-76.75,1996-02-06,1996-02-06,1996-02-06,42.0,146.0,749.0,1370.5,1912.5,NO
datos_11077030,6.616666667,-76.75,1996-02-07,1996-02-07,1996-02-07,11.0,188.0,756.0,1392.5,1946.5,NO
datos_11077030,6.616666667,-76.75,1996-02-08,1996-02-08,1996-02-08,36.0,194.0,767.0,1317.5,1957.5,NO
datos_11077030,6.616666667,-76.75,1996-02-09,1996-02-09,1996-02-09,40.0,230.0,758.0,1347.5,1915.5,NO
datos_11077030,6.616666667,-76.75,1996-02-10,1996-02-10,1996-02-10,30.0,270.0,785.0,1367.5,1943.5,NO
datos_11077030,6.616666667,-76.75,1996-02-11,1996-02-11,1996-02-11,12.0,300.0,804.0,1397.5,1960.5,NO
datos_11077030,6.616666667,-76.75,1996-02-13,1996-02-13,1996-02-13,16.0,287.0,783.0,1347.5,1891.5,NO
datos_11077030,6.616666667,-76.75,1996-02-15,1996-02-15,1996-02-15,35.0,247.0,716.0,1289.5,1898.5,NO
datos_11077030,6.616666667,-76.75,1996-02-16,1996-02-16,1996-02-16,11.0,267.0,751.0,1320.5,1923.5,NO
datos_11077030,6.616666667,-76.75,1996-02-17,1996-02-17,1996-02-17,50.0,233.0,742.0,1287.5,1934.5,NO
datos_11077030,6.616666667,-76.75,1996-02-18,1996-02-18,1996-02-18,30.0,241.0,783.0,1334.5,1974.5,NO
datos_11077030,6.616666667,-76.75,1996-02-19,1996-02-19,1996-02-19,30.0,260.0,813.0,1364.5,2004.5,NO
datos_11077030,6.616666667,-76.75,1996-02-21,1996-02-21,1996-02-21,6.0,214.0,727.0,1317.5,1979.5,NO
datos_11077030,6.616666667,-76.75,1996-02-22,1996-02-22,1996-02-22,20.0,190.0,656.0,1323.5,1982.5,NO
datos_11077030,6.616666667,-76.75,1996-02-26,1996-02-26,1996-02-26,20.0,182.0,515.0,1257.5,1918.5,NO
datos_11077030,6.616666667,-76.75,1996-02-29,1996-02-29,1996-02-29,30.0,106.0,530.0,1221.0,1902.5,NO
datos_11077030,6.616666667,-76.75,1996-03-01,1996-03-01,1996-03-01,70.0,106.0,560.0,1251.0,1921.5,NO
datos_11077030,6.616666667,-76.75,1996-03-02,1996-03-02,1996-03-02,10.0,146.0,630.0,1300.0,1988.5,NO
datos_11077030,6.616666667,-76.75,1996-03-04,1996-03-04,1996-03-04,12.0,150.0,615.0,1280.0,1963.5,NO
datos_11077030,6.616666667,-76.75,1996-03-05,1996-03-05,1996-03-05,19.0,142.0,579.0,1290.0,1955.5,NO
datos_11077030,6.616666667,-76.75,1996-03-10,1996-03-10,1996-03-10,55.0,141.0,477.0,1199.0,1788.5,NO
datos_11077030,6.616666667,-76.75,1996-03-21,1996-03-21,1996-03-21,6.0,55.0,272.0,1045.0,1566.5,NO
datos_11077030,6.616666667,-76.75,1996-03-23,1996-03-23,1996-03-23,30.0,6.0,248.0,898.0,1565.5,NO
datos_11077030,6.616666667,-76.75,1996-03-25,1996-03-25,1996-03-25,15.0,36.0,252.0,886.0,1515.5,NO
datos_11077030,6.616666667,-76.75,1996-03-26,1996-03-26,1996-03-26,5.0,51.0,267.0,797.0,1524.5,NO
datos_11077030,6.616666667,-76.75,1996-03-27,1996-03-27,1996-03-27,2.0,56.0,272.0,787.0,1529.5,NO
datos_11077030,6.616666667,-76.75,1996-03-28,1996-03-28,1996-03-28,9.0,58.0,274.0,789.0,1516.0,NO
datos_11077030,6.616666667,-76.75,1996-03-29,1996-03-29,1996-03-29,6.0,67.0,263.0,793.0,1495.0,NO
datos_11077030,6.616666667,-76.75,1996-03-31,1996-03-31,1996-03-31,10.0,73.0,269.0,799.0,1490.0,NO
datos_11077030,6.616666667,-76.75,1996-04-01,1996-04-01,1996-04-01,3.0,83.0,249.0,809.0,1479.0,NO
datos_11077030,6.616666667,-76.75,1996-04-04,1996-04-04,1996-04-04,66.0,50.0,172.0,739.0,1450.0,NO
datos_11077030,6.616666667,-76.75,1996-04-06,1996-04-06,1996-04-06,3.0,101.0,207.0,782.0,1486.0,NO
datos_11077030,6.616666667,-76.75,1996-04-07,1996-04-07,1996-04-07,32.0,99.0,210.0,740.0,1454.0,NO
datos_11077030,6.616666667,-76.75,1996-04-08,1996-04-08,1996-04-08,2.0,129.0,242.0,730.0,1486.0,NO
datos_11077030,6.616666667,-76.75,1996-04-09,1996-04-09,1996-04-09,20.0,122.0,244.0,721.0,1443.0,NO
datos_11077030,6.616666667,-76.75,1996-04-10,1996-04-10,1996-04-10,30.0,136.0,264.0,705.0,1450.0,NO
datos_11077030,6.616666667,-76.75,1996-04-11,1996-04-11,1996-04-11,20.0,166.0,239.0,695.0,1469.0,NO
datos_11077030,6.616666667,-76.75,1996-04-12,1996-04-12,1996-04-12,30.0,176.0,259.0,685.0,1456.0,NO
datos_11077030,6.616666667,-76.75,1996-04-13,1996-04-13,1996-04-13,35.0,203.0,289.0,703.0,1486.0,NO
datos_11077030,6.616666667,-76.75,1996-04-14,1996-04-14,1996-04-14,31.0,238.0,324.0,738.0,1521.0,NO
datos_11077030,6.616666667,-76.75,1996-04-15,1996-04-15,1996-04-15,23.0,269.0,355.0,753.0,1469.0,NO
datos_11077030,6.616666667,-76.75,1996-04-16,1996-04-16,1996-04-16,20.0,226.0,378.0,776.0,1492.0,NO
datos_11077030,6.616666667,-76.75,1996-04-18,1996-04-18,1996-04-18,12.0,243.0,398.0,750.0,1483.0,NO
datos_11077030,6.616666667,-76.75,1996-04-20,1996-04-20,1996-04-20,11.0,221.0,410.0,682.0,1455.0,NO
datos_11077030,6.616666667,-76.75,1996-04-22,1996-04-22,1996-04-22,10.0,182.0,415.0,663.0,1313.0,NO
datos_11077030,6.616666667,-76.75,1996-04-24,1996-04-24,1996-04-24,10.0,142.0,395.0,647.0,1281.0,NO
datos_11077030,6.616666667,-76.75,1996-04-25,1996-04-25,1996-04-25,31.0,117.0,405.0,657.0,1187.0,NO
datos_11077030,6.616666667,-76.75,1996-04-26,1996-04-26,1996-04-26,4.0,117.0,421.0,688.0,1203.0,NO
datos_11077030,6.616666667,-76.75,1996-04-27,1996-04-27,1996-04-27,39.0,98.0,420.0,692.0,1207.0,NO
datos_11077030,6.616666667,-76.75,1996-04-28,1996-04-28,1996-04-28,15.0,117.0,457.0,711.0,1241.0,NO
datos_11077030,6.616666667,-76.75,1996-04-30,1996-04-30,1996-04-30,20.0,120.0,457.0,726.0,1256.0,NO
datos_11077030,6.616666667,-76.75,1996-05-02,1996-05-02,1996-05-02,13.0,129.0,467.0,646.0,1266.0,NO
datos_11077030,6.616666667,-76.75,1996-05-03,1996-05-03,1996-05-03,3.0,142.0,477.0,649.0,1264.0,NO
datos_11077030,6.616666667,-76.75,1996-05-04,1996-05-04,1996-05-04,34.0,135.0,480.0,652.0,1219.0,NO
datos_11077030,6.616666667,-76.75,1996-05-07,1996-05-07,1996-05-07,7.0,128.0,448.0,655.0,1185.0,NO
datos_11077030,6.616666667,-76.75,1996-05-08,1996-05-08,1996-05-08,9.0,131.0,452.0,662.0,1150.0,NO
datos_11077030,6.616666667,-76.75,1996-05-09,1996-05-09,1996-05-09,4.0,101.0,429.0,671.0,1148.0,NO
datos_11077030,6.616666667,-76.75,1996-05-11,1996-05-11,1996-05-11,34.0,90.0,411.0,620.0,1076.0,NO
datos_11077030,6.616666667,-76.75,1996-05-14,1996-05-14,1996-05-14,35.0,91.0,365.0,654.0,1068.0,NO
datos_11077030,6.616666667,-76.75,1996-05-15,1996-05-15,1996-05-15,32.0,123.0,365.0,689.0,1087.0,NO
datos_11077030,6.616666667,-76.75,1996-05-16,1996-05-16,1996-05-16,33.0,121.0,366.0,721.0,1119.0,NO
datos_11077030,6.616666667,-76.75,1996-05-17,1996-05-17,1996-05-17,5.0,154.0,376.0,754.0,1117.0,NO
datos_11077030,6.616666667,-76.75,1996-05-18,1996-05-18,1996-05-18,65.0,159.0,361.0,759.0,1111.0,NO
datos_11077030,6.616666667,-76.75,1996-05-21,1996-05-21,1996-05-21,5.0,204.0,414.0,824.0,1066.0,NO
datos_11077030,6.616666667,-76.75,1996-05-22,1996-05-22,1996-05-22,53.0,209.0,408.0,823.0,1071.0,NO
datos_11077030,6.616666667,-76.75,1996-05-24,1996-05-24,1996-05-24,12.0,228.0,451.0,846.0,1098.0,NO
datos_11077030,6.616666667,-76.75,1996-05-25,1996-05-25,1996-05-25,8.0,240.0,463.0,858.0,1110.0,NO
datos_11077030,6.616666667,-76.75,1996-05-26,1996-05-26,1996-05-26,7.0,213.0,461.0,851.0,1118.0,NO
datos_11077030,6.616666667,-76.75,1996-05-27,1996-05-27,1996-05-27,3.0,188.0,437.0,853.0,1125.0,NO
datos_11077030,6.616666667,-76.75,1996-05-28,1996-05-28,1996-05-28,12.0,158.0,436.0,854.0,1108.0,NO
datos_11077030,6.616666667,-76.75,1996-05-30,1996-05-30,1996-05-30,10.0,100.0,394.0,851.0,1120.0,NO
datos_11077030,6.616666667,-76.75,1996-05-31,1996-05-31,1996-05-31,19.0,110.0,404.0,861.0,1100.0,NO
datos_11077030,6.616666667,-76.75,1996-06-01,1996-06-01,1996-06-01,20.0,129.0,403.0,870.0,1049.0,NO
datos_11077030,6.616666667,-76.75,1996-06-03,1996-06-03,1996-06-03,6.0,91.0,410.0,887.0,1059.0,NO
datos_11077030,6.616666667,-76.75,1996-06-05,1996-06-05,1996-06-05,19.0,85.0,379.0,827.0,1034.0,NO
datos_11077030,6.616666667,-76.75,1996-06-06,1996-06-06,1996-06-06,40.0,96.0,398.0,846.0,1053.0,NO
datos_11077030,6.616666667,-76.75,1996-06-11,1996-06-11,1996-06-11,10.0,104.0,418.0,799.0,1038.0,NO
datos_11077030,6.616666667,-76.75,1996-06-12,1996-06-12,1996-06-12,9.0,95.0,394.0,789.0,1048.0,NO
datos_11077030,6.616666667,-76.75,1996-06-13,1996-06-13,1996-06-13,11.0,84.0,403.0,768.0,1057.0,NO
datos_11077030,6.616666667,-76.75,1996-06-14,1996-06-14,1996-06-14,35.0,95.0,414.0,744.0,1068.0,NO
datos_11077030,6.616666667,-76.75,1996-06-15,1996-06-15,1996-06-15,84.0,124.0,414.0,748.0,1103.0,NO
datos_11077030,6.616666667,-76.75,1996-06-16,1996-06-16,1996-06-16,40.0,208.0,466.0,809.0,1187.0,NO
datos_11077030,6.616666667,-76.75,1996-06-17,1996-06-17,1996-06-17,3.0,229.0,473.0,829.0,1227.0,NO
datos_11077030,6.616666667,-76.75,1996-06-19,1996-06-19,1996-06-19,34.0,192.0,406.0,820.0,1230.0,NO
datos_11077030,6.616666667,-76.75,1996-06-21,1996-06-21,1996-06-21,11.0,226.0,440.0,843.0,1258.0,NO
datos_11077030,6.616666667,-76.75,1996-06-22,1996-06-22,1996-06-22,35.0,237.0,446.0,854.0,1269.0,NO
datos_11077030,6.616666667,-76.75,1996-06-23,1996-06-23,1996-06-23,3.0,262.0,428.0,879.0,1274.0,NO
datos_11077030,6.616666667,-76.75,1996-06-25,1996-06-25,1996-06-25,33.0,245.0,419.0,872.0,1262.0,NO
datos_11077030,6.616666667,-76.75,1996-06-27,1996-06-27,1996-06-27,2.0,159.0,437.0,870.0,1288.0,NO
datos_11077030,6.616666667,-76.75,1996-06-29,1996-06-29,1996-06-29,22.0,118.0,424.0,818.0,1275.0,NO
datos_11077030,6.616666667,-76.75,1996-06-30,1996-06-30,1996-06-30,2.0,140.0,446.0,840.0,1297.0,NO
datos_11077030,6.616666667,-76.75,1996-07-01,1996-07-01,1996-07-01,1.0,108.0,438.0,822.0,1289.0,NO
datos_11077030,6.616666667,-76.75,1996-07-02,1996-07-02,1996-07-02,6.0,109.0,420.0,823.0,1287.0,NO
datos_11077030,6.616666667,-76.75,1996-07-03,1996-07-03,1996-07-03,12.0,104.0,406.0,816.0,1293.0,NO
datos_11077030,6.616666667,-76.75,1996-07-04,1996-07-04,1996-07-04,15.0,81.0,418.0,825.0,1305.0,NO
datos_11077030,6.616666667,-76.75,1996-07-05,1996-07-05,1996-07-05,7.0,93.0,427.0,806.0,1254.0,NO
datos_11077030,6.616666667,-76.75,1996-07-06,1996-07-06,1996-07-06,20.0,100.0,434.0,813.0,1261.0,NO
datos_11077030,6.616666667,-76.75,1996-07-08,1996-07-08,1996-07-08,2.0,87.0,395.0,826.0,1246.0,NO
datos_11077030,6.616666667,-76.75,1996-07-11,1996-07-11,1996-07-11,32.0,65.0,397.0,815.0,1196.0,NO
datos_11077030,6.616666667,-76.75,1996-07-13,1996-07-13,1996-07-13,11.0,94.0,419.0,813.0,1178.0,NO
datos_11077030,6.616666667,-76.75,1996-07-14,1996-07-14,1996-07-14,1.0,99.0,421.0,824.0,1154.0,NO
datos_11077030,6.616666667,-76.75,1996-07-15,1996-07-15,1996-07-15,2.0,88.0,411.0,790.0,1124.0,NO
datos_11077030,6.616666667,-76.75,1996-07-16,1996-07-16,1996-07-16,3.0,75.0,378.0,760.0,1103.0,NO
datos_11077030,6.616666667,-76.75,1996-07-18,1996-07-18,1996-07-18,4.0,51.0,257.0,725.0,1086.0,NO
datos_11077030,6.616666667,-76.75,1996-07-19,1996-07-19,1996-07-19,34.0,55.0,258.0,664.0,1078.0,NO
datos_11077030,6.616666667,-76.75,1996-07-20,1996-07-20,1996-07-20,1.0,87.0,292.0,698.0,1112.0,NO
datos_11077030,6.616666667,-76.75,1996-07-21,1996-07-21,1996-07-21,4.0,88.0,259.0,699.0,1102.0,NO
datos_11077030,6.616666667,-76.75,1996-07-22,1996-07-22,1996-07-22,62.0,92.0,263.0,698.0,1106.0,NO
datos_11077030,6.616666667,-76.75,1996-07-23,1996-07-23,1996-07-23,5.0,122.0,314.0,707.0,1158.0,NO
datos_11077030,6.616666667,-76.75,1996-07-25,1996-07-25,1996-07-25,63.0,116.0,281.0,700.0,1153.0,NO
datos_11077030,6.616666667,-76.75,1996-07-26,1996-07-26,1996-07-26,10.0,178.0,344.0,755.0,1185.0,NO
datos_11077030,6.616666667,-76.75,1996-07-27,1996-07-27,1996-07-27,11.0,186.0,321.0,758.0,1191.0,NO
datos_11077030,6.616666667,-76.75,1996-07-29,1996-07-29,1996-07-29,10.0,194.0,330.0,754.0,1148.0,NO
datos_11077030,6.616666667,-76.75,1996-07-30,1996-07-30,1996-07-30,35.0,200.0,340.0,764.0,1158.0,NO
datos_11077030,6.616666667,-76.75,1996-07-31,1996-07-31,1996-07-31,20.0,201.0,353.0,789.0,1173.0,NO
datos_11077030,6.616666667,-76.75,1996-08-02,1996-08-02,1996-08-02,30.0,216.0,370.0,770.0,1180.0,NO
datos_11077030,6.616666667,-76.75,1996-08-03,1996-08-03,1996-08-03,62.0,184.0,394.0,800.0,1207.0,NO
datos_11077030,6.616666667,-76.75,1996-08-05,1996-08-05,1996-08-05,34.0,241.0,429.0,856.0,1235.0,NO
datos_11077030,6.616666667,-76.75,1996-08-06,1996-08-06,1996-08-06,5.0,212.0,456.0,871.0,1269.0,NO
datos_11077030,6.616666667,-76.75,1996-08-08,1996-08-08,1996-08-08,20.0,196.0,441.0,836.0,1258.0,NO
datos_11077030,6.616666667,-76.75,1996-08-09,1996-08-09,1996-08-09,73.0,216.0,459.0,856.0,1274.0,NO
datos_11077030,6.616666667,-76.75,1996-08-12,1996-08-12,1996-08-12,2.0,224.0,500.0,919.0,1313.0,NO
datos_11077030,6.616666667,-76.75,1996-08-13,1996-08-13,1996-08-13,30.0,226.0,502.0,912.0,1315.0,NO
datos_11077030,6.616666667,-76.75,1996-08-14,1996-08-14,1996-08-14,25.0,226.0,521.0,931.0,1310.0,NO
datos_11077030,6.616666667,-76.75,1996-08-16,1996-08-16,1996-08-16,5.0,189.0,543.0,837.0,1270.0,NO
datos_11077030,6.616666667,-76.75,1996-08-17,1996-08-17,1996-08-17,20.0,160.0,545.0,802.0,1270.0,NO
datos_11077030,6.616666667,-76.75,1996-08-19,1996-08-19,1996-08-19,5.0,175.0,561.0,819.0,1225.0,NO
datos_11077030,6.616666667,-76.75,1996-08-21,1996-08-21,1996-08-21,30.0,87.0,531.0,790.0,1225.0,NO
datos_11077030,6.616666667,-76.75,1996-08-22,1996-08-22,1996-08-22,25.0,117.0,557.0,809.0,1202.0,NO
datos_11077030,6.616666667,-76.75,1996-08-27,1996-08-27,1996-08-27,10.0,85.0,442.0,763.0,1197.0,NO
datos_11077030,6.616666667,-76.75,1996-08-28,1996-08-28,1996-08-28,50.0,90.0,441.0,771.0,1195.0,NO
datos_11077030,6.616666667,-76.75,1996-08-29,1996-08-29,1996-08-29,10.0,120.0,491.0,821.0,1245.0,NO
datos_11077030,6.616666667,-76.75,1996-08-30,1996-08-30,1996-08-30,10.0,130.0,491.0,809.0,1245.0,NO
datos_11077030,6.616666667,-76.75,1996-08-31,1996-08-31,1996-08-31,20.0,135.0,466.0,817.0,1236.0,NO
datos_11077030,6.616666667,-76.75,1996-09-01,1996-09-01,1996-09-01,30.0,155.0,466.0,836.0,1236.0,NO
datos_11077030,6.616666667,-76.75,1996-09-02,1996-09-02,1996-09-02,10.0,155.0,496.0,860.0,1266.0,NO
datos_11077030,6.616666667,-76.75,1996-09-03,1996-09-03,1996-09-03,90.0,140.0,476.0,858.0,1270.0,NO
datos_11077030,6.616666667,-76.75,1996-09-04,1996-09-04,1996-09-04,25.0,230.0,504.0,933.0,1360.0,NO
datos_11077030,6.616666667,-76.75,1996-09-05,1996-09-05,1996-09-05,65.0,255.0,529.0,951.0,1366.0,NO
datos_11077030,6.616666667,-76.75,1996-09-06,1996-09-06,1996-09-06,10.0,320.0,560.0,996.0,1391.0,NO
datos_11077030,6.616666667,-76.75,1996-09-09,1996-09-09,1996-09-09,30.0,270.0,545.0,1004.0,1401.0,NO
datos_11077030,6.616666667,-76.75,1996-09-11,1996-09-11,1996-09-11,60.0,280.0,502.0,1002.0,1421.0,NO
datos_11077030,6.616666667,-76.75,1996-09-12,1996-09-12,1996-09-12,3.0,320.0,562.0,1062.0,1472.0,NO
datos_11077030,6.616666667,-76.75,1996-09-13,1996-09-13,1996-09-13,10.0,293.0,563.0,1054.0,1464.0,NO
datos_11077030,6.616666667,-76.75,1996-09-14,1996-09-14,1996-09-14,75.0,293.0,543.0,1063.0,1439.0,NO
datos_11077030,6.616666667,-76.75,1996-09-15,1996-09-15,1996-09-15,10.0,278.0,593.0,1136.0,1430.0,NO
datos_11077030,6.616666667,-76.75,1996-09-16,1996-09-16,1996-09-16,25.0,263.0,603.0,1143.0,1400.0,NO
datos_11077030,6.616666667,-76.75,1996-09-17,1996-09-17,1996-09-17,20.0,223.0,623.0,1168.0,1422.0,NO
datos_11077030,6.616666667,-76.75,1996-09-18,1996-09-18,1996-09-18,7.0,233.0,623.0,1184.0,1442.0,NO
datos_11077030,6.616666667,-76.75,1996-09-20,1996-09-20,1996-09-20,2.0,240.0,625.0,1156.0,1415.0,NO
datos_11077030,6.616666667,-76.75,1996-09-21,1996-09-21,1996-09-21,20.0,212.0,627.0,1154.0,1406.0,NO
datos_11077030,6.616666667,-76.75,1996-09-22,1996-09-22,1996-09-22,2.0,232.0,617.0,1112.0,1391.0,NO
datos_11077030,6.616666667,-76.75,1996-09-24,1996-09-24,1996-09-24,10.0,171.0,594.0,1109.0,1390.0,NO
datos_11077030,6.616666667,-76.75,1996-09-26,1996-09-26,1996-09-26,5.0,96.0,604.0,1046.0,1367.0,NO
datos_11077030,6.616666667,-76.75,1996-09-27,1996-09-27,1996-09-27,15.0,91.0,609.0,1040.0,1370.0,NO
datos_11077030,6.616666667,-76.75,1996-09-29,1996-09-29,1996-09-29,40.0,61.0,564.0,1045.0,1363.0,NO
datos_11077030,6.616666667,-76.75,1996-09-30,1996-09-30,1996-09-30,35.0,94.0,594.0,1050.0,1401.0,NO
datos_11077030,6.616666667,-76.75,1996-10-01,1996-10-01,1996-10-01,17.0,129.0,619.0,1065.0,1435.0,NO
datos_11077030,6.616666667,-76.75,1996-10-02,1996-10-02,1996-10-02,11.0,144.0,616.0,1082.0,1446.0,NO
datos_11077030,6.616666667,-76.75,1996-10-05,1996-10-05,1996-10-05,10.0,133.0,497.0,1001.0,1423.0,NO
datos_11077030,6.616666667,-76.75,1996-10-06,1996-10-06,1996-10-06,72.0,133.0,482.0,977.0,1413.0,NO
datos_11077030,6.616666667,-76.75,1996-10-07,1996-10-07,1996-10-07,5.0,205.0,489.0,1044.0,1485.0,NO
datos_11077030,6.616666667,-76.75,1996-10-08,1996-10-08,1996-10-08,20.0,205.0,484.0,1049.0,1488.0,NO
datos_11077030,6.616666667,-76.75,1996-10-09,1996-10-09,1996-10-09,10.0,210.0,504.0,1049.0,1508.0,NO
datos_11077030,6.616666667,-76.75,1996-10-10,1996-10-10,1996-10-10,12.0,220.0,514.0,986.0,1518.0,NO
datos_11077030,6.616666667,-76.75,1996-10-11,1996-10-11,1996-10-11,1.0,192.0,496.0,998.0,1498.0,NO
datos_11077030,6.616666667,-76.75,1996-10-13,1996-10-13,1996-10-13,4.0,141.0,437.0,997.0,1488.0,NO
datos_11077030,6.616666667,-76.75,1996-10-14,1996-10-14,1996-10-14,12.0,134.0,438.0,971.0,1491.0,NO
datos_11077030,6.616666667,-76.75,1996-10-15,1996-10-15,1996-10-15,3.0,146.0,440.0,958.0,1501.0,NO
datos_11077030,6.616666667,-76.75,1996-10-16,1996-10-16,1996-10-16,16.0,149.0,368.0,961.0,1501.0,NO
datos_11077030,6.616666667,-76.75,1996-10-17,1996-10-17,1996-10-17,10.0,155.0,374.0,972.0,1517.0,NO
datos_11077030,6.616666667,-76.75,1996-10-18,1996-10-18,1996-10-18,30.0,93.0,359.0,962.0,1523.0,NO
datos_11077030,6.616666667,-76.75,1996-10-20,1996-10-20,1996-10-20,12.0,98.0,362.0,987.0,1518.0,NO
datos_11077030,6.616666667,-76.75,1996-10-21,1996-10-21,1996-10-21,50.0,100.0,374.0,999.0,1526.0,NO
datos_11077030,6.616666667,-76.75,1996-10-23,1996-10-23,1996-10-23,10.0,137.0,402.0,994.0,1509.0,NO
datos_11077030,6.616666667,-76.75,1996-10-24,1996-10-24,1996-10-24,5.0,147.0,410.0,1004.0,1519.0,NO
datos_11077030,6.616666667,-76.75,1996-10-26,1996-10-26,1996-10-26,52.0,136.0,405.0,1009.0,1451.0,NO
datos_11077030,6.616666667,-76.75,1996-10-27,1996-10-27,1996-10-27,40.0,185.0,457.0,1061.0,1492.0,NO
datos_11077030,6.616666667,-76.75,1996-11-01,1996-11-01,1996-11-01,11.0,157.0,402.0,1001.0,1467.0,NO
datos_11077030,6.616666667,-76.75,1996-11-02,1996-11-02,1996-11-02,44.0,118.0,396.0,982.0,1448.0,NO
datos_11077030,6.616666667,-76.75,1996-11-03,1996-11-03,1996-11-03,7.0,162.0,429.0,1016.0,1430.0,NO
datos_11077030,6.616666667,-76.75,1996-11-06,1996-11-06,1996-11-06,11.0,154.0,426.0,843.0,1398.0,NO
datos_11077030,6.616666667,-76.75,1996-11-07,1996-11-07,1996-11-07,8.0,113.0,365.0,844.0,1409.0,NO
datos_11077030,6.616666667,-76.75,1996-11-08,1996-11-08,1996-11-08,57.0,81.0,368.0,852.0,1397.0,NO
datos_11077030,6.616666667,-76.75,1996-11-10,1996-11-10,1996-11-10,20.0,138.0,395.0,879.0,1381.0,NO
datos_11077030,6.616666667,-76.75,1996-11-11,1996-11-11,1996-11-11,30.0,158.0,403.0,899.0,1401.0,NO
datos_11077030,6.616666667,-76.75,1996-11-12,1996-11-12,1996-11-12,50.0,188.0,432.0,869.0,1429.0,NO
datos_11077030,6.616666667,-76.75,1996-11-13,1996-11-13,1996-11-13,30.0,227.0,482.0,916.0,1449.0,NO
datos_11077030,6.616666667,-76.75,1996-11-14,1996-11-14,1996-11-14,40.0,213.0,508.0,936.0,1454.0,NO
datos_11077030,6.616666667,-76.75,1996-11-15,1996-11-15,1996-11-15,10.0,246.0,536.0,901.0,1494.0,NO
datos_11077030,6.616666667,-76.75,1996-11-16,1996-11-16,1996-11-16,6.0,256.0,543.0,901.0,1499.0,NO
datos_11077030,6.616666667,-76.75,1996-11-17,1996-11-17,1996-11-17,50.0,262.0,533.0,882.0,1485.0,NO
datos_11077030,6.616666667,-76.75,1996-11-23,1996-11-23,1996-11-23,7.0,186.0,481.0,881.0,1475.0,NO
datos_11077030,6.616666667,-76.75,1996-11-24,1996-11-24,1996-11-24,4.0,143.0,478.0,888.0,1482.0,NO
datos_11077030,6.616666667,-76.75,1996-11-27,1996-11-27,1996-11-27,81.0,67.0,425.0,877.0,1476.0,NO
datos_11077030,6.616666667,-76.75,1996-11-30,1996-11-30,1996-11-30,4.0,92.0,466.0,903.0,1487.0,NO
datos_11077030,6.616666667,-76.75,1996-12-01,1996-12-01,1996-12-01,20.0,96.0,470.0,872.0,1471.0,NO
datos_11077030,6.616666667,-76.75,1996-12-03,1996-12-03,1996-12-03,19.0,116.0,479.0,864.0,1451.0,NO
datos_11077030,6.616666667,-76.75,1996-12-04,1996-12-04,1996-12-04,19.0,135.0,454.0,883.0,1380.0,NO
datos_11077030,6.616666667,-76.75,1996-12-05,1996-12-05,1996-12-05,10.0,147.0,466.0,902.0,1374.0,NO
datos_11077030,6.616666667,-76.75,1996-12-06,1996-12-06,1996-12-06,3.0,153.0,476.0,902.0,1319.0,NO
datos_11077030,6.616666667,-76.75,1996-12-07,1996-12-07,1996-12-07,19.0,156.0,479.0,833.0,1312.0,NO
datos_11077030,6.616666667,-76.75,1996-12-08,1996-12-08,1996-12-08,11.0,175.0,487.0,847.0,1331.0,NO
datos_11077030,6.616666667,-76.75,1996-12-10,1996-12-10,1996-12-10,7.0,105.0,433.0,828.0,1312.0,NO
datos_11077030,6.616666667,-76.75,1996-12-11,1996-12-11,1996-12-11,3.0,112.0,440.0,823.0,1319.0,NO
datos_11077030,6.616666667,-76.75,1996-12-12,1996-12-12,1996-12-12,4.0,111.0,423.0,825.0,1262.0,NO
datos_11077030,6.616666667,-76.75,1996-12-13,1996-12-13,1996-12-13,3.0,95.0,397.0,829.0,1263.0,NO
datos_11077030,6.616666667,-76.75,1996-12-14,1996-12-14,1996-12-14,22.0,98.0,350.0,828.0,1256.0,NO
datos_11077030,6.616666667,-76.75,1996-12-15,1996-12-15,1996-12-15,11.0,101.0,342.0,838.0,1203.0,NO
datos_11077030,6.616666667,-76.75,1996-12-17,1996-12-17,1996-12-17,1.0,83.0,303.0,830.0,1179.0,NO
datos_11077030,6.616666667,-76.75,1996-12-18,1996-12-18,1996-12-18,13.0,81.0,298.0,821.0,1160.0,NO
datos_11077030,6.616666667,-76.75,1996-12-19,1996-12-19,1996-12-19,11.0,75.0,261.0,804.0,1166.0,NO
datos_11077030,6.616666667,-76.75,1996-12-23,1996-12-23,1996-12-23,10.0,65.0,272.0,753.0,1153.0,NO
datos_11077030,6.616666667,-76.75,1996-12-24,1996-12-24,1996-12-24,9.0,71.0,282.0,753.0,1163.0,NO
datos_11077030,6.616666667,-76.75,1996-12-28,1996-12-28,1996-12-28,120.0,44.0,280.0,665.0,1142.0,NO
datos_11077030,6.616666667,-76.75,1996-12-29,1996-12-29,1996-12-29,25.0,163.0,319.0,785.0,1262.0,NO
datos_11077030,6.616666667,-76.75,1996-12-30,1996-12-30,1996-12-30,12.0,175.0,344.0,810.0,1247.0,NO
datos_11077030,6.616666667,-76.75,1997-01-01,1997-01-01,1997-01-01,11.0,176.0,352.0,822.0,1207.0,NO
datos_11077030,6.616666667,-76.75,1997-01-02,1997-01-02,1997-01-02,24.0,187.0,343.0,822.0,1207.0,NO
datos_11077030,6.616666667,-76.75,1997-01-03,1997-01-03,1997-01-03,12.0,211.0,367.0,802.0,1231.0,NO
datos_11077030,6.616666667,-76.75,1997-01-05,1997-01-05,1997-01-05,11.0,204.0,341.0,807.0,1233.0,NO
datos_11077030,6.616666667,-76.75,1997-01-06,1997-01-06,1997-01-06,49.0,215.0,342.0,818.0,1172.0,NO
datos_11077030,6.616666667,-76.75,1997-01-07,1997-01-07,1997-01-07,22.0,264.0,388.0,856.0,1216.0,NO
datos_11077030,6.616666667,-76.75,1997-01-09,1997-01-09,1997-01-09,104.0,166.0,380.0,813.0,1208.0,NO
datos_11077030,6.616666667,-76.75,1997-01-10,1997-01-10,1997-01-10,22.0,245.0,484.0,917.0,1300.0,NO
datos_11077030,6.616666667,-76.75,1997-01-11,1997-01-11,1997-01-11,19.0,255.0,499.0,919.0,1321.0,NO
datos_11077030,6.616666667,-76.75,1997-01-12,1997-01-12,1997-01-12,4.0,274.0,515.0,908.0,1340.0,NO
datos_11077030,6.616666667,-76.75,1997-01-14,1997-01-14,1997-01-14,56.0,243.0,512.0,832.0,1328.0,NO
datos_11077030,6.616666667,-76.75,1997-01-15,1997-01-15,1997-01-15,10.0,287.0,546.0,848.0,1381.0,NO
datos_11077030,6.616666667,-76.75,1997-01-16,1997-01-16,1997-01-16,50.0,297.0,545.0,848.0,1375.0,NO
datos_11077030,6.616666667,-76.75,1997-01-17,1997-01-17,1997-01-17,55.0,336.0,595.0,892.0,1415.0,NO
datos_11077030,6.616666667,-76.75,1997-01-22,1997-01-22,1997-01-22,4.0,194.0,625.0,897.0,1378.0,NO
datos_11077030,6.616666667,-76.75,1997-01-23,1997-01-23,1997-01-23,13.0,179.0,629.0,901.0,1372.0,NO
datos_11077030,6.616666667,-76.75,1997-01-24,1997-01-24,1997-01-24,25.0,188.0,632.0,907.0,1380.0,NO
datos_11077030,6.616666667,-76.75,1997-01-26,1997-01-26,1997-01-26,31.0,157.0,648.0,928.0,1353.0,NO
datos_11077030,6.616666667,-76.75,1997-01-27,1997-01-27,1997-01-27,11.0,178.0,679.0,959.0,1344.0,NO
datos_11077030,6.616666667,-76.75,1997-01-28,1997-01-28,1997-01-28,5.0,139.0,690.0,889.0,1355.0,NO
datos_11077030,6.616666667,-76.75,1997-01-29,1997-01-29,1997-01-29,10.0,89.0,575.0,894.0,1360.0,NO
datos_11077030,6.616666667,-76.75,1997-01-30,1997-01-30,1997-01-30,21.0,99.0,560.0,904.0,1370.0,NO
datos_11077030,6.616666667,-76.75,1997-01-31,1997-01-31,1997-01-31,72.0,120.0,569.0,921.0,1391.0,NO
datos_11077030,6.616666667,-76.75,1997-02-03,1997-02-03,1997-02-03,11.0,188.0,606.0,954.0,1401.0,NO
datos_11077030,6.616666667,-76.75,1997-02-04,1997-02-04,1997-02-04,12.0,186.0,605.0,946.0,1412.0,NO
datos_11077030,6.616666667,-76.75,1997-02-05,1997-02-05,1997-02-05,22.0,173.0,617.0,948.0,1424.0,NO
datos_11077030,6.616666667,-76.75,1997-02-06,1997-02-06,1997-02-06,22.0,195.0,628.0,967.0,1435.0,NO
datos_11077030,6.616666667,-76.75,1997-02-07,1997-02-07,1997-02-07,19.0,186.0,601.0,970.0,1449.0,NO
datos_11077030,6.616666667,-76.75,1997-02-08,1997-02-08,1997-02-08,20.0,194.0,598.0,978.0,1411.0,NO
datos_11077030,6.616666667,-76.75,1997-02-10,1997-02-10,1997-02-10,90.0,199.0,514.0,991.0,1411.0,NO
datos_11077030,6.616666667,-76.75,1997-02-11,1997-02-11,1997-02-11,5.0,268.0,582.0,1078.0,1471.0,NO
datos_11077030,6.616666667,-76.75,1997-02-12,1997-02-12,1997-02-12,25.0,201.0,568.0,1079.0,1426.0,NO
datos_11077030,6.616666667,-76.75,1997-02-13,1997-02-13,1997-02-13,6.0,226.0,589.0,1101.0,1421.0,NO
datos_11077030,6.616666667,-76.75,1997-02-14,1997-02-14,1997-02-14,77.0,232.0,595.0,1085.0,1387.0,NO
datos_11077030,6.616666667,-76.75,1997-02-15,1997-02-15,1997-02-15,9.0,298.0,616.0,1151.0,1454.0,NO
datos_11077030,6.616666667,-76.75,1997-02-16,1997-02-16,1997-02-16,40.0,295.0,615.0,1160.0,1457.0,NO
datos_11077030,6.616666667,-76.75,1997-02-18,1997-02-18,1997-02-18,10.0,291.0,550.0,1186.0,1447.0,NO
datos_11077030,6.616666667,-76.75,1997-02-20,1997-02-20,1997-02-20,10.0,262.0,560.0,1185.0,1457.0,NO
datos_11077030,6.616666667,-76.75,1997-02-22,1997-02-22,1997-02-22,5.0,182.0,570.0,1195.0,1467.0,NO
datos_11077030,6.616666667,-76.75,1997-02-23,1997-02-23,1997-02-23,5.0,182.0,571.0,1190.0,1465.0,NO
datos_11077030,6.616666667,-76.75,1997-02-24,1997-02-24,1997-02-24,2.0,162.0,563.0,1186.0,1466.0,NO
datos_11077030,6.616666667,-76.75,1997-03-01,1997-03-01,1997-03-01,10.0,32.0,493.0,1043.0,1387.0,NO
datos_11077030,6.616666667,-76.75,1997-03-03,1997-03-03,1997-03-03,5.0,32.0,472.0,1041.0,1373.0,NO
datos_11077030,6.616666667,-76.75,1997-03-04,1997-03-04,1997-03-04,3.0,27.0,405.0,1035.0,1378.0,NO
datos_11077030,6.616666667,-76.75,1997-03-11,1997-03-11,1997-03-11,3.0,18.0,322.0,920.0,1300.0,NO
datos_11077030,6.616666667,-76.75,1997-03-17,1997-03-17,1997-03-17,4.0,3.0,179.0,718.0,1253.0,NO
datos_11077030,6.616666667,-76.75,1997-03-19,1997-03-19,1997-03-19,11.0,7.0,97.0,662.0,1256.0,NO
datos_11077030,6.616666667,-76.75,1997-04-06,1997-04-06,1997-04-06,30.0,0.0,18.0,415.0,1020.0,NO
datos_11077030,6.616666667,-76.75,1997-04-09,1997-04-09,1997-04-09,11.0,30.0,48.0,389.0,968.0,NO
datos_11077030,6.616666667,-76.75,1997-04-10,1997-04-10,1997-04-10,2.0,41.0,59.0,381.0,979.0,NO
datos_11077030,6.616666667,-76.75,1997-04-13,1997-04-13,1997-04-13,11.0,43.0,58.0,273.0,836.0,NO
datos_11077030,6.616666667,-76.75,1997-04-14,1997-04-14,1997-04-14,20.0,54.0,69.0,279.0,843.0,NO
datos_11077030,6.616666667,-76.75,1997-04-15,1997-04-15,1997-04-15,9.0,74.0,89.0,274.0,863.0,NO
datos_11077030,6.616666667,-76.75,1997-04-16,1997-04-16,1997-04-16,10.0,83.0,98.0,277.0,816.0,NO
datos_11077030,6.616666667,-76.75,1997-04-17,1997-04-17,1997-04-17,38.0,93.0,108.0,210.0,816.0,NO
datos_11077030,6.616666667,-76.75,1997-04-18,1997-04-18,1997-04-18,11.0,101.0,142.0,239.0,804.0,NO
datos_11077030,6.616666667,-76.75,1997-04-19,1997-04-19,1997-04-19,110.0,112.0,153.0,210.0,760.0,NO
datos_11077030,6.616666667,-76.75,1997-04-20,1997-04-20,1997-04-20,7.0,222.0,252.0,320.0,870.0,NO
datos_11077030,6.616666667,-76.75,1997-04-21,1997-04-21,1997-04-21,25.0,218.0,259.0,317.0,877.0,NO
datos_11077030,6.616666667,-76.75,1997-04-23,1997-04-23,1997-04-23,27.0,241.0,284.0,332.0,902.0,NO
datos_11077030,6.616666667,-76.75,1997-04-24,1997-04-24,1997-04-24,10.0,268.0,311.0,359.0,925.0,NO
datos_11077030,6.616666667,-76.75,1997-04-29,1997-04-29,1997-04-29,20.0,190.0,321.0,357.0,855.0,NO
datos_11077030,6.616666667,-76.75,1997-04-30,1997-04-30,1997-04-30,21.0,199.0,341.0,377.0,870.0,NO
datos_11077030,6.616666667,-76.75,1997-05-01,1997-05-01,1997-05-01,20.0,110.0,362.0,398.0,881.0,NO
datos_11077030,6.616666667,-76.75,1997-05-02,1997-05-02,1997-05-02,2.0,123.0,382.0,408.0,880.0,NO
datos_11077030,6.616666667,-76.75,1997-05-03,1997-05-03,1997-05-03,6.0,100.0,384.0,410.0,810.0,NO
datos_11077030,6.616666667,-76.75,1997-05-04,1997-05-04,1997-05-04,1.0,106.0,390.0,411.0,816.0,NO
datos_11077030,6.616666667,-76.75,1997-05-07,1997-05-07,1997-05-07,80.0,70.0,391.0,409.0,794.0,NO
datos_11077030,6.616666667,-76.75,1997-05-09,1997-05-09,1997-05-09,5.0,150.0,441.0,489.0,830.0,NO
datos_11077030,6.616666667,-76.75,1997-05-12,1997-05-12,1997-05-12,40.0,114.0,433.0,491.0,796.0,NO
datos_11077030,6.616666667,-76.75,1997-05-13,1997-05-13,1997-05-13,74.0,134.0,473.0,531.0,746.0,NO
datos_11077030,6.616666667,-76.75,1997-05-15,1997-05-15,1997-05-15,3.0,200.0,536.0,605.0,790.0,NO
datos_11077030,6.616666667,-76.75,1997-05-18,1997-05-18,1997-05-18,9.0,202.0,500.0,604.0,701.0,NO
datos_11077030,6.616666667,-76.75,1997-05-20,1997-05-20,1997-05-20,6.0,131.0,460.0,602.0,670.0,NO
datos_11077030,6.616666667,-76.75,1997-05-21,1997-05-21,1997-05-21,62.0,132.0,356.0,608.0,666.0,NO
datos_11077030,6.616666667,-76.75,1997-05-23,1997-05-23,1997-05-23,44.0,194.0,386.0,670.0,718.0,NO
datos_11077030,6.616666667,-76.75,1997-05-24,1997-05-24,1997-05-24,4.0,198.0,430.0,714.0,762.0,NO
datos_11077030,6.616666667,-76.75,1997-05-27,1997-05-27,1997-05-27,22.0,125.0,397.0,718.0,754.0,NO
datos_11077030,6.616666667,-76.75,1997-05-29,1997-05-29,1997-05-29,21.0,147.0,419.0,740.0,776.0,NO
datos_11077030,6.616666667,-76.75,1997-05-30,1997-05-30,1997-05-30,20.0,159.0,440.0,761.0,797.0,NO
datos_11077030,6.616666667,-76.75,1997-05-31,1997-05-31,1997-05-31,19.0,179.0,440.0,781.0,817.0,NO
datos_11077030,6.616666667,-76.75,1997-06-01,1997-06-01,1997-06-01,9.0,192.0,438.0,800.0,826.0,NO
datos_11077030,6.616666667,-76.75,1997-06-02,1997-06-02,1997-06-02,6.0,139.0,427.0,809.0,835.0,NO
datos_11077030,6.616666667,-76.75,1997-06-03,1997-06-03,1997-06-03,19.0,145.0,431.0,815.0,836.0,NO
datos_11077030,6.616666667,-76.75,1997-06-04,1997-06-04,1997-06-04,10.0,120.0,444.0,834.0,852.0,NO
datos_11077030,6.616666667,-76.75,1997-06-06,1997-06-06,1997-06-06,44.0,126.0,453.0,844.0,862.0,NO
datos_11077030,6.616666667,-76.75,1997-06-13,1997-06-13,1997-06-13,5.0,79.0,372.0,845.0,903.0,NO
datos_11077030,6.616666667,-76.75,1997-06-15,1997-06-15,1997-06-15,40.0,59.0,303.0,819.0,908.0,NO
datos_11077030,6.616666667,-76.75,1997-06-17,1997-06-17,1997-06-17,5.0,89.0,340.0,840.0,944.0,NO
datos_11077030,6.616666667,-76.75,1997-06-18,1997-06-18,1997-06-18,10.0,50.0,345.0,807.0,949.0,NO
datos_11077030,6.616666667,-76.75,1997-06-20,1997-06-20,1997-06-20,25.0,60.0,346.0,696.0,948.0,NO
datos_11077030,6.616666667,-76.75,1997-06-22,1997-06-22,1997-06-22,10.0,85.0,303.0,689.0,973.0,NO
datos_11077030,6.616666667,-76.75,1997-06-23,1997-06-23,1997-06-23,20.0,95.0,313.0,699.0,983.0,NO
datos_11077030,6.616666667,-76.75,1997-06-24,1997-06-24,1997-06-24,4.0,115.0,289.0,692.0,1003.0,NO
datos_11077030,6.616666667,-76.75,1997-06-25,1997-06-25,1997-06-25,20.0,114.0,289.0,686.0,1007.0,NO
datos_11077030,6.616666667,-76.75,1997-06-26,1997-06-26,1997-06-26,10.0,134.0,309.0,706.0,1027.0,NO
datos_11077030,6.616666667,-76.75,1997-06-29,1997-06-29,1997-06-29,15.0,99.0,297.0,716.0,1037.0,NO
datos_11077030,6.616666667,-76.75,1997-06-30,1997-06-30,1997-06-30,11.0,104.0,291.0,711.0,1052.0,NO
datos_11077030,6.616666667,-76.75,1997-07-01,1997-07-01,1997-07-01,5.0,115.0,282.0,701.0,1063.0,NO
datos_11077030,6.616666667,-76.75,1997-07-05,1997-07-05,1997-07-05,5.0,65.0,234.0,677.0,1068.0,NO
datos_11077030,6.616666667,-76.75,1997-07-08,1997-07-08,1997-07-08,30.0,36.0,185.0,602.0,1043.0,NO
datos_11077030,6.616666667,-76.75,1997-07-09,1997-07-09,1997-07-09,50.0,66.0,215.0,632.0,1073.0,NO
datos_11077030,6.616666667,-76.75,1997-07-10,1997-07-10,1997-07-10,5.0,116.0,265.0,677.0,1112.0,NO
datos_11077030,6.616666667,-76.75,1997-07-11,1997-07-11,1997-07-11,50.0,106.0,270.0,682.0,1115.0,NO
datos_11077030,6.616666667,-76.75,1997-07-12,1997-07-12,1997-07-12,5.0,145.0,320.0,732.0,1165.0,NO
datos_11077030,6.616666667,-76.75,1997-07-14,1997-07-14,1997-07-14,50.0,145.0,325.0,623.0,1159.0,NO
datos_11077030,6.616666667,-76.75,1997-07-15,1997-07-15,1997-07-15,15.0,195.0,370.0,673.0,1189.0,NO
datos_11077030,6.616666667,-76.75,1997-07-16,1997-07-16,1997-07-16,30.0,210.0,385.0,685.0,1195.0,NO
datos_11077030,6.616666667,-76.75,1997-07-17,1997-07-17,1997-07-17,5.0,235.0,375.0,715.0,1215.0,NO
datos_11077030,6.616666667,-76.75,1997-07-19,1997-07-19,1997-07-19,7.0,240.0,375.0,711.0,1171.0,NO
datos_11077030,6.616666667,-76.75,1997-07-20,1997-07-20,1997-07-20,15.0,217.0,372.0,718.0,1068.0,NO
datos_11077030,6.616666667,-76.75,1997-07-24,1997-07-24,1997-07-24,5.0,122.0,352.0,621.0,1024.0,NO
datos_11077030,6.616666667,-76.75,1997-07-26,1997-07-26,1997-07-26,10.0,77.0,333.0,622.0,1019.0,NO
datos_11077030,6.616666667,-76.75,1997-07-27,1997-07-27,1997-07-27,17.0,72.0,323.0,632.0,1029.0,NO
datos_11077030,6.616666667,-76.75,1997-07-29,1997-07-29,1997-07-29,17.0,54.0,330.0,627.0,1046.0,NO
datos_11077030,6.616666667,-76.75,1997-08-01,1997-08-01,1997-08-01,35.0,49.0,321.0,584.0,1002.0,NO
datos_11077030,6.616666667,-76.75,1997-08-11,1997-08-11,1997-08-11,10.0,35.0,261.0,531.0,943.0,NO
datos_11077030,6.616666667,-76.75,1997-08-12,1997-08-12,1997-08-12,29.0,45.0,221.0,541.0,913.0,NO
datos_11077030,6.616666667,-76.75,1997-08-13,1997-08-13,1997-08-13,5.0,39.0,245.0,570.0,868.0,NO
datos_11077030,6.616666667,-76.75,1997-08-14,1997-08-14,1997-08-14,5.0,44.0,250.0,570.0,873.0,NO
datos_11077030,6.616666667,-76.75,1997-08-16,1997-08-16,1997-08-16,5.0,49.0,190.0,535.0,875.0,NO
datos_11077030,6.616666667,-76.75,1997-08-18,1997-08-18,1997-08-18,30.0,54.0,160.0,535.0,871.0,NO
datos_11077030,6.616666667,-76.75,1997-08-19,1997-08-19,1997-08-19,6.0,84.0,190.0,555.0,901.0,NO
datos_11077030,6.616666667,-76.75,1997-08-21,1997-08-21,1997-08-21,22.0,90.0,174.0,536.0,839.0,NO
datos_11077030,6.616666667,-76.75,1997-08-22,1997-08-22,1997-08-22,44.0,112.0,196.0,558.0,861.0,NO
datos_11077030,6.616666667,-76.75,1997-08-24,1997-08-24,1997-08-24,7.0,117.0,240.0,572.0,857.0,NO
datos_11077030,6.616666667,-76.75,1997-08-25,1997-08-25,1997-08-25,8.0,119.0,242.0,575.0,864.0,NO
datos_11077030,6.616666667,-76.75,1997-08-26,1997-08-26,1997-08-26,7.0,122.0,250.0,563.0,872.0,NO
datos_11077030,6.616666667,-76.75,1997-08-30,1997-08-30,1997-08-30,19.0,94.0,213.0,545.0,816.0,NO
datos_11077030,6.616666667,-76.75,1997-08-31,1997-08-31,1997-08-31,20.0,107.0,232.0,553.0,816.0,NO
datos_11077030,6.616666667,-76.75,1997-09-01,1997-09-01,1997-09-01,80.0,127.0,252.0,568.0,827.0,NO
datos_11077030,6.616666667,-76.75,1997-09-03,1997-09-03,1997-09-03,70.0,141.0,297.0,648.0,882.0,NO
datos_11077030,6.616666667,-76.75,1997-09-05,1997-09-05,1997-09-05,40.0,204.0,367.0,713.0,942.0,NO
datos_11077030,6.616666667,-76.75,1997-09-08,1997-09-08,1997-09-08,100.0,229.0,407.0,723.0,938.0,NO
datos_11077030,6.616666667,-76.75,1997-09-09,1997-09-09,1997-09-09,80.0,329.0,507.0,773.0,1038.0,NO
datos_11077030,6.616666667,-76.75,1997-09-10,1997-09-10,1997-09-10,60.0,409.0,587.0,848.0,1118.0,NO
datos_11077030,6.616666667,-76.75,1997-09-11,1997-09-11,1997-09-11,50.0,450.0,647.0,858.0,1178.0,NO
datos_11077030,6.616666667,-76.75,1997-09-12,1997-09-12,1997-09-12,20.0,480.0,687.0,903.0,1228.0,NO
datos_11077030,6.616666667,-76.75,1997-09-15,1997-09-15,1997-09-15,10.0,350.0,668.0,858.0,1203.0,NO
datos_11077030,6.616666667,-76.75,1997-09-16,1997-09-16,1997-09-16,2.0,360.0,678.0,838.0,1213.0,NO
datos_11077030,6.616666667,-76.75,1997-09-18,1997-09-18,1997-09-18,40.0,322.0,675.0,835.0,1200.0,NO
datos_11077030,6.616666667,-76.75,1997-09-21,1997-09-21,1997-09-21,100.0,182.0,679.0,853.0,1215.0,NO
datos_11077030,6.616666667,-76.75,1997-09-22,1997-09-22,1997-09-22,90.0,222.0,757.0,953.0,1305.0,NO
datos_11077030,6.616666667,-76.75,1997-09-23,1997-09-23,1997-09-23,10.0,262.0,803.0,1043.0,1375.0,NO
datos_11077030,6.616666667,-76.75,1997-09-25,1997-09-25,1997-09-25,10.0,252.0,806.0,1048.0,1361.0,NO
datos_11077030,6.616666667,-76.75,1997-09-30,1997-09-30,1997-09-30,70.0,210.0,801.0,1014.0,1335.0,NO
datos_11077030,6.616666667,-76.75,1997-10-01,1997-10-01,1997-10-01,80.0,280.0,852.0,1084.0,1400.0,NO
datos_11077030,6.616666667,-76.75,1997-10-03,1997-10-03,1997-10-03,22.0,260.0,832.0,1129.0,1480.0,NO
datos_11077030,6.616666667,-76.75,1997-10-04,1997-10-04,1997-10-04,23.0,192.0,854.0,1151.0,1502.0,NO
datos_11077030,6.616666667,-76.75,1997-10-12,1997-10-12,1997-10-12,20.0,125.0,527.0,1164.0,1380.0,NO
datos_11077030,6.616666667,-76.75,1997-10-13,1997-10-13,1997-10-13,11.0,65.0,497.0,1155.0,1400.0,NO
datos_11077030,6.616666667,-76.75,1997-10-14,1997-10-14,1997-10-14,6.0,76.0,488.0,1161.0,1361.0,NO
datos_11077030,6.616666667,-76.75,1997-10-17,1997-10-17,1997-10-17,36.0,37.0,484.0,1157.0,1317.0,NO
datos_11077030,6.616666667,-76.75,1997-10-18,1997-10-18,1997-10-18,5.0,73.0,518.0,1193.0,1353.0,NO
datos_11077030,6.616666667,-76.75,1997-10-19,1997-10-19,1997-10-19,6.0,78.0,523.0,1168.0,1351.0,NO
datos_11077030,6.616666667,-76.75,1997-10-20,1997-10-20,1997-10-20,15.0,84.0,489.0,1168.0,1342.0,NO
datos_11077030,6.616666667,-76.75,1997-10-21,1997-10-21,1997-10-21,25.0,99.0,504.0,1183.0,1357.0,NO
datos_11077030,6.616666667,-76.75,1997-10-22,1997-10-22,1997-10-22,2.0,124.0,529.0,1186.0,1382.0,NO
datos_11077030,6.616666667,-76.75,1997-10-27,1997-10-27,1997-10-27,46.0,89.0,321.0,1122.0,1352.0,NO
datos_11077030,6.616666667,-76.75,1997-10-29,1997-10-29,1997-10-29,9.0,99.0,367.0,1168.0,1381.0,NO
datos_11077030,6.616666667,-76.75,1997-10-30,1997-10-30,1997-10-30,61.0,103.0,376.0,1177.0,1390.0,NO
datos_11077030,6.616666667,-76.75,1997-10-31,1997-10-31,1997-10-31,16.0,158.0,437.0,1219.0,1451.0,NO
datos_11077030,6.616666667,-76.75,1997-11-02,1997-11-02,1997-11-02,22.0,134.0,303.0,1135.0,1432.0,NO
datos_11077030,6.616666667,-76.75,1997-11-03,1997-11-03,1997-11-03,11.0,154.0,325.0,1157.0,1454.0,NO
datos_11077030,6.616666667,-76.75,1997-11-05,1997-11-05,1997-11-05,11.0,165.0,291.0,1098.0,1465.0,NO
datos_11077030,6.616666667,-76.75,1997-11-06,1997-11-06,1997-11-06,16.0,176.0,302.0,1069.0,1476.0,NO
datos_11077030,6.616666667,-76.75,1997-11-08,1997-11-08,1997-11-08,22.0,146.0,318.0,1085.0,1492.0,NO
datos_11077030,6.616666667,-76.75,1997-11-11,1997-11-11,1997-11-11,19.0,98.0,340.0,867.0,1504.0,NO
datos_11077030,6.616666667,-76.75,1997-11-12,1997-11-12,1997-11-12,40.0,101.0,359.0,836.0,1494.0,NO
datos_11077030,6.616666667,-76.75,1997-11-13,1997-11-13,1997-11-13,74.0,141.0,379.0,856.0,1529.0,NO
datos_11077030,6.616666667,-76.75,1997-11-14,1997-11-14,1997-11-14,10.0,193.0,442.0,930.0,1598.0,NO
datos_11077030,6.616666667,-76.75,1997-11-20,1997-11-20,1997-11-20,15.0,143.0,399.0,888.0,1567.0,NO
datos_11077030,6.616666667,-76.75,1997-11-21,1997-11-21,1997-11-21,25.0,158.0,399.0,903.0,1560.0,NO
datos_11077030,6.616666667,-76.75,1997-11-22,1997-11-22,1997-11-22,10.0,183.0,399.0,828.0,1541.0,NO
datos_11077030,6.616666667,-76.75,1997-11-24,1997-11-24,1997-11-24,110.0,134.0,407.0,738.0,1544.0,NO
datos_11077030,6.616666667,-76.75,1997-11-28,1997-11-28,1997-11-28,6.0,160.0,471.0,838.0,1639.0,NO
datos_11077030,6.616666667,-76.75,1997-11-29,1997-11-29,1997-11-29,20.0,166.0,477.0,844.0,1645.0,NO
datos_11077030,6.616666667,-76.75,1997-11-30,1997-11-30,1997-11-30,11.0,186.0,488.0,864.0,1646.0,NO
datos_11077030,6.616666667,-76.75,1997-12-01,1997-12-01,1997-12-01,8.0,197.0,438.0,805.0,1637.0,NO
datos_11077030,6.616666667,-76.75,1997-12-03,1997-12-03,1997-12-03,40.0,165.0,430.0,733.0,1565.0,NO
datos_11077030,6.616666667,-76.75,1997-12-09,1997-12-09,1997-12-09,10.0,85.0,410.0,728.0,1395.0,NO
datos_11077030,6.616666667,-76.75,1997-12-10,1997-12-10,1997-12-10,40.0,89.0,398.0,738.0,1325.0,NO
datos_11077030,6.616666667,-76.75,1997-12-11,1997-12-11,1997-12-11,35.0,109.0,438.0,778.0,1305.0,NO
datos_11077030,6.616666667,-76.75,1998-01-06,1998-01-06,1998-01-06,60.0,0.0,85.0,511.0,813.0,NO
datos_11077030,6.616666667,-76.75,1998-01-14,1998-01-14,1998-01-14,15.0,60.0,60.0,400.0,836.0,NO
datos_11077030,6.616666667,-76.75,1998-01-16,1998-01-16,1998-01-16,13.0,75.0,75.0,405.0,851.0,NO
datos_11077030,6.616666667,-76.75,1998-02-03,1998-02-03,1998-02-03,12.0,0.0,88.0,173.0,610.0,NO
datos_11077030,6.616666667,-76.75,1998-02-05,1998-02-05,1998-02-05,20.0,12.0,100.0,185.0,611.0,NO
datos_11077030,6.616666667,-76.75,1998-02-07,1998-02-07,1998-02-07,70.0,32.0,60.0,205.0,615.0,NO
datos_11077030,6.616666667,-76.75,1998-02-08,1998-02-08,1998-02-08,3.0,102.0,130.0,275.0,663.0,NO
datos_11077030,6.616666667,-76.75,1998-02-17,1998-02-17,1998-02-17,30.0,73.0,105.0,193.0,523.0,NO
datos_11077030,6.616666667,-76.75,1998-02-18,1998-02-18,1998-02-18,50.0,103.0,135.0,223.0,553.0,NO
datos_11077030,6.616666667,-76.75,1998-02-23,1998-02-23,1998-02-23,3.0,80.0,185.0,273.0,553.0,NO
datos_11077030,6.616666667,-76.75,1998-03-02,1998-03-02,1998-03-02,27.0,3.0,188.0,276.0,409.0,NO
datos_11077030,6.616666667,-76.75,1998-03-08,1998-03-08,1998-03-08,40.0,27.0,203.0,303.0,388.0,NO
datos_11077030,6.616666667,-76.75,1998-03-22,1998-03-22,1998-03-22,10.0,0.0,70.0,255.0,343.0,NO
datos_11077030,6.616666667,-76.75,1998-03-27,1998-03-27,1998-03-27,65.0,10.0,77.0,265.0,353.0,NO
datos_11077030,6.616666667,-76.75,1998-04-05,1998-04-05,1998-04-05,64.0,65.0,115.0,330.0,418.0,NO
datos_11077030,6.616666667,-76.75,1998-04-06,1998-04-06,1998-04-06,40.0,129.0,179.0,382.0,482.0,NO
datos_11077030,6.616666667,-76.75,1998-04-09,1998-04-09,1998-04-09,6.0,104.0,179.0,402.0,462.0,NO
datos_11077030,6.616666667,-76.75,1998-04-10,1998-04-10,1998-04-10,30.0,110.0,185.0,338.0,468.0,NO
datos_11077030,6.616666667,-76.75,1998-04-11,1998-04-11,1998-04-11,8.0,140.0,215.0,365.0,498.0,NO
datos_11077030,6.616666667,-76.75,1998-04-15,1998-04-15,1998-04-15,63.0,148.0,223.0,373.0,506.0,NO
datos_11077030,6.616666667,-76.75,1998-04-18,1998-04-18,1998-04-18,9.0,107.0,286.0,436.0,541.0,NO
datos_11077030,6.616666667,-76.75,1998-04-19,1998-04-19,1998-04-19,5.0,116.0,295.0,445.0,550.0,NO
datos_11077030,6.616666667,-76.75,1998-04-23,1998-04-23,1998-04-23,12.0,77.0,290.0,370.0,555.0,NO
datos_11077030,6.616666667,-76.75,1998-04-25,1998-04-25,1998-04-25,40.0,89.0,302.0,382.0,567.0,NO
datos_11077030,6.616666667,-76.75,1998-04-26,1998-04-26,1998-04-26,35.0,129.0,342.0,419.0,607.0,NO
datos_11077030,6.616666667,-76.75,1998-04-27,1998-04-27,1998-04-27,6.0,101.0,377.0,454.0,642.0,NO
datos_11077030,6.616666667,-76.75,1998-04-29,1998-04-29,1998-04-29,11.0,107.0,318.0,460.0,648.0,NO
datos_11077030,6.616666667,-76.75,1998-04-30,1998-04-30,1998-04-30,25.0,109.0,329.0,471.0,659.0,NO
datos_11077030,6.616666667,-76.75,1998-05-01,1998-05-01,1998-05-01,99.0,129.0,354.0,496.0,684.0,NO
datos_11077030,6.616666667,-76.75,1998-05-02,1998-05-02,1998-05-02,30.0,228.0,453.0,595.0,783.0,NO
datos_11077030,6.616666667,-76.75,1998-05-03,1998-05-03,1998-05-03,32.0,258.0,483.0,598.0,813.0,NO
datos_11077030,6.616666667,-76.75,1998-05-04,1998-05-04,1998-05-04,26.0,290.0,515.0,630.0,845.0,NO
datos_11077030,6.616666667,-76.75,1998-05-09,1998-05-09,1998-05-09,19.0,223.0,437.0,616.0,839.0,NO
datos_11077030,6.616666667,-76.75,1998-05-10,1998-05-10,1998-05-10,32.0,242.0,456.0,635.0,788.0,NO
datos_11077030,6.616666667,-76.75,1998-05-11,1998-05-11,1998-05-11,16.0,263.0,482.0,667.0,817.0,NO
datos_11077030,6.616666667,-76.75,1998-05-16,1998-05-16,1998-05-16,40.0,67.0,460.0,683.0,833.0,NO
datos_11077030,6.616666667,-76.75,1998-05-18,1998-05-18,1998-05-18,80.0,107.0,437.0,723.0,873.0,NO
datos_11077030,6.616666667,-76.75,1998-05-20,1998-05-20,1998-05-20,6.0,187.0,508.0,803.0,923.0,NO
datos_11077030,6.616666667,-76.75,1998-05-21,1998-05-21,1998-05-21,2.0,174.0,509.0,809.0,879.0,NO
datos_11077030,6.616666667,-76.75,1998-05-23,1998-05-23,1998-05-23,19.0,128.0,511.0,801.0,881.0,NO
datos_11077030,6.616666667,-76.75,1998-05-24,1998-05-24,1998-05-24,10.0,147.0,530.0,820.0,900.0,NO
datos_11077030,6.616666667,-76.75,1998-05-25,1998-05-25,1998-05-25,7.0,157.0,528.0,830.0,910.0,NO
datos_11077030,6.616666667,-76.75,1998-05-26,1998-05-26,1998-05-26,21.0,164.0,535.0,837.0,914.0,NO
datos_11077030,6.616666667,-76.75,1998-05-27,1998-05-27,1998-05-27,20.0,185.0,516.0,858.0,935.0,NO
datos_11077030,6.616666667,-76.75,1998-05-28,1998-05-28,1998-05-28,20.0,165.0,501.0,813.0,955.0,NO
datos_11077030,6.616666667,-76.75,1998-05-30,1998-05-30,1998-05-30,24.0,105.0,515.0,833.0,975.0,NO
datos_11077030,6.616666667,-76.75,1998-05-31,1998-05-31,1998-05-31,20.0,129.0,528.0,857.0,999.0,NO
datos_11077030,6.616666667,-76.75,1998-06-01,1998-06-01,1998-06-01,33.0,143.0,523.0,877.0,1019.0,NO
datos_11077030,6.616666667,-76.75,1998-06-03,1998-06-03,1998-06-03,1.0,174.0,427.0,910.0,1025.0,NO
datos_11077030,6.616666667,-76.75,1998-06-04,1998-06-04,1998-06-04,9.0,156.0,396.0,911.0,1026.0,NO
datos_11077030,6.616666667,-76.75,1998-06-05,1998-06-05,1998-06-05,12.0,155.0,379.0,920.0,1035.0,NO
datos_11077030,6.616666667,-76.75,1998-06-07,1998-06-07,1998-06-07,55.0,139.0,391.0,828.0,1047.0,NO
datos_11077030,6.616666667,-76.75,1998-06-08,1998-06-08,1998-06-08,10.0,174.0,446.0,883.0,1062.0,NO
datos_11077030,6.616666667,-76.75,1998-06-11,1998-06-11,1998-06-11,50.0,140.0,405.0,857.0,1072.0,NO
datos_11077030,6.616666667,-76.75,1998-06-12,1998-06-12,1998-06-12,16.0,170.0,439.0,899.0,1122.0,NO
datos_11077030,6.616666667,-76.75,1998-06-13,1998-06-13,1998-06-13,15.0,153.0,455.0,915.0,1138.0,NO
datos_11077030,6.616666667,-76.75,1998-06-14,1998-06-14,1998-06-14,12.0,168.0,470.0,930.0,1153.0,NO
datos_11077030,6.616666667,-76.75,1998-06-15,1998-06-15,1998-06-15,18.0,179.0,482.0,942.0,1165.0,NO
datos_11077030,6.616666667,-76.75,1998-06-16,1998-06-16,1998-06-16,12.0,188.0,500.0,897.0,1183.0,NO
datos_11077030,6.616666667,-76.75,1998-06-17,1998-06-17,1998-06-17,16.0,188.0,472.0,909.0,1195.0,NO
datos_11077030,6.616666667,-76.75,1998-06-21,1998-06-21,1998-06-21,11.0,139.0,402.0,911.0,1211.0,NO
datos_11077030,6.616666667,-76.75,1998-06-22,1998-06-22,1998-06-22,19.0,150.0,411.0,922.0,1212.0,NO
datos_11077030,6.616666667,-76.75,1998-06-23,1998-06-23,1998-06-23,16.0,119.0,430.0,941.0,1231.0,NO
datos_11077030,6.616666667,-76.75,1998-06-25,1998-06-25,1998-06-25,14.0,104.0,417.0,945.0,1247.0,NO
datos_11077030,6.616666667,-76.75,1998-06-26,1998-06-26,1998-06-26,16.0,106.0,424.0,919.0,1261.0,NO
datos_11077030,6.616666667,-76.75,1998-06-27,1998-06-27,1998-06-27,19.0,104.0,419.0,900.0,1212.0,NO
datos_11077030,6.616666667,-76.75,1998-06-29,1998-06-29,1998-06-29,15.0,95.0,398.0,913.0,1231.0,NO
datos_11077030,6.616666667,-76.75,1998-07-01,1998-07-01,1998-07-01,45.0,110.0,389.0,892.0,1246.0,NO
datos_11077030,6.616666667,-76.75,1998-07-02,1998-07-02,1998-07-02,41.0,155.0,414.0,838.0,1291.0,NO
datos_11077030,6.616666667,-76.75,1998-07-03,1998-07-03,1998-07-03,28.0,185.0,422.0,849.0,1332.0,NO
datos_11077030,6.616666667,-76.75,1998-07-04,1998-07-04,1998-07-04,28.0,194.0,450.0,845.0,1360.0,NO
datos_11077030,6.616666667,-76.75,1998-07-06,1998-07-06,1998-07-06,16.0,206.0,468.0,847.0,1324.0,NO
datos_11077030,6.616666667,-76.75,1998-07-07,1998-07-07,1998-07-07,3.0,208.0,472.0,863.0,1300.0,NO
datos_11077030,6.616666667,-76.75,1998-07-08,1998-07-08,1998-07-08,14.0,195.0,475.0,866.0,1303.0,NO
datos_11077030,6.616666667,-76.75,1998-07-09,1998-07-09,1998-07-09,12.0,190.0,434.0,880.0,1317.0,NO
datos_11077030,6.616666667,-76.75,1998-07-10,1998-07-10,1998-07-10,14.0,202.0,436.0,873.0,1323.0,NO
datos_11077030,6.616666667,-76.75,1998-07-11,1998-07-11,1998-07-11,18.0,201.0,450.0,855.0,1307.0,NO
datos_11077030,6.616666667,-76.75,1998-07-14,1998-07-14,1998-07-14,15.0,133.0,402.0,857.0,1317.0,NO
datos_11077030,6.616666667,-76.75,1998-07-15,1998-07-15,1998-07-15,5.0,120.0,402.0,872.0,1332.0,NO
datos_11077030,6.616666667,-76.75,1998-07-16,1998-07-16,1998-07-16,4.0,97.0,395.0,877.0,1274.0,NO
datos_11077030,6.616666667,-76.75,1998-07-17,1998-07-17,1998-07-17,10.0,101.0,381.0,841.0,1278.0,NO
datos_11077030,6.616666667,-76.75,1998-07-18,1998-07-18,1998-07-18,20.0,95.0,379.0,851.0,1288.0,NO
datos_11077030,6.616666667,-76.75,1998-07-19,1998-07-19,1998-07-19,4.0,112.0,383.0,791.0,1299.0,NO
datos_11077030,6.616666667,-76.75,1998-07-20,1998-07-20,1998-07-20,3.0,102.0,387.0,795.0,1298.0,NO
datos_11077030,6.616666667,-76.75,1998-07-21,1998-07-21,1998-07-21,4.0,93.0,390.0,792.0,1301.0,NO
datos_11077030,6.616666667,-76.75,1998-07-22,1998-07-22,1998-07-22,20.0,83.0,394.0,794.0,1305.0,NO
datos_11077030,6.616666667,-76.75,1998-07-24,1998-07-24,1998-07-24,6.0,85.0,384.0,795.0,1313.0,NO
datos_11077030,6.616666667,-76.75,1998-07-28,1998-07-28,1998-07-28,25.0,67.0,344.0,743.0,1238.0,NO
datos_11077030,6.616666667,-76.75,1998-07-29,1998-07-29,1998-07-29,10.0,82.0,350.0,748.0,1263.0,NO
datos_11077030,6.616666667,-76.75,1998-07-31,1998-07-31,1998-07-31,13.0,68.0,345.0,734.0,1237.0,NO
datos_11077030,6.616666667,-76.75,1998-08-02,1998-08-02,1998-08-02,7.0,74.0,313.0,694.0,1121.0,NO
datos_11077030,6.616666667,-76.75,1998-08-03,1998-08-03,1998-08-03,5.0,61.0,279.0,701.0,1096.0,NO
datos_11077030,6.616666667,-76.75,1998-08-04,1998-08-04,1998-08-04,67.0,66.0,256.0,705.0,1075.0,NO
datos_11077030,6.616666667,-76.75,1998-08-05,1998-08-05,1998-08-05,5.0,127.0,295.0,763.0,1142.0,NO
datos_11077030,6.616666667,-76.75,1998-08-08,1998-08-08,1998-08-08,10.0,132.0,281.0,701.0,1147.0,NO
datos_11077030,6.616666667,-76.75,1998-08-10,1998-08-10,1998-08-10,12.0,107.0,265.0,701.0,1106.0,NO
datos_11077030,6.616666667,-76.75,1998-08-11,1998-08-11,1998-08-11,10.0,119.0,263.0,713.0,1102.0,NO
datos_11077030,6.616666667,-76.75,1998-08-13,1998-08-13,1998-08-13,12.0,116.0,255.0,657.0,1112.0,NO
datos_11077030,6.616666667,-76.75,1998-08-16,1998-08-16,1998-08-16,5.0,49.0,247.0,624.0,1084.0,NO
datos_11077030,6.616666667,-76.75,1998-08-17,1998-08-17,1998-08-17,4.0,49.0,248.0,617.0,1089.0,NO
datos_11077030,6.616666667,-76.75,1998-08-18,1998-08-18,1998-08-18,9.0,53.0,242.0,605.0,1013.0,NO
datos_11077030,6.616666667,-76.75,1998-08-19,1998-08-19,1998-08-19,27.0,62.0,231.0,614.0,1022.0,NO
datos_11077030,6.616666667,-76.75,1998-08-20,1998-08-20,1998-08-20,10.0,79.0,254.0,641.0,1043.0,NO
datos_11077030,6.616666667,-76.75,1998-08-21,1998-08-21,1998-08-21,97.0,89.0,261.0,651.0,1051.0,NO
datos_11077030,6.616666667,-76.75,1998-08-22,1998-08-22,1998-08-22,11.0,174.0,354.0,737.0,1148.0,NO
datos_11077030,6.616666667,-76.75,1998-08-23,1998-08-23,1998-08-23,28.0,175.0,345.0,729.0,1140.0,NO
datos_11077030,6.616666667,-76.75,1998-08-24,1998-08-24,1998-08-24,74.0,203.0,373.0,741.0,1158.0,NO
datos_11077030,6.616666667,-76.75,1998-08-25,1998-08-25,1998-08-25,30.0,265.0,441.0,815.0,1225.0,NO
datos_11077030,6.616666667,-76.75,1998-08-27,1998-08-27,1998-08-27,14.0,295.0,471.0,815.0,1214.0,NO
datos_11077030,6.616666667,-76.75,1998-08-28,1998-08-28,1998-08-28,2.0,304.0,485.0,810.0,1208.0,NO
datos_11077030,6.616666667,-76.75,1998-08-29,1998-08-29,1998-08-29,40.0,302.0,462.0,812.0,1210.0,NO
datos_11077030,6.616666667,-76.75,1998-08-30,1998-08-30,1998-08-30,54.0,333.0,492.0,837.0,1226.0,NO
datos_11077030,6.616666667,-76.75,1998-09-01,1998-09-01,1998-09-01,20.0,350.0,533.0,846.0,1227.0,NO
datos_11077030,6.616666667,-76.75,1998-09-02,1998-09-02,1998-09-02,35.0,273.0,553.0,825.0,1247.0,NO
datos_11077030,6.616666667,-76.75,1998-09-03,1998-09-03,1998-09-03,4.0,297.0,581.0,832.0,1281.0,NO
datos_11077030,6.616666667,-76.75,1998-09-05,1998-09-05,1998-09-05,74.0,199.0,513.0,808.0,1264.0,NO
datos_11077030,6.616666667,-76.75,1998-09-06,1998-09-06,1998-09-06,77.0,243.0,582.0,866.0,1338.0,NO
datos_11077030,6.616666667,-76.75,1998-09-07,1998-09-07,1998-09-07,12.0,320.0,659.0,940.0,1360.0,NO
datos_11077030,6.616666667,-76.75,1998-09-08,1998-09-08,1998-09-08,17.0,318.0,671.0,938.0,1362.0,NO
datos_11077030,6.616666667,-76.75,1998-09-10,1998-09-10,1998-09-10,35.0,293.0,678.0,929.0,1379.0,NO
datos_11077030,6.616666667,-76.75,1998-09-11,1998-09-11,1998-09-11,46.0,274.0,701.0,946.0,1364.0,NO
datos_11077030,6.616666667,-76.75,1998-09-15,1998-09-15,1998-09-15,4.0,261.0,725.0,972.0,1349.0,NO
datos_11077030,6.616666667,-76.75,1998-09-17,1998-09-17,1998-09-17,1.0,191.0,724.0,962.0,1325.0,NO
datos_11077030,6.616666667,-76.75,1998-09-20,1998-09-20,1998-09-20,69.0,86.0,685.0,936.0,1326.0,NO
datos_11077030,6.616666667,-76.75,1998-09-21,1998-09-21,1998-09-21,30.0,155.0,744.0,1001.0,1384.0,NO
datos_11077030,6.616666667,-76.75,1998-09-22,1998-09-22,1998-09-22,40.0,150.0,677.0,1011.0,1395.0,NO
datos_11077030,6.616666667,-76.75,1998-09-23,1998-09-23,1998-09-23,25.0,144.0,706.0,1051.0,1419.0,NO
datos_11077030,6.616666667,-76.75,1998-09-24,1998-09-24,1998-09-24,44.0,169.0,703.0,1070.0,1444.0,NO
datos_11077030,6.616666667,-76.75,1998-09-25,1998-09-25,1998-09-25,30.0,213.0,673.0,1114.0,1474.0,NO
datos_11077030,6.616666667,-76.75,1998-09-26,1998-09-26,1998-09-26,90.0,243.0,673.0,1144.0,1488.0,NO
datos_11077030,6.616666667,-76.75,1998-09-28,1998-09-28,1998-09-28,30.0,329.0,749.0,1209.0,1559.0,NO
datos_11077030,6.616666667,-76.75,1998-09-29,1998-09-29,1998-09-29,15.0,358.0,777.0,1229.0,1574.0,NO
datos_11077030,6.616666667,-76.75,1998-09-30,1998-09-30,1998-09-30,33.0,373.0,752.0,1244.0,1589.0,NO
datos_11077030,6.616666667,-76.75,1998-10-01,1998-10-01,1998-10-01,50.0,406.0,731.0,1264.0,1577.0,NO
datos_11077030,6.616666667,-76.75,1998-10-02,1998-10-02,1998-10-02,30.0,387.0,781.0,1314.0,1586.0,NO
datos_11077030,6.616666667,-76.75,1998-10-05,1998-10-05,1998-10-05,38.0,322.0,752.0,1265.0,1560.0,NO
datos_11077030,6.616666667,-76.75,1998-10-06,1998-10-06,1998-10-06,29.0,316.0,790.0,1298.0,1582.0,NO
datos_11077030,6.616666667,-76.75,1998-10-07,1998-10-07,1998-10-07,50.0,315.0,745.0,1327.0,1608.0,NO
datos_11077030,6.616666667,-76.75,1998-10-09,1998-10-09,1998-10-09,40.0,275.0,706.0,1367.0,1632.0,NO
datos_11077030,6.616666667,-76.75,1998-10-10,1998-10-10,1998-10-10,15.0,285.0,729.0,1407.0,1658.0,NO
datos_11077030,6.616666667,-76.75,1998-10-11,1998-10-11,1998-10-11,15.0,285.0,744.0,1410.0,1655.0,NO
datos_11077030,6.616666667,-76.75,1998-10-12,1998-10-12,1998-10-12,60.0,267.0,724.0,1415.0,1670.0,NO
datos_11077030,6.616666667,-76.75,1998-10-15,1998-10-15,1998-10-15,45.0,247.0,738.0,1463.0,1710.0,NO
datos_11077030,6.616666667,-76.75,1998-10-17,1998-10-17,1998-10-17,80.0,254.0,779.0,1503.0,1741.0,NO
datos_11077030,6.616666667,-76.75,1998-10-18,1998-10-18,1998-10-18,20.0,305.0,859.0,1579.0,1801.0,NO
datos_11077030,6.616666667,-76.75,1998-10-19,1998-10-19,1998-10-19,18.0,275.0,878.0,1590.0,1817.0,NO
datos_11077030,6.616666667,-76.75,1998-10-20,1998-10-20,1998-10-20,14.0,293.0,896.0,1581.0,1832.0,NO
datos_11077030,6.616666667,-76.75,1998-10-21,1998-10-21,1998-10-21,50.0,267.0,910.0,1585.0,1842.0,NO
datos_11077030,6.616666667,-76.75,1998-10-22,1998-10-22,1998-10-22,60.0,302.0,891.0,1538.0,1872.0,NO
datos_11077030,6.616666667,-76.75,1998-10-24,1998-10-24,1998-10-24,35.0,287.0,881.0,1559.0,1926.0,NO
datos_11077030,6.616666667,-76.75,1998-10-26,1998-10-26,1998-10-26,47.0,322.0,847.0,1490.0,1961.0,NO
datos_11077030,6.616666667,-76.75,1998-10-28,1998-10-28,1998-10-28,10.0,324.0,774.0,1523.0,1983.0,NO
datos_11077030,6.616666667,-76.75,1998-10-29,1998-10-29,1998-10-29,30.0,254.0,784.0,1531.0,1983.0,NO
datos_11077030,6.616666667,-76.75,1998-10-30,1998-10-30,1998-10-30,8.0,264.0,784.0,1521.0,2013.0,NO
datos_11077030,6.616666667,-76.75,1998-10-31,1998-10-31,1998-10-31,10.0,254.0,777.0,1475.0,2008.0,NO
datos_11077030,6.616666667,-76.75,1998-11-01,1998-11-01,1998-11-01,30.0,250.0,754.0,1485.0,2018.0,NO
datos_11077030,6.616666667,-76.75,1998-11-02,1998-11-02,1998-11-02,70.0,230.0,734.0,1495.0,2041.0,NO
datos_11077030,6.616666667,-76.75,1998-11-03,1998-11-03,1998-11-03,92.0,240.0,774.0,1530.0,2106.0,NO
datos_11077030,6.616666667,-76.75,1998-11-05,1998-11-05,1998-11-05,60.0,297.0,866.0,1618.0,2126.0,NO
datos_11077030,6.616666667,-76.75,1998-11-06,1998-11-06,1998-11-06,13.0,357.0,888.0,1604.0,2186.0,NO
datos_11077030,6.616666667,-76.75,1998-11-08,1998-11-08,1998-11-08,20.0,323.0,822.0,1528.0,2189.0,NO
datos_11077030,6.616666667,-76.75,1998-11-09,1998-11-09,1998-11-09,70.0,333.0,842.0,1531.0,2209.0,NO
datos_11077030,6.616666667,-76.75,1998-11-10,1998-11-10,1998-11-10,15.0,373.0,872.0,1601.0,2267.0,NO
datos_11077030,6.616666667,-76.75,1998-11-11,1998-11-11,1998-11-11,25.0,380.0,872.0,1581.0,2272.0,NO
datos_11077030,6.616666667,-76.75,1998-11-12,1998-11-12,1998-11-12,99.0,395.0,882.0,1560.0,2297.0,NO
datos_11077030,6.616666667,-76.75,1998-11-14,1998-11-14,1998-11-14,18.0,394.0,921.0,1659.0,2384.0,NO
datos_11077030,6.616666667,-76.75,1998-11-16,1998-11-16,1998-11-16,12.0,320.0,894.0,1673.0,2397.0,NO
datos_11077030,6.616666667,-76.75,1998-11-17,1998-11-17,1998-11-17,50.0,272.0,906.0,1685.0,2405.0,NO
datos_11077030,6.616666667,-76.75,1998-11-18,1998-11-18,1998-11-18,14.0,309.0,876.0,1734.0,2446.0,NO
datos_11077030,6.616666667,-76.75,1998-11-19,1998-11-19,1998-11-19,64.0,323.0,870.0,1748.0,2433.0,NO
datos_11077030,6.616666667,-76.75,1998-11-22,1998-11-22,1998-11-22,80.0,282.0,852.0,1713.0,2379.0,NO
datos_11077030,6.616666667,-76.75,1998-11-23,1998-11-23,1998-11-23,60.0,337.0,872.0,1753.0,2431.0,NO
datos_11077030,6.616666667,-76.75,1998-11-24,1998-11-24,1998-11-24,40.0,298.0,932.0,1788.0,2417.0,NO
datos_11077030,6.616666667,-76.75,1998-11-25,1998-11-25,1998-11-25,62.0,338.0,937.0,1784.0,2427.0,NO
datos_11077030,6.616666667,-76.75,1998-11-26,1998-11-26,1998-11-26,31.0,382.0,999.0,1816.0,2489.0,NO
datos_11077030,6.616666667,-76.75,1998-11-27,1998-11-27,1998-11-27,12.0,413.0,983.0,1757.0,2506.0,NO
datos_11077030,6.616666667,-76.75,1998-11-30,1998-11-30,1998-11-30,18.0,349.0,955.0,1724.0,2422.0,NO
datos_11077030,6.616666667,-76.75,1998-12-02,1998-12-02,1998-12-02,50.0,303.0,955.0,1659.0,2420.0,NO
datos_11077030,6.616666667,-76.75,1998-12-03,1998-12-03,1998-12-03,12.0,353.0,975.0,1679.0,2435.0,NO
datos_11077030,6.616666667,-76.75,1998-12-05,1998-12-05,1998-12-05,95.0,225.0,825.0,1691.0,2443.0,NO
datos_11077030,6.616666667,-76.75,1998-12-06,1998-12-06,1998-12-06,59.0,280.0,920.0,1748.0,2464.0,NO
datos_11077030,6.616666667,-76.75,1998-12-08,1998-12-08,1998-12-08,38.0,246.0,906.0,1728.0,2434.0,NO
datos_11077030,6.616666667,-76.75,1998-12-10,1998-12-10,1998-12-10,12.0,272.0,924.0,1726.0,2455.0,NO
datos_11077030,6.616666667,-76.75,1998-12-11,1998-12-11,1998-12-11,71.0,284.0,866.0,1723.0,2432.0,NO
datos_11077030,6.616666667,-76.75,1998-12-12,1998-12-12,1998-12-12,64.0,337.0,922.0,1779.0,2457.0,NO
datos_11077030,6.616666667,-76.75,1998-12-13,1998-12-13,1998-12-13,36.0,401.0,961.0,1783.0,2521.0,NO
datos_11077030,6.616666667,-76.75,1998-12-14,1998-12-14,1998-12-14,70.0,387.0,898.0,1819.0,2557.0,NO
datos_11077030,6.616666667,-76.75,1998-12-15,1998-12-15,1998-12-15,40.0,445.0,968.0,1889.0,2627.0,NO
datos_11077030,6.616666667,-76.75,1998-12-18,1998-12-18,1998-12-18,50.0,331.0,978.0,1804.0,2662.0,NO
datos_11077030,6.616666667,-76.75,1998-12-19,1998-12-19,1998-12-19,20.0,381.0,978.0,1834.0,2712.0,NO
datos_11077030,6.616666667,-76.75,1998-12-20,1998-12-20,1998-12-20,22.0,363.0,984.0,1836.0,2732.0,NO
datos_11077030,6.616666667,-76.75,1998-12-21,1998-12-21,1998-12-21,30.0,385.0,942.0,1844.0,2685.0,NO
datos_11077030,6.616666667,-76.75,1998-12-22,1998-12-22,1998-12-22,10.0,403.0,972.0,1824.0,2685.0,NO
datos_11077030,6.616666667,-76.75,1998-12-23,1998-12-23,1998-12-23,80.0,342.0,982.0,1774.0,2655.0,NO
datos_11077030,6.616666667,-76.75,1998-12-24,1998-12-24,1998-12-24,12.0,358.0,982.0,1854.0,2710.0,NO
datos_11077030,6.616666667,-76.75,1998-12-29,1998-12-29,1998-12-29,20.0,224.0,789.0,1774.0,2528.0,NO
datos_11077030,6.616666667,-76.75,1998-12-30,1998-12-30,1998-12-30,21.0,194.0,809.0,1764.0,2533.0,NO
datos_11077030,6.616666667,-76.75,1998-12-31,1998-12-31,1998-12-31,24.0,195.0,830.0,1777.0,2521.0,NO
datos_11077030,6.616666667,-76.75,1999-01-01,1999-01-01,1999-01-01,31.0,197.0,836.0,1791.0,2495.0,NO
datos_11077030,6.616666667,-76.75,1999-01-02,1999-01-02,1999-01-02,30.0,198.0,867.0,1792.0,2496.0,NO
datos_11077030,6.616666667,-76.75,1999-01-04,1999-01-04,1999-01-04,25.0,138.0,835.0,1660.0,2526.0,NO
datos_11077030,6.616666667,-76.75,1999-01-06,1999-01-06,1999-01-06,52.0,151.0,765.0,1625.0,2484.0,NO
datos_11077030,6.616666667,-76.75,1999-01-07,1999-01-07,1999-01-07,83.0,203.0,758.0,1664.0,2486.0,NO
datos_11077030,6.616666667,-76.75,1999-01-09,1999-01-09,1999-01-09,14.0,286.0,803.0,1727.0,2529.0,NO
datos_11077030,6.616666667,-76.75,1999-01-10,1999-01-10,1999-01-10,12.0,280.0,817.0,1671.0,2528.0,NO
datos_11077030,6.616666667,-76.75,1999-01-11,1999-01-11,1999-01-11,10.0,271.0,817.0,1668.0,2525.0,NO
datos_11077030,6.616666667,-76.75,1999-01-15,1999-01-15,1999-01-15,90.0,196.0,586.0,1536.0,2430.0,NO
datos_11077030,6.616666667,-76.75,1999-01-16,1999-01-16,1999-01-16,40.0,261.0,636.0,1626.0,2520.0,NO
datos_11077030,6.616666667,-76.75,1999-01-19,1999-01-19,1999-01-19,13.0,166.0,626.0,1590.0,2442.0,NO
datos_11077030,6.616666667,-76.75,1999-01-20,1999-01-20,1999-01-20,20.0,179.0,619.0,1539.0,2441.0,NO
datos_11077030,6.616666667,-76.75,1999-01-21,1999-01-21,1999-01-21,62.0,185.0,617.0,1559.0,2411.0,NO
datos_11077030,6.616666667,-76.75,1999-01-22,1999-01-22,1999-01-22,20.0,235.0,649.0,1621.0,2413.0,NO
datos_11077030,6.616666667,-76.75,1999-01-23,1999-01-23,1999-01-23,13.0,245.0,659.0,1561.0,2433.0,NO
datos_11077030,6.616666667,-76.75,1999-01-24,1999-01-24,1999-01-24,14.0,258.0,592.0,1514.0,2411.0,NO
datos_11077030,6.616666667,-76.75,1999-01-25,1999-01-25,1999-01-25,50.0,272.0,594.0,1488.0,2425.0,NO
datos_11077030,6.616666667,-76.75,1999-01-27,1999-01-27,1999-01-27,20.0,232.0,644.0,1445.0,2428.0,NO
datos_11077030,6.616666667,-76.75,1999-01-29,1999-01-29,1999-01-29,40.0,212.0,664.0,1453.0,2408.0,NO
datos_11077030,6.616666667,-76.75,1999-01-31,1999-01-31,1999-01-31,90.0,239.0,663.0,1475.0,2430.0,NO
datos_11077030,6.616666667,-76.75,1999-02-01,1999-02-01,1999-02-01,10.0,309.0,729.0,1565.0,2490.0,NO
datos_11077030,6.616666667,-76.75,1999-02-02,1999-02-02,1999-02-02,18.0,257.0,708.0,1525.0,2430.0,NO
datos_11077030,6.616666667,-76.75,1999-02-03,1999-02-03,1999-02-03,20.0,255.0,696.0,1531.0,2356.0,NO
datos_11077030,6.616666667,-76.75,1999-02-04,1999-02-04,1999-02-04,53.0,262.0,716.0,1551.0,2376.0,NO
datos_11077030,6.616666667,-76.75,1999-02-05,1999-02-05,1999-02-05,80.0,301.0,744.0,1509.0,2369.0,NO
datos_11077030,6.616666667,-76.75,1999-02-06,1999-02-06,1999-02-06,50.0,331.0,824.0,1530.0,2436.0,NO
datos_11077030,6.616666667,-76.75,1999-02-11,1999-02-11,1999-02-11,67.0,321.0,713.0,1459.0,2356.0,NO
datos_11077030,6.616666667,-76.75,1999-02-13,1999-02-13,1999-02-13,80.0,288.0,770.0,1426.0,2324.0,NO
datos_11077030,6.616666667,-76.75,1999-02-14,1999-02-14,1999-02-14,10.0,350.0,850.0,1436.0,2386.0,NO
datos_11077030,6.616666667,-76.75,1999-02-15,1999-02-15,1999-02-15,75.0,340.0,860.0,1406.0,2396.0,NO
datos_11077030,6.616666667,-76.75,1999-02-16,1999-02-16,1999-02-16,63.0,362.0,845.0,1481.0,2459.0,NO
datos_11077030,6.616666667,-76.75,1999-02-19,1999-02-19,1999-02-19,5.0,295.0,868.0,1474.0,2394.0,NO
datos_11077030,6.616666667,-76.75,1999-02-20,1999-02-20,1999-02-20,3.0,300.0,860.0,1457.0,2399.0,NO
datos_11077030,6.616666667,-76.75,1999-02-21,1999-02-21,1999-02-21,65.0,303.0,843.0,1430.0,2402.0,NO
datos_11077030,6.616666667,-76.75,1999-02-22,1999-02-22,1999-02-22,52.0,368.0,846.0,1485.0,2387.0,NO
datos_11077030,6.616666667,-76.75,1999-02-24,1999-02-24,1999-02-24,25.0,353.0,865.0,1445.0,2339.0,NO
datos_11077030,6.616666667,-76.75,1999-02-25,1999-02-25,1999-02-25,10.0,298.0,876.0,1470.0,2302.0,NO
datos_11077030,6.616666667,-76.75,1999-02-26,1999-02-26,1999-02-26,80.0,298.0,836.0,1480.0,2281.0,NO
datos_11077030,6.616666667,-76.75,1999-02-27,1999-02-27,1999-02-27,13.0,303.0,916.0,1560.0,2349.0,NO
datos_11077030,6.616666667,-76.75,1999-02-28,1999-02-28,1999-02-28,53.0,253.0,909.0,1573.0,2362.0,NO
datos_11077030,6.616666667,-76.75,1999-03-01,1999-03-01,1999-03-01,10.0,306.0,962.0,1606.0,2415.0,NO
datos_11077030,6.616666667,-76.75,1999-03-03,1999-03-03,1999-03-03,30.0,311.0,932.0,1571.0,2407.0,NO
datos_11077030,6.616666667,-76.75,1999-03-04,1999-03-04,1999-03-04,50.0,338.0,872.0,1570.0,2387.0,NO
datos_11077030,6.616666667,-76.75,1999-03-06,1999-03-06,1999-03-06,10.0,271.0,894.0,1590.0,2425.0,NO
datos_11077030,6.616666667,-76.75,1999-03-13,1999-03-13,1999-03-13,60.0,90.0,701.0,1414.0,2160.0,NO
datos_11077030,6.616666667,-76.75,1999-03-14,1999-03-14,1999-03-14,72.0,150.0,761.0,1464.0,2156.0,NO
datos_11077030,6.616666667,-76.75,1999-03-17,1999-03-17,1999-03-17,20.0,142.0,686.0,1536.0,2082.0,NO
datos_11077030,6.616666667,-76.75,1999-03-18,1999-03-18,1999-03-18,50.0,152.0,696.0,1466.0,2102.0,NO
datos_11077030,6.616666667,-76.75,1999-03-20,1999-03-20,1999-03-20,10.0,202.0,608.0,1476.0,2102.0,NO
datos_11077030,6.616666667,-76.75,1999-03-22,1999-03-22,1999-03-22,30.0,212.0,618.0,1473.0,2070.0,NO
datos_11077030,6.616666667,-76.75,1999-03-24,1999-03-24,1999-03-24,40.0,242.0,640.0,1421.0,2060.0,NO
datos_11077030,6.616666667,-76.75,1999-03-26,1999-03-26,1999-03-26,38.0,150.0,563.0,1428.0,2008.0,NO
datos_11077030,6.616666667,-76.75,1999-03-28,1999-03-28,1999-03-28,29.0,188.0,576.0,1402.0,2046.0,NO
datos_11077030,6.616666667,-76.75,1999-03-29,1999-03-29,1999-03-29,38.0,197.0,595.0,1431.0,2075.0,NO
datos_11077030,6.616666667,-76.75,1999-03-30,1999-03-30,1999-03-30,39.0,185.0,553.0,1449.0,2113.0,NO
datos_11077030,6.616666667,-76.75,1999-03-31,1999-03-31,1999-03-31,90.0,224.0,579.0,1488.0,2132.0,NO
datos_11077030,6.616666667,-76.75,1999-04-01,1999-04-01,1999-04-01,50.0,304.0,616.0,1538.0,2201.0,NO
datos_11077030,6.616666667,-76.75,1999-04-02,1999-04-02,1999-04-02,20.0,354.0,656.0,1588.0,2227.0,NO
datos_11077030,6.616666667,-76.75,1999-04-03,1999-04-03,1999-04-03,60.0,344.0,676.0,1518.0,2216.0,NO
datos_11077030,6.616666667,-76.75,1999-04-04,1999-04-04,1999-04-04,80.0,404.0,706.0,1568.0,2246.0,NO
datos_11077030,6.616666667,-76.75,1999-04-06,1999-04-06,1999-04-06,30.0,444.0,736.0,1610.0,2301.0,NO
datos_11077030,6.616666667,-76.75,1999-04-09,1999-04-09,1999-04-09,10.0,407.0,756.0,1457.0,2196.0,NO
datos_11077030,6.616666667,-76.75,1999-04-10,1999-04-10,1999-04-10,80.0,379.0,766.0,1467.0,2206.0,NO
datos_11077030,6.616666667,-76.75,1999-04-11,1999-04-11,1999-04-11,60.0,420.0,846.0,1547.0,2272.0,NO
datos_11077030,6.616666667,-76.75,1999-04-12,1999-04-12,1999-04-12,20.0,390.0,906.0,1607.0,2320.0,NO
datos_11077030,6.616666667,-76.75,1999-04-14,1999-04-14,1999-04-14,70.0,340.0,866.0,1560.0,2330.0,NO
datos_11077030,6.616666667,-76.75,1999-04-15,1999-04-15,1999-04-15,10.0,350.0,864.0,1630.0,2400.0,NO
datos_11077030,6.616666667,-76.75,1999-04-20,1999-04-20,1999-04-20,10.0,250.0,804.0,1412.0,2280.0,NO
datos_11077030,6.616666667,-76.75,1999-04-21,1999-04-21,1999-04-21,5.0,250.0,804.0,1422.0,2277.0,NO
datos_11077030,6.616666667,-76.75,1999-04-22,1999-04-22,1999-04-22,10.0,175.0,809.0,1422.0,2262.0,NO
datos_11077030,6.616666667,-76.75,1999-04-24,1999-04-24,1999-04-24,50.0,105.0,789.0,1364.0,2190.0,NO
datos_11077030,6.616666667,-76.75,1999-04-25,1999-04-25,1999-04-25,10.0,155.0,799.0,1362.0,2227.0,NO
datos_11077030,6.616666667,-76.75,1999-04-27,1999-04-27,1999-04-27,50.0,85.0,771.0,1347.0,2173.0,NO
datos_11077030,6.616666667,-76.75,1999-04-29,1999-04-29,1999-04-29,40.0,135.0,792.0,1307.0,2203.0,NO
datos_11077030,6.616666667,-76.75,1999-05-01,1999-05-01,1999-05-01,10.0,175.0,755.0,1281.0,2203.0,NO
datos_11077030,6.616666667,-76.75,1999-05-03,1999-05-03,1999-05-03,10.0,170.0,625.0,1281.0,2123.0,NO
datos_11077030,6.616666667,-76.75,1999-05-06,1999-05-06,1999-05-06,80.0,120.0,475.0,1211.0,2085.0,NO
datos_11077030,6.616666667,-76.75,1999-05-08,1999-05-08,1999-05-08,20.0,190.0,525.0,1281.0,2032.0,NO
datos_11077030,6.616666667,-76.75,1999-05-09,1999-05-09,1999-05-09,10.0,160.0,545.0,1301.0,2002.0,NO
datos_11077030,6.616666667,-76.75,1999-05-11,1999-05-11,1999-05-11,45.0,130.0,545.0,1311.0,2012.0,NO
datos_11077030,6.616666667,-76.75,1999-05-13,1999-05-13,1999-05-13,14.0,165.0,450.0,1356.0,2057.0,NO
datos_11077030,6.616666667,-76.75,1999-05-16,1999-05-16,1999-05-16,54.0,169.0,374.0,1238.0,1924.0,NO
datos_11077030,6.616666667,-76.75,1999-05-17,1999-05-17,1999-05-17,20.0,223.0,418.0,1292.0,1968.0,NO
datos_11077030,6.616666667,-76.75,1999-05-19,1999-05-19,1999-05-19,29.0,163.0,438.0,1242.0,1850.0,NO
datos_11077030,6.616666667,-76.75,1999-05-20,1999-05-20,1999-05-20,30.0,172.0,467.0,1271.0,1879.0,NO
datos_11077030,6.616666667,-76.75,1999-05-21,1999-05-21,1999-05-21,113.0,192.0,497.0,1291.0,1909.0,NO
datos_11077030,6.616666667,-76.75,1999-05-22,1999-05-22,1999-05-22,10.0,305.0,600.0,1404.0,2017.0,NO
datos_11077030,6.616666667,-76.75,1999-05-23,1999-05-23,1999-05-23,50.0,270.0,605.0,1384.0,2024.0,NO
datos_11077030,6.616666667,-76.75,1999-05-24,1999-05-24,1999-05-24,80.0,320.0,645.0,1434.0,2009.0,NO
datos_11077030,6.616666667,-76.75,1999-05-28,1999-05-28,1999-05-28,30.0,332.0,665.0,1436.0,2002.0,NO
datos_11077030,6.616666667,-76.75,1999-05-29,1999-05-29,1999-05-29,50.0,342.0,645.0,1437.0,1952.0,NO
datos_11077030,6.616666667,-76.75,1999-05-31,1999-05-31,1999-05-31,55.0,363.0,655.0,1410.0,1936.0,NO
datos_11077030,6.616666667,-76.75,1999-06-03,1999-06-03,1999-06-03,40.0,265.0,700.0,1305.0,1951.0,NO
datos_11077030,6.616666667,-76.75,1999-06-04,1999-06-04,1999-06-04,10.0,255.0,730.0,1285.0,1941.0,NO
datos_11077030,6.616666667,-76.75,1999-06-07,1999-06-07,1999-06-07,16.0,185.0,660.0,1185.0,1941.0,NO
datos_11077030,6.616666667,-76.75,1999-06-10,1999-06-10,1999-06-10,20.0,121.0,646.0,1191.0,1957.0,NO
datos_11077030,6.616666667,-76.75,1999-06-11,1999-06-11,1999-06-11,60.0,141.0,666.0,1131.0,1977.0,NO
datos_11077030,6.616666667,-76.75,1999-06-13,1999-06-13,1999-06-13,50.0,146.0,681.0,1111.0,1977.0,NO
datos_11077030,6.616666667,-76.75,1999-06-14,1999-06-14,1999-06-14,60.0,196.0,717.0,1161.0,1955.0,NO
datos_11077030,6.616666667,-76.75,1999-06-18,1999-06-18,1999-06-18,90.0,206.0,703.0,1141.0,1945.0,NO
datos_11077030,6.616666667,-76.75,1999-06-19,1999-06-19,1999-06-19,17.0,280.0,793.0,1231.0,2035.0,NO
datos_11077030,6.616666667,-76.75,1999-06-23,1999-06-23,1999-06-23,30.0,217.0,628.0,1223.0,2012.0,NO
datos_11077030,6.616666667,-76.75,1999-06-24,1999-06-24,1999-06-24,56.0,247.0,608.0,1253.0,2002.0,NO
datos_11077030,6.616666667,-76.75,1999-06-27,1999-06-27,1999-06-27,20.0,193.0,584.0,1249.0,2020.0,NO
datos_11077030,6.616666667,-76.75,1999-06-28,1999-06-28,1999-06-28,35.0,213.0,604.0,1219.0,2011.0,NO
datos_11077030,6.616666667,-76.75,1999-06-29,1999-06-29,1999-06-29,90.0,248.0,609.0,1254.0,2008.0,NO
datos_11077030,6.616666667,-76.75,1999-07-02,1999-07-02,1999-07-02,10.0,231.0,594.0,1294.0,1919.0,NO
datos_11077030,6.616666667,-76.75,1999-07-03,1999-07-03,1999-07-03,20.0,241.0,604.0,1304.0,1909.0,NO
datos_11077030,6.616666667,-76.75,1999-07-07,1999-07-07,1999-07-07,29.0,175.0,574.0,1234.0,1759.0,NO
datos_11077030,6.616666667,-76.75,1999-07-08,1999-07-08,1999-07-08,80.0,204.0,603.0,1263.0,1788.0,NO
datos_11077030,6.616666667,-76.75,1999-07-09,1999-07-09,1999-07-09,66.0,264.0,667.0,1323.0,1868.0,NO
datos_11077030,6.616666667,-76.75,1999-07-11,1999-07-11,1999-07-11,5.0,205.0,733.0,1379.0,1844.0,NO
datos_11077030,6.616666667,-76.75,1999-07-15,1999-07-15,1999-07-15,60.0,180.0,608.0,1325.0,1699.0,NO
datos_11077030,6.616666667,-76.75,1999-07-16,1999-07-16,1999-07-16,80.0,240.0,608.0,1385.0,1749.0,NO
datos_11077030,6.616666667,-76.75,1999-07-17,1999-07-17,1999-07-17,20.0,320.0,688.0,1411.0,1829.0,NO
datos_11077030,6.616666667,-76.75,1999-07-20,1999-07-20,1999-07-20,50.0,231.0,618.0,1382.0,1849.0,NO
datos_11077030,6.616666667,-76.75,1999-07-22,1999-07-22,1999-07-22,70.0,215.0,651.0,1289.0,1884.0,NO
datos_11077030,6.616666667,-76.75,1999-07-23,1999-07-23,1999-07-23,90.0,280.0,721.0,1349.0,1944.0,NO
datos_11077030,6.616666667,-76.75,1999-07-24,1999-07-24,1999-07-24,50.0,370.0,811.0,1389.0,2034.0,NO
datos_11077030,6.616666667,-76.75,1999-07-26,1999-07-26,1999-07-26,20.0,420.0,775.0,1359.0,2024.0,NO
datos_11077030,6.616666667,-76.75,1999-07-28,1999-07-28,1999-07-28,9.0,300.0,795.0,1379.0,1994.0,NO
datos_11077030,6.616666667,-76.75,1999-07-29,1999-07-29,1999-07-29,10.0,289.0,784.0,1358.0,2003.0,NO
datos_11077030,6.616666667,-76.75,1999-07-31,1999-07-31,1999-07-31,13.0,299.0,669.0,1318.0,1973.0,NO
datos_11077030,6.616666667,-76.75,1999-08-02,1999-08-02,1999-08-02,20.0,262.0,682.0,1276.0,1976.0,NO
datos_11077030,6.616666667,-76.75,1999-08-03,1999-08-03,1999-08-03,24.0,212.0,692.0,1296.0,1986.0,NO
datos_11077030,6.616666667,-76.75,1999-08-05,1999-08-05,1999-08-05,22.0,96.0,696.0,1270.0,2010.0,NO
datos_11077030,6.616666667,-76.75,1999-08-06,1999-08-06,1999-08-06,34.0,118.0,718.0,1292.0,1952.0,NO
datos_11077030,6.616666667,-76.75,1999-08-07,1999-08-07,1999-08-07,76.0,132.0,752.0,1326.0,1986.0,NO
datos_11077030,6.616666667,-76.75,1999-08-09,1999-08-09,1999-08-09,3.0,199.0,719.0,1386.0,2032.0,NO
datos_11077030,6.616666667,-76.75,1999-08-12,1999-08-12,1999-08-12,12.0,179.0,651.0,1309.0,1990.0,NO
datos_11077030,6.616666667,-76.75,1999-08-13,1999-08-13,1999-08-13,33.0,191.0,663.0,1321.0,1988.0,NO
datos_11077030,6.616666667,-76.75,1999-08-14,1999-08-14,1999-08-14,60.0,204.0,696.0,1304.0,2021.0,NO
datos_11077030,6.616666667,-76.75,1999-08-15,1999-08-15,1999-08-15,9.0,240.0,756.0,1304.0,2081.0,NO
datos_11077030,6.616666667,-76.75,1999-08-17,1999-08-17,1999-08-17,60.0,227.0,625.0,1313.0,2016.0,NO
datos_11077030,6.616666667,-76.75,1999-08-18,1999-08-18,1999-08-18,30.0,253.0,665.0,1373.0,2076.0,NO
datos_11077030,6.616666667,-76.75,1999-08-19,1999-08-19,1999-08-19,25.0,207.0,695.0,1313.0,2077.0,NO
datos_11077030,6.616666667,-76.75,1999-08-20,1999-08-20,1999-08-20,20.0,232.0,720.0,1321.0,2072.0,NO
datos_11077030,6.616666667,-76.75,1999-08-21,1999-08-21,1999-08-21,19.0,249.0,690.0,1341.0,1979.0,NO
datos_11077030,6.616666667,-76.75,1999-08-22,1999-08-22,1999-08-22,16.0,268.0,709.0,1360.0,1988.0,NO
datos_11077030,6.616666667,-76.75,1999-08-23,1999-08-23,1999-08-23,21.0,284.0,655.0,1376.0,1954.0,NO
datos_11077030,6.616666667,-76.75,1999-08-25,1999-08-25,1999-08-25,37.0,260.0,536.0,1311.0,1895.0,NO
datos_11077030,6.616666667,-76.75,1999-08-26,1999-08-26,1999-08-26,19.0,237.0,573.0,1348.0,1932.0,NO
datos_11077030,6.616666667,-76.75,1999-08-27,1999-08-27,1999-08-27,15.0,247.0,572.0,1367.0,1951.0,NO
datos_11077030,6.616666667,-76.75,1999-08-28,1999-08-28,1999-08-28,10.0,262.0,587.0,1362.0,1936.0,NO
datos_11077030,6.616666667,-76.75,1999-08-29,1999-08-29,1999-08-29,20.0,212.0,588.0,1337.0,1896.0,NO
datos_11077030,6.616666667,-76.75,1999-08-30,1999-08-30,1999-08-30,32.0,202.0,598.0,1267.0,1916.0,NO
datos_11077030,6.616666667,-76.75,1999-08-31,1999-08-31,1999-08-31,14.0,209.0,630.0,1299.0,1893.0,NO
datos_11077030,6.616666667,-76.75,1999-09-01,1999-09-01,1999-09-01,21.0,203.0,631.0,1313.0,1907.0,NO
datos_11077030,6.616666667,-76.75,1999-09-03,1999-09-03,1999-09-03,16.0,189.0,632.0,1304.0,1888.0,NO
datos_11077030,6.616666667,-76.75,1999-09-04,1999-09-04,1999-09-04,12.0,184.0,624.0,1320.0,1894.0,NO
datos_11077030,6.616666667,-76.75,1999-09-07,1999-09-07,1999-09-07,11.0,140.0,580.0,1303.0,1890.0,NO
datos_11077030,6.616666667,-76.75,1999-09-08,1999-09-08,1999-09-08,22.0,136.0,515.0,1234.0,1901.0,NO
datos_11077030,6.616666667,-76.75,1999-09-09,1999-09-09,1999-09-09,30.0,148.0,537.0,1190.0,1923.0,NO
datos_11077030,6.616666667,-76.75,1999-09-10,1999-09-10,1999-09-10,16.0,158.0,564.0,1220.0,1933.0,NO
datos_11077030,6.616666667,-76.75,1999-09-11,1999-09-11,1999-09-11,10.0,142.0,580.0,1231.0,1889.0,NO
datos_11077030,6.616666667,-76.75,1999-09-12,1999-09-12,1999-09-12,15.0,138.0,590.0,1241.0,1899.0,NO
datos_11077030,6.616666667,-76.75,1999-09-16,1999-09-16,1999-09-16,56.0,104.0,491.0,1116.0,1804.0,NO
datos_11077030,6.616666667,-76.75,1999-09-18,1999-09-18,1999-09-18,29.0,160.0,487.0,1152.0,1770.0,NO
datos_11077030,6.616666667,-76.75,1999-09-19,1999-09-19,1999-09-19,45.0,178.0,486.0,1181.0,1782.0,NO
datos_11077030,6.616666667,-76.75,1999-09-20,1999-09-20,1999-09-20,177.0,201.0,506.0,1176.0,1827.0,NO
datos_11077030,6.616666667,-76.75,1999-09-21,1999-09-21,1999-09-21,20.0,348.0,663.0,1353.0,2004.0,NO
datos_11077030,6.616666667,-76.75,1999-09-22,1999-09-22,1999-09-22,105.0,352.0,664.0,1303.0,2024.0,NO
datos_11077030,6.616666667,-76.75,1999-09-23,1999-09-23,1999-09-23,50.0,447.0,753.0,1318.0,2099.0,NO
datos_11077030,6.616666667,-76.75,1999-09-24,1999-09-24,1999-09-24,40.0,482.0,782.0,1318.0,2093.0,NO
datos_11077030,6.616666667,-76.75,1999-09-25,1999-09-25,1999-09-25,60.0,522.0,822.0,1358.0,2133.0,NO
datos_11077030,6.616666667,-76.75,1999-09-26,1999-09-26,1999-09-26,25.0,582.0,845.0,1398.0,2193.0,NO
datos_11077030,6.616666667,-76.75,1999-09-27,1999-09-27,1999-09-27,30.0,607.0,851.0,1423.0,2198.0,NO
datos_11077030,6.616666667,-76.75,1999-09-28,1999-09-28,1999-09-28,19.0,581.0,866.0,1444.0,2193.0,NO
datos_11077030,6.616666667,-76.75,1999-09-29,1999-09-29,1999-09-29,35.0,600.0,875.0,1453.0,2122.0,NO
datos_11077030,6.616666667,-76.75,1999-09-30,1999-09-30,1999-09-30,18.0,606.0,890.0,1488.0,2157.0,NO
datos_11077030,6.616666667,-76.75,1999-10-01,1999-10-01,1999-10-01,40.0,579.0,876.0,1493.0,2175.0,NO
datos_11077030,6.616666667,-76.75,1999-10-02,1999-10-02,1999-10-02,15.0,442.0,902.0,1533.0,2205.0,NO
datos_11077030,6.616666667,-76.75,1999-10-03,1999-10-03,1999-10-03,52.0,437.0,896.0,1528.0,2200.0,NO
datos_11077030,6.616666667,-76.75,1999-10-04,1999-10-04,1999-10-04,49.0,384.0,948.0,1556.0,2252.0,NO
datos_11077030,6.616666667,-76.75,1999-10-05,1999-10-05,1999-10-05,13.0,383.0,981.0,1605.0,2301.0,NO
datos_11077030,6.616666667,-76.75,1999-10-06,1999-10-06,1999-10-06,13.0,356.0,982.0,1596.0,2314.0,NO
datos_11077030,6.616666667,-76.75,1999-10-07,1999-10-07,1999-10-07,19.0,309.0,995.0,1575.0,2298.0,NO
datos_11077030,6.616666667,-76.75,1999-10-09,1999-10-09,1999-10-09,30.0,273.0,1003.0,1518.0,2171.0,NO
datos_11077030,6.616666667,-76.75,1999-10-10,1999-10-10,1999-10-10,40.0,284.0,1011.0,1545.0,2201.0,NO
datos_11077030,6.616666667,-76.75,1999-10-11,1999-10-11,1999-10-11,35.0,289.0,1021.0,1585.0,2236.0,NO
datos_11077030,6.616666667,-76.75,1999-10-12,1999-10-12,1999-10-12,40.0,306.0,1040.0,1620.0,2271.0,NO
datos_11077030,6.616666667,-76.75,1999-10-13,1999-10-13,1999-10-13,34.0,306.0,1070.0,1648.0,2311.0,NO
datos_11077030,6.616666667,-76.75,1999-10-15,1999-10-15,1999-10-15,24.0,273.0,1089.0,1589.0,2285.0,NO
datos_11077030,6.616666667,-76.75,1999-10-17,1999-10-17,1999-10-17,35.0,235.0,1113.0,1604.0,2209.0,NO
datos_11077030,6.616666667,-76.75,1999-10-18,1999-10-18,1999-10-18,12.0,257.0,1092.0,1579.0,2244.0,NO
datos_11077030,6.616666667,-76.75,1999-10-19,1999-10-19,1999-10-19,27.0,250.0,1104.0,1561.0,2256.0,NO
datos_11077030,6.616666667,-76.75,1999-10-20,1999-10-20,1999-10-20,24.0,277.0,1102.0,1563.0,2233.0,NO
datos_11077030,6.616666667,-76.75,1999-10-21,1999-10-21,1999-10-21,16.0,271.0,1081.0,1567.0,2257.0,NO
datos_11077030,6.616666667,-76.75,1999-10-22,1999-10-22,1999-10-22,23.0,247.0,920.0,1564.0,2203.0,NO
datos_11077030,6.616666667,-76.75,1999-10-23,1999-10-23,1999-10-23,25.0,235.0,923.0,1571.0,2136.0,NO
datos_11077030,6.616666667,-76.75,1999-10-24,1999-10-24,1999-10-24,32.0,220.0,843.0,1575.0,2111.0,NO
datos_11077030,6.616666667,-76.75,1999-10-25,1999-10-25,1999-10-25,16.0,218.0,825.0,1607.0,2143.0,NO
datos_11077030,6.616666667,-76.75,1999-10-26,1999-10-26,1999-10-26,70.0,234.0,801.0,1586.0,2139.0,NO
datos_11077030,6.616666667,-76.75,1999-10-28,1999-10-28,1999-10-28,38.0,280.0,786.0,1622.0,2200.0,NO
datos_11077030,6.616666667,-76.75,1999-10-29,1999-10-29,1999-10-29,19.0,283.0,794.0,1650.0,2228.0,NO
datos_11077030,6.616666667,-76.75,1999-10-30,1999-10-30,1999-10-30,28.0,290.0,794.0,1649.0,2247.0,NO
datos_11077030,6.616666667,-76.75,1999-10-31,1999-10-31,1999-10-31,12.0,291.0,787.0,1645.0,2262.0,NO
datos_11077030,6.616666667,-76.75,1999-11-01,1999-11-01,1999-11-01,16.0,279.0,781.0,1643.0,2274.0,NO
datos_11077030,6.616666667,-76.75,1999-11-02,1999-11-02,1999-11-02,20.0,279.0,757.0,1638.0,2270.0,NO
datos_11077030,6.616666667,-76.75,1999-11-04,1999-11-04,1999-11-04,7.0,251.0,710.0,1642.0,2266.0,NO
datos_11077030,6.616666667,-76.75,1999-11-05,1999-11-05,1999-11-05,24.0,226.0,668.0,1637.0,2251.0,NO
datos_11077030,6.616666667,-76.75,1999-11-06,1999-11-06,1999-11-06,67.0,234.0,679.0,1661.0,2241.0,NO
datos_11077030,6.616666667,-76.75,1999-11-07,1999-11-07,1999-11-07,64.0,231.0,733.0,1728.0,2232.0,NO
datos_11077030,6.616666667,-76.75,1999-11-08,1999-11-08,1999-11-08,10.0,295.0,778.0,1781.0,2296.0,NO
datos_11077030,6.616666667,-76.75,1999-11-09,1999-11-09,1999-11-09,21.0,267.0,788.0,1769.0,2303.0,NO
datos_11077030,6.616666667,-76.75,1999-11-10,1999-11-10,1999-11-10,36.0,269.0,779.0,1760.0,2324.0,NO
datos_11077030,6.616666667,-76.75,1999-11-11,1999-11-11,1999-11-11,40.0,277.0,775.0,1780.0,2360.0,NO
datos_11077030,6.616666667,-76.75,1999-11-13,1999-11-13,1999-11-13,73.0,289.0,740.0,1795.0,2355.0,NO
datos_11077030,6.616666667,-76.75,1999-11-14,1999-11-14,1999-11-14,35.0,342.0,779.0,1868.0,2368.0,NO
datos_11077030,6.616666667,-76.75,1999-11-15,1999-11-15,1999-11-15,38.0,377.0,814.0,1903.0,2394.0,NO
datos_11077030,6.616666667,-76.75,1999-11-16,1999-11-16,1999-11-16,19.0,408.0,828.0,1941.0,2432.0,NO
datos_11077030,6.616666667,-76.75,1999-11-18,1999-11-18,1999-11-18,8.0,336.0,812.0,1904.0,2361.0,NO
datos_11077030,6.616666667,-76.75,1999-11-19,1999-11-19,1999-11-19,7.0,280.0,808.0,1883.0,2344.0,NO
datos_11077030,6.616666667,-76.75,1999-11-20,1999-11-20,1999-11-20,8.0,277.0,788.0,1845.0,2331.0,NO
datos_11077030,6.616666667,-76.75,1999-11-21,1999-11-21,1999-11-21,7.0,264.0,772.0,1676.0,2320.0,NO
datos_11077030,6.616666667,-76.75,1999-11-22,1999-11-22,1999-11-22,24.0,235.0,763.0,1663.0,2311.0,NO
datos_11077030,6.616666667,-76.75,1999-11-23,1999-11-23,1999-11-23,30.0,219.0,764.0,1582.0,2314.0,NO
datos_11077030,6.616666667,-76.75,1999-11-24,1999-11-24,1999-11-24,28.0,249.0,769.0,1562.0,2344.0,NO
datos_11077030,6.616666667,-76.75,1999-11-25,1999-11-25,1999-11-25,21.0,204.0,765.0,1550.0,2335.0,NO
datos_11077030,6.616666667,-76.75,1999-11-26,1999-11-26,1999-11-26,14.0,190.0,770.0,1511.0,2337.0,NO
datos_11077030,6.616666667,-76.75,1999-11-27,1999-11-27,1999-11-27,12.0,166.0,714.0,1500.0,2336.0,NO
datos_11077030,6.616666667,-76.75,1999-11-28,1999-11-28,1999-11-28,4.0,159.0,726.0,1482.0,2338.0,NO
datos_11077030,6.616666667,-76.75,1999-11-29,1999-11-29,1999-11-29,13.0,163.0,692.0,1467.0,2322.0,NO
datos_11077030,6.616666667,-76.75,1999-11-30,1999-11-30,1999-11-30,18.0,168.0,686.0,1445.0,2303.0,NO
datos_11077030,6.616666667,-76.75,1999-12-01,1999-12-01,1999-12-01,30.0,179.0,676.0,1445.0,2307.0,NO
datos_11077030,6.616666667,-76.75,1999-12-02,1999-12-02,1999-12-02,5.0,201.0,694.0,1435.0,2316.0,NO
datos_11077030,6.616666667,-76.75,1999-12-03,1999-12-03,1999-12-03,15.0,199.0,683.0,1425.0,2321.0,NO
datos_11077030,6.616666667,-76.75,1999-12-04,1999-12-04,1999-12-04,10.0,190.0,678.0,1388.0,2320.0,NO
datos_11077030,6.616666667,-76.75,1999-12-05,1999-12-05,1999-12-05,4.0,170.0,688.0,1349.0,2318.0,NO
datos_11077030,6.616666667,-76.75,1999-12-06,1999-12-06,1999-12-06,6.0,146.0,685.0,1340.0,2322.0,NO
datos_11077030,6.616666667,-76.75,1999-12-07,1999-12-07,1999-12-07,43.0,131.0,667.0,1333.0,2328.0,NO
datos_11077030,6.616666667,-76.75,1999-12-08,1999-12-08,1999-12-08,36.0,160.0,643.0,1357.0,2360.0,NO
datos_11077030,6.616666667,-76.75,1999-12-09,1999-12-09,1999-12-09,38.0,184.0,615.0,1393.0,2374.0,NO
datos_11077030,6.616666667,-76.75,1999-12-11,1999-12-11,1999-12-11,10.0,205.0,622.0,1361.0,2366.0,NO
datos_11077030,6.616666667,-76.75,1999-12-12,1999-12-12,1999-12-12,12.0,197.0,596.0,1336.0,2366.0,NO
datos_11077030,6.616666667,-76.75,1999-12-13,1999-12-13,1999-12-13,34.0,179.0,568.0,1308.0,2363.0,NO
datos_11077030,6.616666667,-76.75,1999-12-15,1999-12-15,1999-12-15,50.0,193.0,529.0,1308.0,2397.0,NO
datos_11077030,6.616666667,-76.75,1999-12-16,1999-12-16,1999-12-16,41.0,233.0,544.0,1334.0,2447.0,NO
datos_11077030,6.616666667,-76.75,1999-12-17,1999-12-17,1999-12-17,37.0,270.0,547.0,1375.0,2432.0,NO
datos_11077030,6.616666667,-76.75,1999-12-18,1999-12-18,1999-12-18,9.0,301.0,565.0,1377.0,2469.0,NO
datos_11077030,6.616666667,-76.75,1999-12-19,1999-12-19,1999-12-19,42.0,267.0,574.0,1374.0,2449.0,NO
datos_11077030,6.616666667,-76.75,1999-12-20,1999-12-20,1999-12-20,5.0,273.0,608.0,1389.0,2446.0,NO
datos_11077030,6.616666667,-76.75,1999-12-21,1999-12-21,1999-12-21,39.0,240.0,606.0,1370.0,2274.0,NO
datos_11077030,6.616666667,-76.75,1999-12-22,1999-12-22,1999-12-22,17.0,279.0,637.0,1393.0,2293.0,NO
datos_11077030,6.616666667,-76.75,1999-12-23,1999-12-23,1999-12-23,46.0,286.0,647.0,1387.0,2205.0,NO
datos_11077030,6.616666667,-76.75,1999-12-24,1999-12-24,1999-12-24,44.0,320.0,669.0,1408.0,2201.0,NO
datos_11077030,6.616666667,-76.75,1999-12-29,1999-12-29,1999-12-29,5.0,202.0,608.0,1296.0,2071.0,NO
datos_11077030,6.616666667,-76.75,2000-01-01,2000-01-01,2000-01-01,5.0,151.0,578.0,1242.0,1983.0,NO
datos_11077030,6.616666667,-76.75,2000-01-02,2000-01-02,2000-01-02,4.0,117.0,553.0,1231.0,1973.0,NO
datos_11077030,6.616666667,-76.75,2000-01-05,2000-01-05,2000-01-05,9.0,14.0,527.0,1208.0,1863.0,NO
datos_11077030,6.616666667,-76.75,2000-01-08,2000-01-08,2000-01-08,3.0,23.0,483.0,1062.0,1840.0,NO
datos_11077030,6.616666667,-76.75,2000-01-09,2000-01-09,2000-01-09,52.0,26.0,450.0,1055.0,1813.0,NO
datos_11077030,6.616666667,-76.75,2000-01-10,2000-01-10,2000-01-10,20.0,73.0,464.0,1086.0,1825.0,NO
datos_11077030,6.616666667,-76.75,2000-01-11,2000-01-11,2000-01-11,19.0,93.0,484.0,1070.0,1810.0,NO
datos_11077030,6.616666667,-76.75,2000-01-12,2000-01-12,2000-01-12,2.0,112.0,493.0,1049.0,1789.0,NO
datos_11077030,6.616666667,-76.75,2000-01-13,2000-01-13,2000-01-13,13.0,109.0,483.0,1051.0,1757.0,NO
datos_11077030,6.616666667,-76.75,2000-01-14,2000-01-14,2000-01-14,25.0,118.0,462.0,991.0,1770.0,NO
datos_11077030,6.616666667,-76.75,2000-01-15,2000-01-15,2000-01-15,40.0,143.0,487.0,981.0,1771.0,NO
datos_11077030,6.616666667,-76.75,2000-01-16,2000-01-16,2000-01-16,52.0,183.0,477.0,983.0,1811.0,NO
datos_11077030,6.616666667,-76.75,2000-01-17,2000-01-17,2000-01-17,30.0,226.0,488.0,1016.0,1828.0,NO
datos_11077030,6.616666667,-76.75,2000-01-18,2000-01-18,2000-01-18,24.0,256.0,481.0,1046.0,1846.0,NO
datos_11077030,6.616666667,-76.75,2000-01-19,2000-01-19,2000-01-19,21.0,280.0,496.0,1062.0,1843.0,NO
datos_11077030,6.616666667,-76.75,2000-01-23,2000-01-23,2000-01-23,16.0,207.0,414.0,1037.0,1776.0,NO
datos_11077030,6.616666667,-76.75,2000-01-29,2000-01-29,2000-01-29,13.0,61.0,340.0,944.0,1617.0,NO
datos_11077030,6.616666667,-76.75,2000-01-30,2000-01-30,2000-01-30,51.0,50.0,348.0,944.0,1602.0,NO
datos_11077030,6.616666667,-76.75,2000-01-31,2000-01-31,2000-01-31,40.0,80.0,399.0,977.0,1641.0,NO
datos_11077030,6.616666667,-76.75,2000-02-01,2000-02-01,2000-02-01,25.0,120.0,439.0,987.0,1665.0,NO
datos_11077030,6.616666667,-76.75,2000-02-02,2000-02-02,2000-02-02,12.0,145.0,459.0,1007.0,1670.0,NO
datos_11077030,6.616666667,-76.75,2000-02-06,2000-02-06,2000-02-06,15.0,141.0,458.0,984.0,1584.0,NO
datos_11077030,6.616666667,-76.75,2000-02-15,2000-02-15,2000-02-15,45.0,15.0,339.0,776.0,1282.0,NO
datos_11077030,6.616666667,-76.75,2000-02-16,2000-02-16,2000-02-16,26.0,60.0,344.0,780.0,1308.0,NO
datos_11077030,6.616666667,-76.75,2000-02-19,2000-02-19,2000-02-19,64.0,71.0,264.0,718.0,1319.0,NO
datos_11077030,6.616666667,-76.75,2000-02-20,2000-02-20,2000-02-20,26.0,135.0,307.0,777.0,1375.0,NO
datos_11077030,6.616666667,-76.75,2000-02-23,2000-02-23,2000-02-23,8.0,161.0,333.0,701.0,1340.0,NO
datos_11077030,6.616666667,-76.75,2000-02-24,2000-02-24,2000-02-24,1.0,169.0,325.0,665.0,1320.0,NO
datos_11077030,6.616666667,-76.75,2000-02-26,2000-02-26,2000-02-26,6.0,170.0,326.0,666.0,1286.0,NO
datos_11077030,6.616666667,-76.75,2000-02-29,2000-02-29,2000-02-29,7.0,105.0,332.0,667.0,1263.0,NO
datos_11077030,6.616666667,-76.75,2000-03-06,2000-03-06,2000-03-06,133.0,14.0,198.0,665.0,1188.0,NO
datos_11077030,6.616666667,-76.75,2000-03-07,2000-03-07,2000-03-07,7.0,146.0,331.0,789.0,1315.0,NO
datos_11077030,6.616666667,-76.75,2000-03-08,2000-03-08,2000-03-08,7.0,153.0,338.0,796.0,1279.0,NO
datos_11077030,6.616666667,-76.75,2000-03-09,2000-03-09,2000-03-09,19.0,154.0,330.0,803.0,1250.0,NO
datos_11077030,6.616666667,-76.75,2000-03-15,2000-03-15,2000-03-15,24.0,166.0,349.0,713.0,1175.0,NO
datos_11077030,6.616666667,-76.75,2000-03-16,2000-03-16,2000-03-16,4.0,190.0,373.0,712.0,1149.0,NO
datos_11077030,6.616666667,-76.75,2000-03-19,2000-03-19,2000-03-19,65.0,54.0,306.0,594.0,1066.0,NO
datos_11077030,6.616666667,-76.75,2000-03-30,2000-03-30,2000-03-30,5.0,65.0,266.0,598.0,933.0,NO
datos_11077030,6.616666667,-76.75,2000-03-31,2000-03-31,2000-03-31,8.0,5.0,271.0,590.0,938.0,NO
datos_11077030,6.616666667,-76.75,2000-04-04,2000-04-04,2000-04-04,11.0,13.0,272.0,470.0,937.0,NO
datos_11077030,6.616666667,-76.75,2000-04-05,2000-04-05,2000-04-05,7.0,24.0,283.0,481.0,948.0,NO
datos_11077030,6.616666667,-76.75,2000-04-08,2000-04-08,2000-04-08,4.0,31.0,150.0,473.0,946.0,NO
datos_11077030,6.616666667,-76.75,2000-04-09,2000-04-09,2000-04-09,3.0,35.0,147.0,477.0,947.0,NO
datos_11077030,6.616666667,-76.75,2000-04-11,2000-04-11,2000-04-11,7.0,33.0,131.0,480.0,878.0,NO
datos_11077030,6.616666667,-76.75,2000-04-12,2000-04-12,2000-04-12,11.0,32.0,138.0,487.0,866.0,NO
datos_11077030,6.616666667,-76.75,2000-04-16,2000-04-16,2000-04-16,55.0,32.0,125.0,498.0,797.0,NO
datos_11077030,6.616666667,-76.75,2000-04-17,2000-04-17,2000-04-17,17.0,80.0,176.0,508.0,800.0,NO
datos_11077030,6.616666667,-76.75,2000-04-19,2000-04-19,2000-04-19,18.0,97.0,193.0,499.0,763.0,NO
datos_11077030,6.616666667,-76.75,2000-04-21,2000-04-21,2000-04-21,22.0,108.0,146.0,453.0,760.0,NO
datos_11077030,6.616666667,-76.75,2000-04-22,2000-04-22,2000-04-22,48.0,130.0,168.0,449.0,782.0,NO
datos_11077030,6.616666667,-76.75,2000-04-23,2000-04-23,2000-04-23,15.0,171.0,216.0,497.0,830.0,NO
datos_11077030,6.616666667,-76.75,2000-04-24,2000-04-24,2000-04-24,16.0,175.0,231.0,512.0,829.0,NO
datos_11077030,6.616666667,-76.75,2000-04-27,2000-04-27,2000-04-27,48.0,191.0,247.0,519.0,845.0,NO
datos_11077030,6.616666667,-76.75,2000-04-28,2000-04-28,2000-04-28,60.0,184.0,295.0,561.0,893.0,NO
datos_11077030,6.616666667,-76.75,2000-04-29,2000-04-29,2000-04-29,55.0,227.0,355.0,621.0,953.0,NO
datos_11077030,6.616666667,-76.75,2000-04-30,2000-04-30,2000-04-30,34.0,282.0,410.0,676.0,995.0,NO
datos_11077030,6.616666667,-76.75,2000-05-02,2000-05-02,2000-05-02,33.0,298.0,431.0,703.0,938.0,NO
datos_11077030,6.616666667,-76.75,2000-05-03,2000-05-03,2000-05-03,38.0,309.0,464.0,736.0,946.0,NO
datos_11077030,6.616666667,-76.75,2000-05-05,2000-05-05,2000-05-05,37.0,284.0,502.0,774.0,972.0,NO
datos_11077030,6.616666667,-76.75,2000-05-06,2000-05-06,2000-05-06,43.0,305.0,528.0,811.0,1009.0,NO
datos_11077030,6.616666667,-76.75,2000-05-07,2000-05-07,2000-05-07,24.0,348.0,564.0,721.0,1052.0,NO
datos_11077030,6.616666667,-76.75,2000-05-08,2000-05-08,2000-05-08,52.0,372.0,588.0,738.0,1061.0,NO
datos_11077030,6.616666667,-76.75,2000-05-09,2000-05-09,2000-05-09,47.0,376.0,640.0,783.0,1113.0,NO
datos_11077030,6.616666667,-76.75,2000-05-10,2000-05-10,2000-05-10,34.0,363.0,683.0,811.0,1160.0,NO
datos_11077030,6.616666667,-76.75,2000-05-12,2000-05-12,2000-05-12,50.0,308.0,714.0,845.0,1194.0,NO
datos_11077030,6.616666667,-76.75,2000-05-13,2000-05-13,2000-05-13,45.0,358.0,757.0,895.0,1244.0,NO
datos_11077030,6.616666667,-76.75,2000-05-14,2000-05-14,2000-05-14,33.0,370.0,791.0,940.0,1289.0,NO
datos_11077030,6.616666667,-76.75,2000-05-15,2000-05-15,2000-05-15,25.0,365.0,824.0,973.0,1322.0,NO
datos_11077030,6.616666667,-76.75,2000-05-16,2000-05-16,2000-05-16,26.0,390.0,849.0,974.0,1347.0,NO
datos_11077030,6.616666667,-76.75,2000-05-19,2000-05-19,2000-05-19,34.0,312.0,803.0,996.0,1302.0,NO
datos_11077030,6.616666667,-76.75,2000-05-20,2000-05-20,2000-05-20,45.0,294.0,837.0,965.0,1336.0,NO
datos_11077030,6.616666667,-76.75,2000-05-21,2000-05-21,2000-05-21,50.0,292.0,864.0,1010.0,1317.0,NO
datos_11077030,6.616666667,-76.75,2000-05-22,2000-05-22,2000-05-22,35.0,308.0,914.0,1060.0,1341.0,NO
datos_11077030,6.616666667,-76.75,2000-05-23,2000-05-23,2000-05-23,23.0,343.0,927.0,1095.0,1376.0,NO
datos_11077030,6.616666667,-76.75,2000-05-24,2000-05-24,2000-05-24,20.0,316.0,902.0,1118.0,1399.0,NO
datos_11077030,6.616666667,-76.75,2000-05-27,2000-05-27,2000-05-27,40.0,233.0,891.0,1138.0,1410.0,NO
datos_11077030,6.616666667,-76.75,2000-05-28,2000-05-28,2000-05-28,50.0,247.0,931.0,1178.0,1444.0,NO
datos_11077030,6.616666667,-76.75,2000-05-29,2000-05-29,2000-05-29,25.0,297.0,933.0,1228.0,1494.0,NO
datos_11077030,6.616666667,-76.75,2000-06-01,2000-06-01,2000-06-01,15.0,243.0,809.0,1240.0,1512.0,NO
datos_11077030,6.616666667,-76.75,2000-06-02,2000-06-02,2000-06-02,10.0,208.0,824.0,1255.0,1527.0,NO
datos_11077030,6.616666667,-76.75,2000-06-03,2000-06-03,2000-06-03,20.0,183.0,801.0,1265.0,1537.0,NO
datos_11077030,6.616666667,-76.75,2000-06-04,2000-06-04,2000-06-04,30.0,180.0,783.0,1285.0,1557.0,NO
datos_11077030,6.616666667,-76.75,2000-06-06,2000-06-06,2000-06-06,54.0,190.0,776.0,1297.0,1454.0,NO
datos_11077030,6.616666667,-76.75,2000-06-08,2000-06-08,2000-06-08,50.0,204.0,763.0,1351.0,1494.0,NO
datos_11077030,6.616666667,-76.75,2000-06-11,2000-06-11,2000-06-11,54.0,179.0,680.0,1394.0,1525.0,NO
datos_11077030,6.616666667,-76.75,2000-06-13,2000-06-13,2000-06-13,30.0,218.0,684.0,1430.0,1579.0,NO
datos_11077030,6.616666667,-76.75,2000-06-14,2000-06-14,2000-06-14,12.0,238.0,669.0,1460.0,1609.0,NO
datos_11077030,6.616666667,-76.75,2000-06-15,2000-06-15,2000-06-15,16.0,230.0,648.0,1472.0,1597.0,NO
datos_11077030,6.616666667,-76.75,2000-06-16,2000-06-16,2000-06-16,18.0,216.0,639.0,1488.0,1609.0,NO
datos_11077030,6.616666667,-76.75,2000-06-17,2000-06-17,2000-06-17,27.0,234.0,631.0,1451.0,1627.0,NO
datos_11077030,6.616666667,-76.75,2000-06-20,2000-06-20,2000-06-20,40.0,157.0,624.0,1443.0,1589.0,NO
datos_11077030,6.616666667,-76.75,2000-06-21,2000-06-21,2000-06-21,30.0,197.0,619.0,1483.0,1629.0,NO
datos_11077030,6.616666667,-76.75,2000-06-22,2000-06-22,2000-06-22,90.0,227.0,599.0,1491.0,1659.0,NO
datos_11077030,6.616666667,-76.75,2000-06-24,2000-06-24,2000-06-24,54.0,263.0,631.0,1518.0,1749.0,NO
datos_11077030,6.616666667,-76.75,2000-06-25,2000-06-25,2000-06-25,90.0,287.0,665.0,1556.0,1803.0,NO
datos_11077030,6.616666667,-76.75,2000-06-26,2000-06-26,2000-06-26,77.0,365.0,755.0,1646.0,1893.0,NO
datos_11077030,6.616666667,-76.75,2000-07-01,2000-07-01,2000-07-01,75.0,381.0,717.0,1526.0,1957.0,NO
datos_11077030,6.616666667,-76.75,2000-07-03,2000-07-03,2000-07-03,50.0,386.0,777.0,1568.0,2032.0,NO
datos_11077030,6.616666667,-76.75,2000-07-05,2000-07-05,2000-07-05,88.0,346.0,797.0,1580.0,2071.0,NO
datos_11077030,6.616666667,-76.75,2000-07-06,2000-07-06,2000-07-06,24.0,380.0,855.0,1631.0,2152.0,NO
datos_11077030,6.616666667,-76.75,2000-07-08,2000-07-08,2000-07-08,50.0,237.0,825.0,1588.0,2176.0,NO
datos_11077030,6.616666667,-76.75,2000-07-10,2000-07-10,2000-07-10,40.0,287.0,825.0,1539.0,2219.0,NO
datos_11077030,6.616666667,-76.75,2000-07-11,2000-07-11,2000-07-11,28.0,327.0,865.0,1545.0,2259.0,NO
datos_11077030,6.616666667,-76.75,2000-07-12,2000-07-12,2000-07-12,14.0,355.0,893.0,1573.0,2280.0,NO
datos_11077030,6.616666667,-76.75,2000-07-14,2000-07-14,2000-07-14,35.0,294.0,853.0,1492.0,2283.0,NO
datos_11077030,6.616666667,-76.75,2000-07-15,2000-07-15,2000-07-15,13.0,279.0,858.0,1494.0,2318.0,NO
datos_11077030,6.616666667,-76.75,2000-07-16,2000-07-16,2000-07-16,40.0,292.0,859.0,1482.0,2331.0,NO
datos_11077030,6.616666667,-76.75,2000-07-17,2000-07-17,2000-07-17,15.0,244.0,883.0,1496.0,2316.0,NO
datos_11077030,6.616666667,-76.75,2000-07-18,2000-07-18,2000-07-18,47.0,235.0,880.0,1511.0,2314.0,NO
datos_11077030,6.616666667,-76.75,2000-07-19,2000-07-19,2000-07-19,50.0,282.0,900.0,1558.0,2361.0,NO
datos_11077030,6.616666667,-76.75,2000-07-20,2000-07-20,2000-07-20,10.0,282.0,950.0,1574.0,2393.0,NO
datos_11077030,6.616666667,-76.75,2000-07-21,2000-07-21,2000-07-21,18.0,292.0,960.0,1539.0,2403.0,NO
datos_11077030,6.616666667,-76.75,2000-07-22,2000-07-22,2000-07-22,12.0,270.0,938.0,1507.0,2399.0,NO
datos_11077030,6.616666667,-76.75,2000-07-23,2000-07-23,2000-07-23,50.0,254.0,920.0,1484.0,2363.0,NO
datos_11077030,6.616666667,-76.75,2000-07-25,2000-07-25,2000-07-25,50.0,290.0,880.0,1491.0,2382.0,NO
datos_11077030,6.616666667,-76.75,2000-07-26,2000-07-26,2000-07-26,59.0,305.0,876.0,1541.0,2432.0,NO
datos_11077030,6.616666667,-76.75,2000-07-27,2000-07-27,2000-07-27,60.0,351.0,845.0,1600.0,2491.0,NO
datos_11077030,6.616666667,-76.75,2000-07-31,2000-07-31,2000-07-31,11.0,259.0,828.0,1545.0,2354.0,NO
datos_11077030,6.616666667,-76.75,2000-08-01,2000-08-01,2000-08-01,40.0,260.0,839.0,1556.0,2365.0,NO
datos_11077030,6.616666667,-76.75,2000-08-02,2000-08-02,2000-08-02,21.0,282.0,804.0,1581.0,2372.0,NO
datos_11077030,6.616666667,-76.75,2000-08-03,2000-08-03,2000-08-03,15.0,291.0,825.0,1592.0,2355.0,NO
datos_11077030,6.616666667,-76.75,2000-08-04,2000-08-04,2000-08-04,30.0,256.0,790.0,1587.0,2370.0,NO
datos_11077030,6.616666667,-76.75,2000-08-05,2000-08-05,2000-08-05,14.0,286.0,820.0,1587.0,2363.0,NO
datos_11077030,6.616666667,-76.75,2000-08-07,2000-08-07,2000-08-07,80.0,191.0,722.0,1547.0,2310.0,NO
datos_11077030,6.616666667,-76.75,2000-08-10,2000-08-10,2000-08-10,90.0,211.0,752.0,1577.0,2257.0,NO
datos_11077030,6.616666667,-76.75,2000-08-13,2000-08-13,2000-08-13,15.4,250.0,760.0,1613.0,2252.0,NO
datos_11077030,6.616666667,-76.75,2000-08-14,2000-08-14,2000-08-14,25.0,244.4,775.4,1598.4,2234.4,NO
datos_11077030,6.616666667,-76.75,2000-08-18,2000-08-18,2000-08-18,80.0,210.4,697.4,1550.4,2208.4,NO
datos_11077030,6.616666667,-76.75,2000-08-20,2000-08-20,2000-08-20,21.0,210.4,680.4,1630.4,2209.4,NO
datos_11077030,6.616666667,-76.75,2000-08-22,2000-08-22,2000-08-22,50.0,141.4,673.4,1581.4,2145.4,NO
datos_11077030,6.616666667,-76.75,2000-08-23,2000-08-23,2000-08-23,32.0,191.4,711.4,1541.4,2172.4,NO
datos_11077030,6.616666667,-76.75,2000-08-24,2000-08-24,2000-08-24,30.0,223.4,693.4,1573.4,2184.4,NO
datos_11077030,6.616666667,-76.75,2000-08-25,2000-08-25,2000-08-25,70.0,238.0,723.4,1549.4,2214.4,NO
datos_11077030,6.616666667,-76.75,2000-08-26,2000-08-26,2000-08-26,47.0,283.0,743.4,1529.4,2284.4,NO
datos_11077030,6.616666667,-76.75,2000-08-27,2000-08-27,2000-08-27,43.0,330.0,731.4,1499.4,2291.4,NO
datos_11077030,6.616666667,-76.75,2000-08-31,2000-08-31,2000-08-31,22.0,293.0,714.4,1542.4,2259.4,NO
datos_11077030,6.616666667,-76.75,2000-09-02,2000-09-02,2000-09-02,20.0,294.0,685.4,1489.4,2256.4,NO
datos_11077030,6.616666667,-76.75,2000-09-03,2000-09-03,2000-09-03,50.0,264.0,684.4,1459.4,2256.4,NO
datos_11077030,6.616666667,-76.75,2000-09-04,2000-09-04,2000-09-04,50.0,282.0,719.4,1509.4,2276.4,NO
datos_11077030,6.616666667,-76.75,2000-09-05,2000-09-05,2000-09-05,50.0,302.0,739.4,1471.4,2326.4,NO
datos_11077030,6.616666667,-76.75,2000-09-06,2000-09-06,2000-09-06,20.0,282.0,775.4,1497.4,2322.4,NO
datos_11077030,6.616666667,-76.75,2000-09-09,2000-09-09,2000-09-09,28.0,212.0,715.4,1467.4,2292.4,NO
datos_11077030,6.616666667,-76.75,2000-09-11,2000-09-11,2000-09-11,2.9,240.0,653.4,1427.4,2266.4,NO
datos_11077030,6.616666667,-76.75,2000-09-12,2000-09-12,2000-09-12,80.0,220.9,656.3,1416.3000000000002,2269.3,NO
datos_11077030,6.616666667,-76.75,2000-09-14,2000-09-14,2000-09-14,13.0,280.9,720.9,1461.3000000000002,2307.3,NO
datos_11077030,6.616666667,-76.75,2000-09-15,2000-09-15,2000-09-15,24.0,243.9,708.9,1461.3000000000002,2304.3,NO
datos_11077030,6.616666667,-76.75,2000-09-16,2000-09-16,2000-09-16,35.0,217.9,732.9,1445.3000000000002,2310.3,NO
datos_11077030,6.616666667,-76.75,2000-09-17,2000-09-17,2000-09-17,12.0,202.9,767.9,1465.3,2318.3,NO
datos_11077030,6.616666667,-76.75,2000-09-18,2000-09-18,2000-09-18,11.0,194.9,779.9,1430.3,2330.3,NO
datos_11077030,6.616666667,-76.75,2000-09-19,2000-09-19,2000-09-19,38.0,205.9,710.9,1391.3,2341.3,NO
datos_11077030,6.616666667,-76.75,2000-09-20,2000-09-20,2000-09-20,50.0,243.9,748.9,1419.3,2339.3,NO
datos_11077030,6.616666667,-76.75,2000-09-21,2000-09-21,2000-09-21,35.0,265.9,777.9,1451.3,2359.3,NO
datos_11077030,6.616666667,-76.75,2000-09-23,2000-09-23,2000-09-23,29.0,298.0,762.9,1424.3,2304.3,NO
datos_11077030,6.616666667,-76.75,2000-09-24,2000-09-24,2000-09-24,11.0,247.0,759.9,1453.3,2279.3,NO
datos_11077030,6.616666667,-76.75,2000-09-25,2000-09-25,2000-09-25,49.0,258.0,740.9,1414.3,2200.3,NO
datos_11077030,6.616666667,-76.75,2000-09-26,2000-09-26,2000-09-26,58.0,294.0,719.9,1404.3,2172.3,NO
datos_11077030,6.616666667,-76.75,2000-09-27,2000-09-27,2000-09-27,19.0,328.0,730.9,1402.3,2230.3,NO
datos_11077030,6.616666667,-76.75,2000-09-28,2000-09-28,2000-09-28,85.0,312.0,706.9,1421.3,2249.3,NO
datos_11077030,6.616666667,-76.75,2000-09-29,2000-09-29,2000-09-29,40.0,385.0,791.9,1506.3,2334.3,NO
datos_11077030,6.616666667,-76.75,2000-09-30,2000-09-30,2000-09-30,10.0,414.0,831.9,1546.3,2374.3,NO
datos_11077030,6.616666667,-76.75,2000-10-04,2000-10-04,2000-10-04,20.0,301.0,799.9,1469.3,2259.3,NO
datos_11077030,6.616666667,-76.75,2000-10-06,2000-10-06,2000-10-06,59.0,281.0,719.9,1445.3,2167.3,NO
datos_11077030,6.616666667,-76.75,2000-10-11,2000-10-11,2000-10-11,134.0,89.0,680.9,1334.3,2108.3,NO
datos_11077030,6.616666667,-76.75,2000-10-12,2000-10-12,2000-10-12,50.0,213.0,814.9,1468.3,2228.3,NO
datos_11077030,6.616666667,-76.75,2000-10-13,2000-10-13,2000-10-13,20.0,263.0,862.0,1518.3,2278.3,NO
datos_11077030,6.616666667,-76.75,2000-10-14,2000-10-14,2000-10-14,26.0,283.0,802.0,1522.9,2263.3,NO
datos_11077030,6.616666667,-76.75,2000-10-15,2000-10-15,2000-10-15,45.0,309.0,828.0,1523.9,2276.3,NO
datos_11077030,6.616666667,-76.75,2000-10-16,2000-10-16,2000-10-16,28.0,334.0,860.0,1568.9,2281.3,NO
datos_11077030,6.616666667,-76.75,2000-10-17,2000-10-17,2000-10-17,14.0,362.0,864.0,1596.9,2294.3,NO
datos_11077030,6.616666667,-76.75,2000-10-18,2000-10-18,2000-10-18,21.0,317.0,843.0,1610.9,2261.3,NO
datos_11077030,6.616666667,-76.75,2000-10-19,2000-10-19,2000-10-19,12.1,338.0,852.0,1551.9,2232.3,NO
datos_11077030,6.616666667,-76.75,2000-10-20,2000-10-20,2000-10-20,48.0,350.1,853.1,1564.0,2234.4,NO
datos_11077030,6.616666667,-76.75,2000-10-21,2000-10-21,2000-10-21,22.0,398.1,863.1,1591.0,2264.4,NO
datos_11077030,6.616666667,-76.75,2000-10-22,2000-10-22,2000-10-22,82.0,420.1,835.1,1613.0,2274.4,NO
datos_11077030,6.616666667,-76.75,2000-10-24,2000-10-24,2000-10-24,16.0,318.1,882.1,1613.0,2306.4,NO
datos_11077030,6.616666667,-76.75,2000-10-25,2000-10-25,2000-10-25,20.0,314.1,869.1,1599.0,2272.4,NO
datos_11077030,6.616666667,-76.75,2000-10-26,2000-10-26,2000-10-26,22.0,308.1,878.1,1549.0,2233.4,NO
datos_11077030,6.616666667,-76.75,2000-10-27,2000-10-27,2000-10-27,87.0,285.1,851.1,1524.0,2195.4,NO
datos_11077030,6.616666667,-76.75,2000-10-28,2000-10-28,2000-10-28,71.0,344.1,880.1,1568.0,2282.4,NO
datos_11077030,6.616666667,-76.75,2000-10-29,2000-10-29,2000-10-29,87.0,401.1,932.1,1639.0,2353.4,NO
datos_11077030,6.616666667,-76.75,2000-10-31,2000-10-31,2000-10-31,35.0,455.0,894.1,1726.0,2429.4,NO
datos_11077030,6.616666667,-76.75,2000-11-03,2000-11-03,2000-11-03,85.0,338.0,919.1,1719.0,2388.4,NO
datos_11077030,6.616666667,-76.75,2000-11-04,2000-11-04,2000-11-04,64.0,423.0,1004.1,1754.0,2443.4,NO
datos_11077030,6.616666667,-76.75,2000-11-05,2000-11-05,2000-11-05,70.0,471.0,1048.1,1768.0,2493.4,NO
datos_11077030,6.616666667,-76.75,2000-11-06,2000-11-06,2000-11-06,10.0,521.0,1118.1,1788.0,2563.4,NO
datos_11077030,6.616666667,-76.75,2000-11-07,2000-11-07,2000-11-07,40.0,509.0,1069.1,1778.0,2493.4,NO
datos_11077030,6.616666667,-76.75,2000-11-10,2000-11-10,2000-11-10,55.0,304.0,1109.1,1790.0,2443.4,NO
datos_11077030,6.616666667,-76.75,2000-11-11,2000-11-11,2000-11-11,18.0,359.0,1164.1,1845.0,2498.4,NO
datos_11077030,6.616666667,-76.75,2000-11-12,2000-11-12,2000-11-12,10.0,342.0,1048.1,1860.1,2516.4,NO
datos_11077030,6.616666667,-76.75,2000-11-15,2000-11-15,2000-11-15,50.0,267.0,962.1,1777.1,2486.0,NO
datos_11077030,6.616666667,-76.75,2000-11-16,2000-11-16,2000-11-16,11.0,253.0,967.1,1803.1,2536.0,NO
datos_11077030,6.616666667,-76.75,2000-11-17,2000-11-17,2000-11-17,70.0,194.0,950.1,1779.1,2547.0,NO
datos_11077030,6.616666667,-76.75,2000-11-18,2000-11-18,2000-11-18,30.0,254.0,1006.1,1837.1,2537.0,NO
datos_11077030,6.616666667,-76.75,2000-11-21,2000-11-21,2000-11-21,18.0,244.0,955.0,1768.1,2546.0,NO
datos_11077030,6.616666667,-76.75,2000-11-22,2000-11-22,2000-11-22,60.0,207.0,951.0,1751.1,2514.0,NO
datos_11077030,6.616666667,-76.75,2000-11-23,2000-11-23,2000-11-23,40.0,249.0,929.0,1811.1,2542.0,NO
datos_11077030,6.616666667,-76.75,2000-11-25,2000-11-25,2000-11-25,12.0,279.0,953.0,1811.1,2482.0,NO
datos_11077030,6.616666667,-76.75,2000-11-26,2000-11-26,2000-11-26,13.0,291.0,945.0,1774.1,2447.0,NO
datos_11077030,6.616666667,-76.75,2000-11-27,2000-11-27,2000-11-27,75.0,254.0,936.0,1729.1,2417.0,NO
datos_11077030,6.616666667,-76.75,2000-11-28,2000-11-28,2000-11-28,20.0,318.0,924.0,1785.1,2492.0,NO
datos_11077030,6.616666667,-76.75,2000-11-30,2000-11-30,2000-11-30,30.0,238.0,786.0,1680.1,2512.0,NO
datos_11077030,6.616666667,-76.75,2000-12-01,2000-12-01,2000-12-01,50.0,268.0,816.0,1700.1,2520.0,NO
datos_11077030,6.616666667,-76.75,2000-12-02,2000-12-02,2000-12-02,25.0,318.0,831.0,1750.1,2570.0,NO
datos_11077030,6.616666667,-76.75,2000-12-03,2000-12-03,2000-12-03,28.0,325.0,856.0,1775.1,2575.0,NO
datos_11077030,6.616666667,-76.75,2000-12-05,2000-12-05,2000-12-05,28.0,253.0,799.0,1783.1,2503.0,NO
datos_11077030,6.616666667,-76.75,2000-12-06,2000-12-06,2000-12-06,55.0,281.0,763.0,1811.1,2481.0,NO
datos_11077030,6.616666667,-76.75,2000-12-07,2000-12-07,2000-12-07,50.0,324.0,748.0,1807.1,2516.0,NO
datos_11077030,6.616666667,-76.75,2000-12-08,2000-12-08,2000-12-08,15.0,361.0,788.0,1857.1,2566.0,NO
datos_11077030,6.616666667,-76.75,2000-12-09,2000-12-09,2000-12-09,55.0,301.0,763.0,1872.1,2581.0,NO
datos_11077030,6.616666667,-76.75,2000-12-10,2000-12-10,2000-12-10,10.0,336.0,818.0,1927.1,2608.0,NO
datos_11077030,6.616666667,-76.75,2000-12-11,2000-12-11,2000-12-11,31.0,346.0,828.0,1937.1,2618.0,NO
datos_11077030,6.616666667,-76.75,2000-12-13,2000-12-13,2000-12-13,12.0,297.0,786.0,1784.1,2566.1,NO
datos_11077030,6.616666667,-76.75,2000-12-14,2000-12-14,2000-12-14,65.0,284.0,788.0,1776.1,2578.1,NO
datos_11077030,6.616666667,-76.75,2000-12-16,2000-12-16,2000-12-16,20.0,321.0,853.0,1770.1,2606.1,NO
datos_11077030,6.616666667,-76.75,2000-12-18,2000-12-18,2000-12-18,32.0,258.0,812.0,1748.1,2579.1,NO
datos_11077030,6.616666667,-76.75,2000-12-19,2000-12-19,2000-12-19,12.0,240.0,774.0,1759.1,2600.1,NO
datos_11077030,6.616666667,-76.75,2000-12-20,2000-12-20,2000-12-20,70.0,237.0,756.0,1759.0,2574.1,NO
datos_11077030,6.616666667,-76.75,2000-12-27,2000-12-27,2000-12-27,12.0,134.0,696.0,1619.0,2412.1,NO
datos_11077030,6.616666667,-76.75,2000-12-31,2000-12-31,2000-12-31,29.0,82.0,600.0,1386.0,2270.1,NO
datos_11077030,6.616666667,-76.75,2001-01-01,2001-01-01,2001-01-01,70.0,41.0,599.0,1380.0,2299.1,NO
datos_11077030,6.616666667,-76.75,2001-01-02,2001-01-02,2001-01-02,18.0,111.0,619.0,1450.0,2369.1,NO
datos_11077030,6.616666667,-76.75,2001-01-03,2001-01-03,2001-01-03,54.0,129.0,612.0,1468.0,2387.1,NO
datos_11077030,6.616666667,-76.75,2001-01-09,2001-01-09,2001-01-09,13.0,171.0,490.0,1253.0,2362.1,NO
datos_11077030,6.616666667,-76.75,2001-01-15,2001-01-15,2001-01-15,14.0,13.0,330.0,1183.0,2100.1,NO
datos_11077030,6.616666667,-76.75,2001-01-20,2001-01-20,2001-01-20,14.0,27.0,280.0,1036.0,1991.0,NO
datos_11077030,6.616666667,-76.75,2001-01-22,2001-01-22,2001-01-22,13.0,28.0,224.0,1032.0,1901.0,NO
datos_11077030,6.616666667,-76.75,2001-01-25,2001-01-25,2001-01-25,70.0,41.0,237.0,945.0,1878.0,NO
datos_11077030,6.616666667,-76.75,2001-01-31,2001-01-31,2001-01-31,15.0,97.0,295.0,865.0,1646.0,NO
datos_11077030,6.616666667,-76.75,2001-02-02,2001-02-02,2001-02-02,66.0,98.0,211.0,805.0,1661.0,NO
datos_11077030,6.616666667,-76.75,2001-02-19,2001-02-19,2001-02-19,50.0,0.0,178.0,458.0,1214.0,NO
datos_11077030,6.616666667,-76.75,2001-02-23,2001-02-23,2001-02-23,12.0,50.0,201.0,438.0,1146.0,NO
datos_11077030,6.616666667,-76.75,2001-02-25,2001-02-25,2001-02-25,40.0,62.0,213.0,450.0,1146.0,NO
datos_11077030,6.616666667,-76.75,2001-03-01,2001-03-01,2001-03-01,12.0,102.0,183.0,478.0,1078.0,NO
datos_11077030,6.616666667,-76.75,2001-03-04,2001-03-04,2001-03-04,60.0,64.0,180.0,391.0,985.0,NO
datos_11077030,6.616666667,-76.75,2001-03-07,2001-03-07,2001-03-07,15.0,112.0,174.0,379.0,989.0,NO
datos_11077030,6.616666667,-76.75,2001-03-08,2001-03-08,2001-03-08,45.0,127.0,189.0,394.0,949.0,NO
datos_11077030,6.616666667,-76.75,2001-03-09,2001-03-09,2001-03-09,70.0,132.0,234.0,439.0,944.0,NO
datos_11077030,6.616666667,-76.75,2001-03-15,2001-03-15,2001-03-15,80.0,190.0,304.0,496.0,891.0,NO
datos_11077030,6.616666667,-76.75,2001-03-20,2001-03-20,2001-03-20,12.0,150.0,384.0,562.0,854.0,NO
datos_11077030,6.616666667,-76.75,2001-03-21,2001-03-21,2001-03-21,35.0,92.0,396.0,574.0,854.0,NO
datos_11077030,6.616666667,-76.75,2001-03-25,2001-03-25,2001-03-25,19.0,127.0,381.0,582.0,819.0,NO
datos_11077030,6.616666667,-76.75,2001-03-26,2001-03-26,2001-03-26,50.0,146.0,400.0,601.0,838.0,NO
datos_11077030,6.616666667,-76.75,2001-03-27,2001-03-27,2001-03-27,10.0,116.0,438.0,651.0,888.0,NO
datos_11077030,6.616666667,-76.75,2001-03-28,2001-03-28,2001-03-28,15.0,126.0,448.0,591.0,898.0,NO
datos_11077030,6.616666667,-76.75,2001-03-29,2001-03-29,2001-03-29,90.0,141.0,423.0,606.0,901.0,NO
datos_11077030,6.616666667,-76.75,2001-03-30,2001-03-30,2001-03-30,95.0,231.0,513.0,696.0,991.0,NO
datos_11077030,6.616666667,-76.75,2001-03-31,2001-03-31,2001-03-31,12.0,326.0,608.0,791.0,1086.0,NO
datos_11077030,6.616666667,-76.75,2001-04-01,2001-04-01,2001-04-01,70.0,326.0,620.0,803.0,1098.0,NO
datos_11077030,6.616666667,-76.75,2001-04-05,2001-04-05,2001-04-05,90.0,361.0,618.0,792.0,997.0,NO
datos_11077030,6.616666667,-76.75,2001-04-08,2001-04-08,2001-04-08,14.0,372.0,693.0,882.0,1087.0,NO
datos_11077030,6.616666667,-76.75,2001-04-12,2001-04-12,2001-04-12,10.0,174.0,592.0,896.0,1088.0,NO
datos_11077030,6.616666667,-76.75,2001-04-13,2001-04-13,2001-04-13,50.0,114.0,602.0,906.0,1098.0,NO
datos_11077030,6.616666667,-76.75,2001-04-15,2001-04-15,2001-04-15,30.0,164.0,652.0,956.0,1148.0,NO
datos_11077030,6.616666667,-76.75,2001-04-16,2001-04-16,2001-04-16,10.0,194.0,602.0,986.0,1178.0,NO
datos_11077030,6.616666667,-76.75,2001-04-17,2001-04-17,2001-04-17,29.0,114.0,612.0,996.0,1174.0,NO
datos_11077030,6.616666667,-76.75,2001-04-20,2001-04-20,2001-04-20,60.0,129.0,641.0,1025.0,1203.0,NO
datos_11077030,6.616666667,-76.75,2001-04-25,2001-04-25,2001-04-25,18.0,129.0,654.0,1035.0,1236.0,NO
datos_11077030,6.616666667,-76.75,2001-04-26,2001-04-26,2001-04-26,90.0,147.0,653.0,1041.0,1254.0,NO
datos_11077030,6.616666667,-76.75,2001-04-27,2001-04-27,2001-04-27,70.0,207.0,693.0,1131.0,1274.0,NO
datos_11077030,6.616666667,-76.75,2001-04-28,2001-04-28,2001-04-28,40.0,267.0,753.0,1161.0,1344.0,NO
datos_11077030,6.616666667,-76.75,2001-04-29,2001-04-29,2001-04-29,10.0,278.0,778.0,1201.0,1384.0,NO
datos_11077030,6.616666667,-76.75,2001-04-30,2001-04-30,2001-04-30,15.0,288.0,698.0,1211.0,1394.0,NO
datos_11077030,6.616666667,-76.75,2001-05-01,2001-05-01,2001-05-01,10.0,303.0,618.0,1226.0,1409.0,NO
datos_11077030,6.616666667,-76.75,2001-05-02,2001-05-02,2001-05-02,50.0,253.0,616.0,1224.0,1419.0,NO
datos_11077030,6.616666667,-76.75,2001-05-05,2001-05-05,2001-05-05,90.0,303.0,596.0,1214.0,1388.0,NO
datos_11077030,6.616666667,-76.75,2001-05-07,2001-05-07,2001-05-07,91.0,375.0,596.0,1304.0,1478.0,NO
datos_11077030,6.616666667,-76.75,2001-05-08,2001-05-08,2001-05-08,40.0,376.0,687.0,1380.0,1569.0,NO
datos_11077030,6.616666667,-76.75,2001-05-09,2001-05-09,2001-05-09,12.0,346.0,727.0,1375.0,1609.0,NO
datos_11077030,6.616666667,-76.75,2001-05-12,2001-05-12,2001-05-12,11.0,293.0,725.0,1317.0,1621.0,NO
datos_11077030,6.616666667,-76.75,2001-05-14,2001-05-14,2001-05-14,13.0,244.0,726.0,1328.0,1632.0,NO
datos_11077030,6.616666667,-76.75,2001-05-15,2001-05-15,2001-05-15,66.0,257.0,689.0,1341.0,1645.0,NO
datos_11077030,6.616666667,-76.75,2001-05-17,2001-05-17,2001-05-17,23.0,233.0,725.0,1327.0,1711.0,NO
datos_11077030,6.616666667,-76.75,2001-05-18,2001-05-18,2001-05-18,17.0,256.0,738.0,1350.0,1734.0,NO
datos_11077030,6.616666667,-76.75,2001-05-19,2001-05-19,2001-05-19,19.0,182.0,726.0,1367.0,1751.0,NO
datos_11077030,6.616666667,-76.75,2001-05-20,2001-05-20,2001-05-20,30.0,161.0,745.0,1386.0,1770.0,NO
datos_11077030,6.616666667,-76.75,2001-05-23,2001-05-23,2001-05-23,10.0,179.0,715.0,1369.0,1750.0,NO
datos_11077030,6.616666667,-76.75,2001-05-24,2001-05-24,2001-05-24,90.0,178.0,725.0,1379.0,1760.0,NO
datos_11077030,6.616666667,-76.75,2001-05-25,2001-05-25,2001-05-25,25.0,268.0,815.0,1469.0,1850.0,NO
datos_11077030,6.616666667,-76.75,2001-05-27,2001-05-27,2001-05-27,15.0,214.0,822.0,1425.0,1863.0,NO
datos_11077030,6.616666667,-76.75,2001-05-28,2001-05-28,2001-05-28,10.0,229.0,747.0,1430.0,1838.0,NO
datos_11077030,6.616666667,-76.75,2001-05-29,2001-05-29,2001-05-29,12.0,216.0,687.0,1425.0,1848.0,NO
datos_11077030,6.616666667,-76.75,2001-05-31,2001-05-31,2001-05-31,45.0,192.0,649.0,1252.0,1860.0,NO
datos_11077030,6.616666667,-76.75,2001-06-01,2001-06-01,2001-06-01,22.0,207.0,679.0,1285.0,1893.0,NO
datos_11077030,6.616666667,-76.75,2001-06-03,2001-06-03,2001-06-03,19.0,229.0,641.0,1237.0,1915.0,NO
datos_11077030,6.616666667,-76.75,2001-06-06,2001-06-06,2001-06-06,10.0,123.0,570.0,1166.0,1874.0,NO
datos_11077030,6.616666667,-76.75,2001-06-07,2001-06-07,2001-06-07,43.0,133.0,580.0,1176.0,1869.0,NO
datos_11077030,6.616666667,-76.75,2001-06-09,2001-06-09,2001-06-09,29.0,151.0,492.0,1205.0,1797.0,NO
datos_11077030,6.616666667,-76.75,2001-06-11,2001-06-11,2001-06-11,52.0,168.0,509.0,1234.0,1826.0,NO
datos_11077030,6.616666667,-76.75,2001-06-12,2001-06-12,2001-06-12,28.0,175.0,561.0,1286.0,1878.0,NO
datos_11077030,6.616666667,-76.75,2001-06-13,2001-06-13,2001-06-13,60.0,181.0,578.0,1304.0,1906.0,NO
datos_11077030,6.616666667,-76.75,2001-06-16,2001-06-16,2001-06-16,18.0,222.0,559.0,1284.0,1886.0,NO
datos_11077030,6.616666667,-76.75,2001-06-17,2001-06-17,2001-06-17,45.0,240.0,577.0,1292.0,1904.0,NO
datos_11077030,6.616666667,-76.75,2001-06-19,2001-06-19,2001-06-19,20.0,232.0,582.0,1308.0,1949.0,NO
datos_11077030,6.616666667,-76.75,2001-06-21,2001-06-21,2001-06-21,55.0,223.0,553.0,1268.0,1922.0,NO
datos_11077030,6.616666667,-76.75,2001-06-22,2001-06-22,2001-06-22,10.0,278.0,608.0,1323.0,1977.0,NO
datos_11077030,6.616666667,-76.75,2001-06-23,2001-06-23,2001-06-23,70.0,236.0,618.0,1333.0,1987.0,NO
datos_11077030,6.616666667,-76.75,2001-06-26,2001-06-26,2001-06-26,11.0,218.0,563.0,1385.0,1988.0,NO
datos_11077030,6.616666667,-76.75,2001-06-28,2001-06-28,2001-06-28,44.0,211.0,559.0,1236.0,1974.0,NO
datos_11077030,6.616666667,-76.75,2001-07-02,2001-07-02,2001-07-02,18.0,190.0,536.0,1205.0,1751.0,NO
datos_11077030,6.616666667,-76.75,2001-07-05,2001-07-05,2001-07-05,43.0,73.0,513.0,1173.0,1769.0,NO
datos_11077030,6.616666667,-76.75,2001-07-07,2001-07-07,2001-07-07,40.0,116.0,556.0,1126.0,1722.0,NO
datos_11077030,6.616666667,-76.75,2001-07-09,2001-07-09,2001-07-09,50.0,145.0,543.0,1035.0,1748.0,NO
datos_11077030,6.616666667,-76.75,2001-07-14,2001-07-14,2001-07-14,30.0,133.0,484.0,1062.0,1738.0,NO
datos_11077030,6.616666667,-76.75,2001-07-16,2001-07-16,2001-07-16,25.0,163.0,454.0,1013.0,1738.0,NO
datos_11077030,6.616666667,-76.75,2001-07-18,2001-07-18,2001-07-18,45.0,145.0,461.0,1015.0,1724.0,NO
datos_11077030,6.616666667,-76.75,2001-07-20,2001-07-20,2001-07-20,20.0,150.0,461.0,1024.0,1769.0,NO
datos_11077030,6.616666667,-76.75,2001-07-22,2001-07-22,2001-07-22,62.0,120.0,461.0,1014.0,1729.0,NO
datos_11077030,6.616666667,-76.75,2001-07-23,2001-07-23,2001-07-23,39.0,182.0,468.0,1076.0,1791.0,NO
datos_11077030,6.616666667,-76.75,2001-07-24,2001-07-24,2001-07-24,23.0,221.0,497.0,1105.0,1830.0,NO
datos_11077030,6.616666667,-76.75,2001-07-26,2001-07-26,2001-07-26,15.0,214.0,450.0,1013.0,1835.0,NO
datos_11077030,6.616666667,-76.75,2001-07-28,2001-07-28,2001-07-28,70.0,204.0,454.0,1013.0,1690.0,NO
datos_11077030,6.616666667,-76.75,2001-07-29,2001-07-29,2001-07-29,50.0,274.0,524.0,1073.0,1720.0,NO
datos_11077030,6.616666667,-76.75,2001-08-01,2001-08-01,2001-08-01,25.0,259.0,530.0,1066.0,1735.0,NO
datos_11077030,6.616666667,-76.75,2001-08-02,2001-08-02,2001-08-02,15.0,284.0,555.0,1069.0,1710.0,NO
datos_11077030,6.616666667,-76.75,2001-08-04,2001-08-04,2001-08-04,59.0,198.0,552.0,1065.0,1725.0,NO
datos_11077030,6.616666667,-76.75,2001-08-05,2001-08-05,2001-08-05,15.0,234.0,611.0,1124.0,1694.0,NO
datos_11077030,6.616666667,-76.75,2001-08-07,2001-08-07,2001-08-07,75.0,234.0,583.0,1129.0,1618.0,NO
datos_11077030,6.616666667,-76.75,2001-08-08,2001-08-08,2001-08-08,28.0,309.0,618.0,1161.0,1653.0,NO
datos_11077030,6.616666667,-76.75,2001-08-09,2001-08-09,2001-08-09,29.0,267.0,646.0,1189.0,1669.0,NO
datos_11077030,6.616666667,-76.75,2001-08-12,2001-08-12,2001-08-12,28.0,246.0,625.0,1137.0,1687.0,NO
datos_11077030,6.616666667,-76.75,2001-08-16,2001-08-16,2001-08-16,17.0,175.0,623.0,1077.0,1636.0,NO
datos_11077030,6.616666667,-76.75,2001-08-17,2001-08-17,2001-08-17,18.0,177.0,615.0,1076.0,1630.0,NO
datos_11077030,6.616666667,-76.75,2001-08-18,2001-08-18,2001-08-18,27.0,195.0,633.0,1049.0,1631.0,NO
datos_11077030,6.616666667,-76.75,2001-08-19,2001-08-19,2001-08-19,60.0,147.0,615.0,1076.0,1639.0,NO
datos_11077030,6.616666667,-76.75,2001-08-20,2001-08-20,2001-08-20,47.0,179.0,675.0,1116.0,1669.0,NO
datos_11077030,6.616666667,-76.75,2001-08-21,2001-08-21,2001-08-21,70.0,197.0,702.0,1163.0,1716.0,NO
datos_11077030,6.616666667,-76.75,2001-08-25,2001-08-25,2001-08-25,28.0,239.0,648.0,1098.0,1661.0,NO
datos_11077030,6.616666667,-76.75,2001-08-26,2001-08-26,2001-08-26,12.0,267.0,676.0,1126.0,1689.0,NO
datos_11077030,6.616666667,-76.75,2001-08-27,2001-08-27,2001-08-27,66.0,279.0,673.0,1127.0,1686.0,NO
datos_11077030,6.616666667,-76.75,2001-08-29,2001-08-29,2001-08-29,48.0,310.0,669.0,1149.0,1730.0,NO
datos_11077030,6.616666667,-76.75,2001-08-30,2001-08-30,2001-08-30,70.0,331.0,667.0,1197.0,1778.0,NO
datos_11077030,6.616666667,-76.75,2001-08-31,2001-08-31,2001-08-31,95.0,341.0,737.0,1267.0,1803.0,NO
datos_11077030,6.616666667,-76.75,2001-09-01,2001-09-01,2001-09-01,88.0,389.0,832.0,1362.0,1876.0,NO
datos_11077030,6.616666667,-76.75,2001-09-02,2001-09-02,2001-09-02,28.0,407.0,895.0,1432.0,1964.0,NO
datos_11077030,6.616666667,-76.75,2001-09-03,2001-09-03,2001-09-03,62.0,435.0,908.0,1460.0,1973.0,NO
datos_11077030,6.616666667,-76.75,2001-09-04,2001-09-04,2001-09-04,41.0,497.0,970.0,1522.0,2035.0,NO
datos_11077030,6.616666667,-76.75,2001-09-05,2001-09-05,2001-09-05,11.0,538.0,952.0,1520.0,2076.0,NO
datos_11077030,6.616666667,-76.75,2001-09-07,2001-09-07,2001-09-07,12.4,509.0,948.0,1491.0,2034.0,NO
datos_11077030,6.616666667,-76.75,2001-09-08,2001-09-08,2001-09-08,49.0,455.4,885.4,1503.4,2046.4,NO
datos_11077030,6.616666667,-76.75,2001-09-09,2001-09-09,2001-09-09,23.0,504.4,906.4,1502.4,2066.4,NO
datos_11077030,6.616666667,-76.75,2001-09-10,2001-09-10,2001-09-10,18.0,479.4,900.4,1525.4,2089.4,NO
datos_11077030,6.616666667,-76.75,2001-09-11,2001-09-11,2001-09-11,70.0,427.4,918.4,1543.4,2055.4,NO
datos_11077030,6.616666667,-76.75,2001-09-14,2001-09-14,2001-09-14,12.2,286.4,960.4,1583.4,2037.4,NO
datos_11077030,6.616666667,-76.75,2001-09-15,2001-09-15,2001-09-15,78.0,236.6,972.6,1595.6,2049.6,NO
datos_11077030,6.616666667,-76.75,2001-09-16,2001-09-16,2001-09-16,49.0,273.6,1050.6,1648.6,2109.6000000000004,NO
datos_11077030,6.616666667,-76.75,2001-09-18,2001-09-18,2001-09-18,65.0,311.6,1064.6,1652.6,2113.6000000000004,NO
datos_11077030,6.616666667,-76.75,2001-09-21,2001-09-21,2001-09-21,27.0,292.2,995.6,1697.6,2103.6,NO
datos_11077030,6.616666667,-76.75,2001-09-22,2001-09-22,2001-09-22,30.0,301.2,952.6,1662.6,2120.6000000000004,NO
datos_11077030,6.616666667,-76.75,2001-09-23,2001-09-23,2001-09-23,12.2,261.2,982.6,1653.6,2080.6,NO
datos_11077030,6.616666667,-76.75,2001-09-24,2001-09-24,2001-09-24,19.0,273.4,994.8,1642.8,2092.8,NO
datos_11077030,6.616666667,-76.75,2001-09-28,2001-09-28,2001-09-28,30.0,153.2,907.8,1576.8,2056.8,NO
datos_11077030,6.616666667,-76.75,2001-10-01,2001-10-01,2001-10-01,27.0,118.2,819.8,1556.8,2086.8,NO
datos_11077030,6.616666667,-76.75,2001-10-02,2001-10-02,2001-10-02,57.0,145.2,751.8,1558.8000000000002,2095.8,NO
datos_11077030,6.616666667,-76.75,2001-10-03,2001-10-03,2001-10-03,94.0,175.2,720.8,1600.8,2152.8,NO
datos_11077030,6.616666667,-76.75,2001-10-05,2001-10-05,2001-10-05,70.0,227.0,724.8,1635.8,2203.8,NO
datos_11077030,6.616666667,-76.75,2001-10-06,2001-10-06,2001-10-06,37.0,278.0,753.8,1690.8000000000002,2273.8,NO
datos_11077030,6.616666667,-76.75,2001-10-08,2001-10-08,2001-10-08,48.0,315.0,779.8,1652.8,2270.8,NO
datos_11077030,6.616666667,-76.75,2001-10-10,2001-10-10,2001-10-10,27.0,333.0,766.4,1643.8000000000002,2268.8,NO
datos_11077030,6.616666667,-76.75,2001-10-15,2001-10-15,2001-10-15,46.0,182.0,682.4,1642.8,2265.8,NO
datos_11077030,6.616666667,-76.75,2001-10-21,2001-10-21,2001-10-21,19.0,73.0,524.2,1519.8,2221.8,NO
datos_11077030,6.616666667,-76.75,2001-10-22,2001-10-22,2001-10-22,43.0,65.0,543.2,1468.8000000000002,2178.8,NO
datos_11077030,6.616666667,-76.75,2001-10-29,2001-10-29,2001-10-29,22.0,62.0,498.0,1405.8,2024.8,NO
datos_11077030,6.616666667,-76.75,2001-10-30,2001-10-30,2001-10-30,87.0,84.0,490.0,1379.8000000000002,2046.8,NO
datos_11077030,6.616666667,-76.75,2001-11-04,2001-11-04,2001-11-04,19.0,109.0,399.0,1123.8,2034.8,NO
datos_11077030,6.616666667,-76.75,2001-11-05,2001-11-05,2001-11-05,24.0,128.0,418.0,1101.8,2038.8,NO
datos_11077030,6.616666667,-76.75,2001-11-06,2001-11-06,2001-11-06,18.0,152.0,372.0,1114.8,2062.8,NO
datos_11077030,6.616666667,-76.75,2001-11-07,2001-11-07,2001-11-07,70.0,170.0,353.0,1132.8000000000002,2005.8,NO
datos_11077030,6.616666667,-76.75,2001-11-09,2001-11-09,2001-11-09,32.0,240.0,375.0,1141.4,2018.8,NO
datos_11077030,6.616666667,-76.75,2001-11-11,2001-11-11,2001-11-11,29.0,163.0,380.0,1132.4,2050.8,NO
datos_11077030,6.616666667,-76.75,2001-11-13,2001-11-13,2001-11-13,70.0,192.0,409.0,1091.4,2051.8,NO
datos_11077030,6.616666667,-76.75,2001-11-14,2001-11-14,2001-11-14,31.0,262.0,479.0,1161.4,2121.8,NO
datos_11077030,6.616666667,-76.75,2001-11-17,2001-11-17,2001-11-17,29.0,250.0,464.0,1053.2,2117.8,NO
datos_11077030,6.616666667,-76.75,2001-11-18,2001-11-18,2001-11-18,41.0,261.0,493.0,1082.2,2119.8,NO
datos_11077030,6.616666667,-76.75,2001-11-21,2001-11-21,2001-11-21,17.0,200.0,534.0,1058.2,1983.8,NO
datos_11077030,6.616666667,-76.75,2001-11-22,2001-11-22,2001-11-22,32.0,217.0,532.0,1048.2,2000.8,NO
datos_11077030,6.616666667,-76.75,2001-11-23,2001-11-23,2001-11-23,42.0,220.0,521.0,1050.2,2032.8,NO
datos_11077030,6.616666667,-76.75,2001-11-24,2001-11-24,2001-11-24,52.0,262.0,563.0,1080.0,2074.8,NO
datos_11077030,6.616666667,-76.75,2001-11-25,2001-11-25,2001-11-25,18.0,244.0,615.0,1113.0,2098.8,NO
datos_11077030,6.616666667,-76.75,2001-11-26,2001-11-26,2001-11-26,29.0,231.0,633.0,1131.0,2104.8,NO
datos_11077030,6.616666667,-76.75,2001-11-27,2001-11-27,2001-11-27,70.0,260.0,662.0,1160.0,2067.8,NO
datos_11077030,6.616666667,-76.75,2001-11-28,2001-11-28,2001-11-28,68.0,330.0,732.0,1230.0,2137.8,NO
datos_11077030,6.616666667,-76.75,2001-11-29,2001-11-29,2001-11-29,37.0,369.0,800.0,1268.0,2157.8,NO
datos_11100030,7.0,-76.75,1980-04-30,1980-04-30,1980-04-30,5.0,0.0,0.0,0.0,0.0,NO
datos_11100030,7.0,-76.75,1980-05-01,1980-05-01,1980-05-01,5.0,5.0,5.0,5.0,5.0,NO
datos_11100030,7.0,-76.75,1980-05-03,1980-05-03,1980-05-03,1.0,10.0,10.0,10.0,10.0,NO
datos_11100030,7.0,-76.75,1980-05-04,1980-05-04,1980-05-04,8.0,11.0,11.0,11.0,11.0,NO
datos_11100030,7.0,-76.75,1980-05-06,1980-05-06,1980-05-06,3.0,19.0,19.0,19.0,19.0,NO
datos_11100030,7.0,-76.75,1980-05-07,1980-05-07,1980-05-07,15.0,22.0,22.0,22.0,22.0,NO
datos_11100030,7.0,-76.75,1980-05-08,1980-05-08,1980-05-08,3.0,37.0,37.0,37.0,37.0,NO
datos_11100030,7.0,-76.75,1980-05-10,1980-05-10,1980-05-10,9.0,40.0,40.0,40.0,40.0,NO
datos_11100030,7.0,-76.75,1980-05-11,1980-05-11,1980-05-11,8.0,49.0,49.0,49.0,49.0,NO
datos_11100030,7.0,-76.75,1980-05-12,1980-05-12,1980-05-12,84.0,52.0,57.0,57.0,57.0,NO
datos_11100030,7.0,-76.75,1980-05-13,1980-05-13,1980-05-13,7.0,131.0,141.0,141.0,141.0,NO
datos_11100030,7.0,-76.75,1980-05-14,1980-05-14,1980-05-14,11.0,138.0,148.0,148.0,148.0,NO
datos_11100030,7.0,-76.75,1980-05-15,1980-05-15,1980-05-15,3.0,148.0,159.0,159.0,159.0,NO
datos_11100030,7.0,-76.75,1980-05-16,1980-05-16,1980-05-16,25.0,143.0,162.0,162.0,162.0,NO
datos_11100030,7.0,-76.75,1980-05-17,1980-05-17,1980-05-17,7.0,168.0,187.0,187.0,187.0,NO
datos_11100030,7.0,-76.75,1980-05-18,1980-05-18,1980-05-18,41.0,172.0,194.0,194.0,194.0,NO
datos_11100030,7.0,-76.75,1980-05-19,1980-05-19,1980-05-19,51.0,198.0,235.0,235.0,235.0,NO
datos_11100030,7.0,-76.75,1980-05-20,1980-05-20,1980-05-20,70.0,246.0,286.0,286.0,286.0,NO
datos_11100030,7.0,-76.75,1980-05-21,1980-05-21,1980-05-21,14.0,316.0,356.0,356.0,356.0,NO
datos_11100030,7.0,-76.75,1980-05-22,1980-05-22,1980-05-22,13.0,321.0,370.0,370.0,370.0,NO
datos_11100030,7.0,-76.75,1980-05-23,1980-05-23,1980-05-23,27.0,326.0,383.0,383.0,383.0,NO
datos_11100030,7.0,-76.75,1980-05-24,1980-05-24,1980-05-24,14.0,269.0,410.0,410.0,410.0,NO
datos_11100030,7.0,-76.75,1980-05-25,1980-05-25,1980-05-25,36.0,276.0,424.0,424.0,424.0,NO
datos_11100030,7.0,-76.75,1980-05-26,1980-05-26,1980-05-26,2.0,301.0,460.0,460.0,460.0,NO
datos_11100030,7.0,-76.75,1980-05-27,1980-05-27,1980-05-27,17.0,300.0,462.0,462.0,462.0,NO
datos_11100030,7.0,-76.75,1980-05-28,1980-05-28,1980-05-28,38.0,292.0,479.0,479.0,479.0,NO
datos_11100030,7.0,-76.75,1980-05-29,1980-05-29,1980-05-29,2.0,323.0,517.0,517.0,517.0,NO
datos_11100030,7.0,-76.75,1980-05-30,1980-05-30,1980-05-30,17.0,284.0,519.0,519.0,519.0,NO
datos_11100030,7.0,-76.75,1980-05-31,1980-05-31,1980-05-31,49.0,250.0,536.0,536.0,536.0,NO
datos_11100030,7.0,-76.75,1980-06-02,1980-06-02,1980-06-02,3.0,215.0,575.0,585.0,585.0,NO
datos_11100030,7.0,-76.75,1980-06-03,1980-06-03,1980-06-03,3.0,205.0,578.0,588.0,588.0,NO
datos_11100030,7.0,-76.75,1980-06-05,1980-06-05,1980-06-05,8.0,167.0,572.0,591.0,591.0,NO
datos_11100030,7.0,-76.75,1980-06-07,1980-06-07,1980-06-07,28.0,137.0,577.0,599.0,599.0,NO
datos_11100030,7.0,-76.75,1980-06-08,1980-06-08,1980-06-08,3.0,148.0,590.0,627.0,627.0,NO
datos_11100030,7.0,-76.75,1980-06-09,1980-06-09,1980-06-09,16.0,113.0,590.0,630.0,630.0,NO
datos_11100030,7.0,-76.75,1980-06-10,1980-06-10,1980-06-10,13.0,127.0,606.0,646.0,646.0,NO
datos_11100030,7.0,-76.75,1980-06-11,1980-06-11,1980-06-11,60.0,123.0,610.0,659.0,659.0,NO
datos_11100030,7.0,-76.75,1980-06-12,1980-06-12,1980-06-12,5.0,134.0,662.0,719.0,719.0,NO
datos_11100030,7.0,-76.75,1980-06-14,1980-06-14,1980-06-14,3.0,136.0,576.0,724.0,724.0,NO
datos_11100030,7.0,-76.75,1980-06-15,1980-06-15,1980-06-15,1.0,136.0,568.0,727.0,727.0,NO
datos_11100030,7.0,-76.75,1980-06-18,1980-06-18,1980-06-18,11.0,129.0,534.0,728.0,728.0,NO
datos_11100030,7.0,-76.75,1980-06-19,1980-06-19,1980-06-19,4.0,112.0,504.0,739.0,739.0,NO
datos_11100030,7.0,-76.75,1980-06-21,1980-06-21,1980-06-21,5.0,97.0,387.0,743.0,743.0,NO
datos_11100030,7.0,-76.75,1980-06-22,1980-06-22,1980-06-22,4.0,89.0,378.0,748.0,748.0,NO
datos_11100030,7.0,-76.75,1980-06-24,1980-06-24,1980-06-24,135.0,28.0,342.0,752.0,752.0,NO
datos_11100030,7.0,-76.75,1980-06-25,1980-06-25,1980-06-25,63.0,163.0,463.0,887.0,887.0,NO
datos_11100030,7.0,-76.75,1980-06-26,1980-06-26,1980-06-26,5.0,223.0,490.0,950.0,950.0,NO
datos_11100030,7.0,-76.75,1980-06-28,1980-06-28,1980-06-28,8.0,227.0,476.0,955.0,955.0,NO
datos_11100030,7.0,-76.75,1980-06-29,1980-06-29,1980-06-29,3.0,235.0,446.0,963.0,963.0,NO
datos_11100030,7.0,-76.75,1980-06-30,1980-06-30,1980-06-30,8.0,227.0,447.0,966.0,966.0,NO
datos_11100030,7.0,-76.75,1980-07-01,1980-07-01,1980-07-01,9.0,231.0,438.0,969.0,974.0,NO
datos_11100030,7.0,-76.75,1980-07-02,1980-07-02,1980-07-02,17.0,240.0,398.0,973.0,983.0,NO
datos_11100030,7.0,-76.75,1980-07-04,1980-07-04,1980-07-04,11.0,248.0,412.0,989.0,1000.0,NO
datos_11100030,7.0,-76.75,1980-07-05,1980-07-05,1980-07-05,4.0,259.0,420.0,992.0,1011.0,NO
datos_11100030,7.0,-76.75,1980-07-06,1980-07-06,1980-07-06,7.0,128.0,424.0,996.0,1015.0,NO
datos_11100030,7.0,-76.75,1980-07-07,1980-07-07,1980-07-07,20.0,72.0,423.0,1000.0,1022.0,NO
datos_11100030,7.0,-76.75,1980-07-08,1980-07-08,1980-07-08,7.0,87.0,443.0,1005.0,1042.0,NO
datos_11100030,7.0,-76.75,1980-07-09,1980-07-09,1980-07-09,7.0,94.0,422.0,1009.0,1049.0,NO
datos_11100030,7.0,-76.75,1980-07-10,1980-07-10,1980-07-10,16.0,93.0,426.0,1016.0,1056.0,NO
datos_11100030,7.0,-76.75,1980-07-11,1980-07-11,1980-07-11,10.0,106.0,426.0,1023.0,1072.0,NO
datos_11100030,7.0,-76.75,1980-07-12,1980-07-12,1980-07-12,4.0,108.0,423.0,1025.0,1082.0,NO
datos_11100030,7.0,-76.75,1980-07-13,1980-07-13,1980-07-13,7.0,103.0,367.0,945.0,1086.0,NO
datos_11100030,7.0,-76.75,1980-07-14,1980-07-14,1980-07-14,9.0,93.0,369.0,945.0,1093.0,NO
datos_11100030,7.0,-76.75,1980-07-15,1980-07-15,1980-07-15,44.0,102.0,378.0,943.0,1102.0,NO
datos_11100030,7.0,-76.75,1980-07-17,1980-07-17,1980-07-17,38.0,131.0,418.0,959.0,1146.0,NO
datos_11100030,7.0,-76.75,1980-07-19,1980-07-19,1980-07-19,10.0,142.0,456.0,949.0,1184.0,NO
datos_11100030,7.0,-76.75,1980-07-20,1980-07-20,1980-07-20,4.0,145.0,455.0,908.0,1194.0,NO
datos_11100030,7.0,-76.75,1980-07-21,1980-07-21,1980-07-21,43.0,142.0,455.0,842.0,1198.0,NO
datos_11100030,7.0,-76.75,1980-07-22,1980-07-22,1980-07-22,7.0,169.0,498.0,871.0,1241.0,NO
datos_11100030,7.0,-76.75,1980-07-23,1980-07-23,1980-07-23,17.0,166.0,500.0,865.0,1248.0,NO
datos_11100030,7.0,-76.75,1980-07-24,1980-07-24,1980-07-24,1.0,179.0,513.0,855.0,1265.0,NO
datos_11100030,7.0,-76.75,1980-07-25,1980-07-25,1980-07-25,16.0,173.0,514.0,842.0,1266.0,NO
datos_11100030,7.0,-76.75,1980-07-26,1980-07-26,1980-07-26,54.0,180.0,395.0,822.0,1282.0,NO
datos_11100030,7.0,-76.75,1980-07-28,1980-07-28,1980-07-28,5.0,190.0,381.0,857.0,1336.0,NO
datos_11100030,7.0,-76.75,1980-07-29,1980-07-29,1980-07-29,75.0,157.0,386.0,824.0,1341.0,NO
datos_11100030,7.0,-76.75,1980-08-01,1980-08-01,1980-08-01,51.0,218.0,442.0,831.0,1406.0,NO
datos_11100030,7.0,-76.75,1980-08-02,1980-08-02,1980-08-02,2.0,226.0,484.0,882.0,1457.0,NO
datos_11100030,7.0,-76.75,1980-08-03,1980-08-03,1980-08-03,44.0,221.0,469.0,881.0,1458.0,NO
datos_11100030,7.0,-76.75,1980-08-04,1980-08-04,1980-08-04,4.0,248.0,513.0,922.0,1494.0,NO
datos_11100030,7.0,-76.75,1980-08-06,1980-08-06,1980-08-06,5.0,235.0,502.0,918.0,1495.0,NO
datos_11100030,7.0,-76.75,1980-08-07,1980-08-07,1980-08-07,4.0,186.0,500.0,923.0,1485.0,NO
datos_11100030,7.0,-76.75,1980-08-08,1980-08-08,1980-08-08,4.0,190.0,484.0,899.0,1486.0,NO
datos_11100030,7.0,-76.75,1980-08-09,1980-08-09,1980-08-09,22.0,189.0,481.0,900.0,1490.0,NO
datos_11100030,7.0,-76.75,1980-08-11,1980-08-11,1980-08-11,3.0,136.0,480.0,893.0,1495.0,NO
datos_11100030,7.0,-76.75,1980-08-12,1980-08-12,1980-08-12,2.0,139.0,473.0,836.0,1414.0,NO
datos_11100030,7.0,-76.75,1980-08-14,1980-08-14,1980-08-14,7.0,88.0,464.0,833.0,1398.0,NO
datos_11100030,7.0,-76.75,1980-08-15,1980-08-15,1980-08-15,56.0,51.0,462.0,837.0,1402.0,NO
datos_11100030,7.0,-76.75,1980-08-16,1980-08-16,1980-08-16,3.0,103.0,474.0,892.0,1433.0,NO
datos_11100030,7.0,-76.75,1980-08-18,1980-08-18,1980-08-18,64.0,101.0,439.0,895.0,1388.0,NO
datos_11100030,7.0,-76.75,1980-08-19,1980-08-19,1980-08-19,2.0,161.0,503.0,948.0,1401.0,NO
datos_11100030,7.0,-76.75,1980-08-20,1980-08-20,1980-08-20,11.0,159.0,495.0,946.0,1333.0,NO
datos_11100030,7.0,-76.75,1980-08-21,1980-08-21,1980-08-21,24.0,148.0,502.0,957.0,1330.0,NO
datos_11100030,7.0,-76.75,1980-08-22,1980-08-22,1980-08-22,26.0,172.0,483.0,976.0,1341.0,NO
datos_11100030,7.0,-76.75,1980-08-23,1980-08-23,1980-08-23,2.0,195.0,502.0,998.0,1340.0,NO
datos_11100030,7.0,-76.75,1980-08-25,1980-08-25,1980-08-25,12.0,195.0,486.0,865.0,1292.0,NO
datos_11100030,7.0,-76.75,1980-08-27,1980-08-27,1980-08-27,3.0,144.0,428.0,809.0,1285.0,NO
datos_11100030,7.0,-76.75,1980-08-28,1980-08-28,1980-08-28,30.0,144.0,431.0,812.0,1250.0,NO
datos_11100030,7.0,-76.75,1980-08-29,1980-08-29,1980-08-29,80.0,174.0,456.0,834.0,1278.0,NO
datos_11100030,7.0,-76.75,1980-08-30,1980-08-30,1980-08-30,9.0,190.0,461.0,911.0,1341.0,NO
datos_11100030,7.0,-76.75,1980-09-01,1980-09-01,1980-09-01,5.0,186.0,470.0,903.0,1301.0,NO
datos_11100030,7.0,-76.75,1980-09-03,1980-09-03,1980-09-03,9.0,141.0,422.0,891.0,1300.0,NO
datos_11100030,7.0,-76.75,1980-09-04,1980-09-04,1980-09-04,6.0,148.0,387.0,889.0,1309.0,NO
datos_11100030,7.0,-76.75,1980-09-05,1980-09-05,1980-09-05,7.0,154.0,389.0,891.0,1307.0,NO
datos_11100030,7.0,-76.75,1980-09-06,1980-09-06,1980-09-06,2.0,149.0,396.0,891.0,1314.0,NO
datos_11100030,7.0,-76.75,1980-09-07,1980-09-07,1980-09-07,55.0,151.0,393.0,873.0,1288.0,NO
datos_11100030,7.0,-76.75,1980-09-08,1980-09-08,1980-09-08,13.0,203.0,444.0,921.0,1340.0,NO
datos_11100030,7.0,-76.75,1980-09-09,1980-09-09,1980-09-09,7.0,186.0,453.0,927.0,1337.0,NO
datos_11100030,7.0,-76.75,1980-09-11,1980-09-11,1980-09-11,31.0,104.0,438.0,908.0,1271.0,NO
datos_11100030,7.0,-76.75,1980-09-13,1980-09-13,1980-09-13,2.0,130.0,464.0,928.0,1297.0,NO
datos_11100030,7.0,-76.75,1980-09-16,1980-09-16,1980-09-16,21.0,117.0,403.0,877.0,1295.0,NO
datos_11100030,7.0,-76.75,1980-09-17,1980-09-17,1980-09-17,10.0,131.0,421.0,860.0,1316.0,NO
datos_11100030,7.0,-76.75,1980-09-18,1980-09-18,1980-09-18,9.0,139.0,431.0,870.0,1315.0,NO
datos_11100030,7.0,-76.75,1980-09-20,1980-09-20,1980-09-20,73.0,80.0,374.0,865.0,1320.0,NO
datos_11100030,7.0,-76.75,1980-09-21,1980-09-21,1980-09-21,3.0,146.0,436.0,895.0,1388.0,NO
datos_11100030,7.0,-76.75,1980-09-23,1980-09-23,1980-09-23,1.0,118.0,389.0,874.0,1387.0,NO
datos_11100030,7.0,-76.75,1980-09-24,1980-09-24,1980-09-24,9.0,119.0,388.0,874.0,1253.0,NO
datos_11100030,7.0,-76.75,1980-09-25,1980-09-25,1980-09-25,61.0,126.0,397.0,867.0,1199.0,NO
datos_11100030,7.0,-76.75,1980-09-27,1980-09-27,1980-09-27,20.0,187.0,446.0,874.0,1255.0,NO
datos_11100030,7.0,-76.75,1980-09-29,1980-09-29,1980-09-29,13.0,176.0,433.0,814.0,1264.0,NO
datos_11100030,7.0,-76.75,1980-09-30,1980-09-30,1980-09-30,5.0,180.0,366.0,827.0,1269.0,NO
datos_11100030,7.0,-76.75,1980-10-01,1980-10-01,1980-10-01,19.0,185.0,362.0,832.0,1265.0,NO
datos_11100030,7.0,-76.75,1980-10-03,1980-10-03,1980-10-03,26.0,128.0,376.0,798.0,1267.0,NO
datos_11100030,7.0,-76.75,1980-10-04,1980-10-04,1980-10-04,6.0,154.0,402.0,780.0,1282.0,NO
datos_11100030,7.0,-76.75,1980-10-05,1980-10-05,1980-10-05,24.0,159.0,399.0,782.0,1284.0,NO
datos_11100030,7.0,-76.75,1980-10-06,1980-10-06,1980-10-06,5.0,174.0,417.0,806.0,1301.0,NO
datos_11100030,7.0,-76.75,1980-10-08,1980-10-08,1980-10-08,1.0,118.0,413.0,802.0,1279.0,NO
datos_11100030,7.0,-76.75,1980-10-09,1980-10-09,1980-10-09,2.0,99.0,359.0,799.0,1273.0,NO
datos_11100030,7.0,-76.75,1980-10-10,1980-10-10,1980-10-10,17.0,101.0,348.0,779.0,1259.0,NO
datos_11100030,7.0,-76.75,1980-10-11,1980-10-11,1980-10-11,60.0,105.0,358.0,796.0,1266.0,NO
datos_11100030,7.0,-76.75,1980-10-12,1980-10-12,1980-10-12,1.0,160.0,418.0,853.0,1322.0,NO
datos_11100030,7.0,-76.75,1980-10-13,1980-10-13,1980-10-13,7.0,142.0,388.0,852.0,1316.0,NO
datos_11100030,7.0,-76.75,1980-10-14,1980-10-14,1980-10-14,9.0,149.0,395.0,859.0,1314.0,NO
datos_11100030,7.0,-76.75,1980-10-15,1980-10-15,1980-10-15,24.0,132.0,402.0,861.0,1279.0,NO
datos_11100030,7.0,-76.75,1980-10-16,1980-10-16,1980-10-16,4.0,150.0,426.0,829.0,1303.0,NO
datos_11100030,7.0,-76.75,1980-10-17,1980-10-17,1980-10-17,9.0,130.0,430.0,830.0,1269.0,NO
datos_11100030,7.0,-76.75,1980-10-19,1980-10-19,1980-10-19,4.0,134.0,408.0,775.0,1268.0,NO
datos_11100030,7.0,-76.75,1980-10-21,1980-10-21,1980-10-21,3.0,135.0,403.0,766.0,1225.0,NO
datos_11100030,7.0,-76.75,1980-10-22,1980-10-22,1980-10-22,5.0,121.0,333.0,745.0,1221.0,NO
datos_11100030,7.0,-76.75,1980-10-23,1980-10-23,1980-10-23,11.0,66.0,335.0,724.0,1209.0,NO
datos_11100030,7.0,-76.75,1980-10-24,1980-10-24,1980-10-24,21.0,76.0,346.0,733.0,1219.0,NO
datos_11100030,7.0,-76.75,1980-10-26,1980-10-26,1980-10-26,12.0,81.0,357.0,742.0,1170.0,NO
datos_11100030,7.0,-76.75,1980-10-27,1980-10-27,1980-10-27,3.0,69.0,308.0,754.0,1182.0,NO
datos_11100030,7.0,-76.75,1980-10-28,1980-10-28,1980-10-28,50.0,68.0,311.0,754.0,1180.0,NO
datos_11100030,7.0,-76.75,1980-10-29,1980-10-29,1980-10-29,30.0,109.0,341.0,774.0,1155.0,NO
datos_11100030,7.0,-76.75,1980-10-30,1980-10-30,1980-10-30,2.0,139.0,371.0,724.0,1185.0,NO
datos_11100030,7.0,-76.75,1980-10-31,1980-10-31,1980-10-31,34.0,137.0,360.0,717.0,1187.0,NO
datos_11100030,7.0,-76.75,1980-11-01,1980-11-01,1980-11-01,2.0,171.0,389.0,751.0,1170.0,NO
datos_11100030,7.0,-76.75,1980-11-02,1980-11-02,1980-11-02,22.0,170.0,372.0,748.0,1170.0,NO
datos_11100030,7.0,-76.75,1980-11-03,1980-11-03,1980-11-03,8.0,187.0,394.0,770.0,1148.0,NO
datos_11100030,7.0,-76.75,1980-11-04,1980-11-04,1980-11-04,35.0,184.0,376.0,769.0,1152.0,NO
datos_11100030,7.0,-76.75,1980-11-05,1980-11-05,1980-11-05,58.0,198.0,405.0,798.0,1187.0,NO
datos_11100030,7.0,-76.75,1980-11-09,1980-11-09,1980-11-09,35.0,191.0,433.0,779.0,1210.0,NO
datos_11100030,7.0,-76.75,1980-11-10,1980-11-10,1980-11-10,96.0,196.0,466.0,807.0,1245.0,NO
datos_11100030,7.0,-76.75,1980-11-11,1980-11-11,1980-11-11,7.0,290.0,545.0,903.0,1338.0,NO
datos_11100030,7.0,-76.75,1980-11-12,1980-11-12,1980-11-12,30.0,263.0,492.0,879.0,1343.0,NO
datos_11100030,7.0,-76.75,1980-11-13,1980-11-13,1980-11-13,17.0,291.0,521.0,909.0,1373.0,NO
datos_11100030,7.0,-76.75,1980-11-14,1980-11-14,1980-11-14,37.0,286.0,531.0,924.0,1383.0,NO
datos_11100030,7.0,-76.75,1980-11-15,1980-11-15,1980-11-15,7.0,315.0,559.0,961.0,1364.0,NO
datos_11100030,7.0,-76.75,1980-11-16,1980-11-16,1980-11-16,6.0,287.0,542.0,968.0,1368.0,NO
datos_11100030,7.0,-76.75,1980-11-17,1980-11-17,1980-11-17,6.0,235.0,544.0,953.0,1374.0,NO
datos_11100030,7.0,-76.75,1980-11-18,1980-11-18,1980-11-18,7.0,241.0,541.0,949.0,1316.0,NO
datos_11100030,7.0,-76.75,1980-11-19,1980-11-19,1980-11-19,22.0,248.0,548.0,947.0,1321.0,NO
datos_11100030,7.0,-76.75,1980-11-20,1980-11-20,1980-11-20,20.0,270.0,566.0,969.0,1332.0,NO
datos_11100030,7.0,-76.75,1980-11-21,1980-11-21,1980-11-21,61.0,255.0,586.0,916.0,1328.0,NO
datos_11100030,7.0,-76.75,1980-11-22,1980-11-22,1980-11-22,5.0,220.0,644.0,974.0,1363.0,NO
datos_11100030,7.0,-76.75,1980-11-23,1980-11-23,1980-11-23,15.0,218.0,644.0,979.0,1366.0,NO
datos_11100030,7.0,-76.75,1980-11-24,1980-11-24,1980-11-24,10.0,203.0,648.0,993.0,1381.0,NO
datos_11100030,7.0,-76.75,1980-11-25,1980-11-25,1980-11-25,63.0,196.0,637.0,994.0,1379.0,NO
datos_11100030,7.0,-76.75,1980-11-26,1980-11-26,1980-11-26,10.0,222.0,700.0,996.0,1442.0,NO
datos_11100030,7.0,-76.75,1980-11-27,1980-11-27,1980-11-27,20.0,225.0,698.0,1006.0,1449.0,NO
datos_11100030,7.0,-76.75,1980-11-28,1980-11-28,1980-11-28,40.0,239.0,715.0,1006.0,1439.0,NO
datos_11100030,7.0,-76.75,1980-11-29,1980-11-29,1980-11-29,33.0,273.0,705.0,1046.0,1399.0,NO
datos_11100030,7.0,-76.75,1980-11-30,1980-11-30,1980-11-30,5.0,299.0,708.0,1066.0,1423.0,NO
datos_11100030,7.0,-76.75,1980-12-01,1980-12-01,1980-12-01,6.0,282.0,711.0,1066.0,1428.0,NO
datos_11100030,7.0,-76.75,1980-12-02,1980-12-02,1980-12-02,32.0,268.0,683.0,1053.0,1429.0,NO
datos_11100030,7.0,-76.75,1980-12-03,1980-12-03,1980-12-03,35.0,239.0,713.0,1085.0,1461.0,NO
datos_11100030,7.0,-76.75,1980-12-04,1980-12-04,1980-12-04,125.0,269.0,726.0,1094.0,1487.0,NO
datos_11100030,7.0,-76.75,1980-12-05,1980-12-05,1980-12-05,55.0,379.0,843.0,1213.0,1606.0,NO
datos_11100030,7.0,-76.75,1980-12-06,1980-12-06,1980-12-06,55.0,424.0,863.0,1244.0,1654.0,NO
datos_11100030,7.0,-76.75,1980-12-07,1980-12-07,1980-12-07,56.0,416.0,860.0,1294.0,1707.0,NO
datos_11100030,7.0,-76.75,1980-12-08,1980-12-08,1980-12-08,25.0,462.0,916.0,1350.0,1708.0,NO
datos_11100030,7.0,-76.75,1980-12-09,1980-12-09,1980-12-09,55.0,467.0,941.0,1374.0,1720.0,NO
datos_11100030,7.0,-76.75,1980-12-10,1980-12-10,1980-12-10,9.0,482.0,996.0,1427.0,1768.0,NO
datos_11100030,7.0,-76.75,1980-12-11,1980-12-11,1980-12-11,15.0,458.0,970.0,1419.0,1777.0,NO
datos_11100030,7.0,-76.75,1980-12-12,1980-12-12,1980-12-12,5.0,468.0,889.0,1374.0,1761.0,NO
datos_11100030,7.0,-76.75,1980-12-14,1980-12-14,1980-12-14,45.0,435.0,857.0,1371.0,1764.0,NO
datos_11100030,7.0,-76.75,1980-12-15,1980-12-15,1980-12-15,10.0,445.0,885.0,1407.0,1809.0,NO
datos_11100030,7.0,-76.75,1980-12-17,1980-12-17,1980-12-17,5.0,275.0,851.0,1389.0,1798.0,NO
datos_11100030,7.0,-76.75,1980-12-18,1980-12-18,1980-12-18,45.0,225.0,850.0,1385.0,1793.0,NO
datos_11100030,7.0,-76.75,1980-12-19,1980-12-19,1980-12-19,15.0,214.0,889.0,1430.0,1829.0,NO
datos_11100030,7.0,-76.75,1980-12-20,1980-12-20,1980-12-20,5.0,204.0,897.0,1441.0,1844.0,NO
datos_11100030,7.0,-76.75,1980-12-21,1980-12-21,1980-12-21,2.0,154.0,880.0,1446.0,1776.0,NO
datos_11100030,7.0,-76.75,1980-12-22,1980-12-22,1980-12-22,30.0,147.0,862.0,1445.0,1775.0,NO
datos_11100030,7.0,-76.75,1980-12-23,1980-12-23,1980-12-23,26.0,162.0,831.0,1470.0,1805.0,NO
datos_11100030,7.0,-76.75,1980-12-24,1980-12-24,1980-12-24,3.0,183.0,852.0,1485.0,1830.0,NO
datos_11100030,7.0,-76.75,1980-12-25,1980-12-25,1980-12-25,36.0,186.0,840.0,1467.0,1824.0,NO
datos_11100030,7.0,-76.75,1980-12-26,1980-12-26,1980-12-26,2.0,177.0,866.0,1503.0,1799.0,NO
datos_11100030,7.0,-76.75,1980-12-28,1980-12-28,1980-12-28,50.0,169.0,795.0,1490.0,1781.0,NO
datos_11100030,7.0,-76.75,1980-12-29,1980-12-29,1980-12-29,2.0,214.0,825.0,1490.0,1831.0,NO
datos_11100030,7.0,-76.75,1980-12-31,1980-12-31,1980-12-31,32.0,156.0,754.0,1460.0,1815.0,NO
datos_11100030,7.0,-76.75,1981-01-05,1981-01-05,1981-01-05,11.0,122.0,583.0,1391.0,1772.0,NO
datos_11100030,7.0,-76.75,1981-01-06,1981-01-06,1981-01-06,9.0,97.0,539.0,1344.0,1778.0,NO
datos_11100030,7.0,-76.75,1981-01-07,1981-01-07,1981-01-07,4.0,104.0,493.0,1353.0,1787.0,NO
datos_11100030,7.0,-76.75,1981-01-08,1981-01-08,1981-01-08,36.0,108.0,441.0,1357.0,1790.0,NO
datos_11100030,7.0,-76.75,1981-01-09,1981-01-09,1981-01-09,45.0,94.0,452.0,1393.0,1824.0,NO
datos_11100030,7.0,-76.75,1981-01-10,1981-01-10,1981-01-10,2.0,137.0,442.0,1403.0,1852.0,NO
datos_11100030,7.0,-76.75,1981-01-19,1981-01-19,1981-01-19,2.0,83.0,310.0,1192.0,1736.0,NO
datos_11100030,7.0,-76.75,1981-01-21,1981-01-21,1981-01-21,5.0,4.0,292.0,1152.0,1735.0,NO
datos_11100030,7.0,-76.75,1981-01-23,1981-01-23,1981-01-23,128.0,7.0,265.0,1091.0,1724.0,NO
datos_11100030,7.0,-76.75,1981-01-25,1981-01-25,1981-01-25,3.0,135.0,364.0,1194.0,1831.0,NO
datos_11100030,7.0,-76.75,1981-01-27,1981-01-27,1981-01-27,34.0,138.0,329.0,1124.0,1819.0,NO
datos_11100030,7.0,-76.75,1981-01-28,1981-01-28,1981-01-28,10.0,172.0,363.0,1138.0,1803.0,NO
datos_11100030,7.0,-76.75,1981-01-29,1981-01-29,1981-01-29,107.0,182.0,323.0,1108.0,1783.0,NO
datos_11100030,7.0,-76.75,1981-01-30,1981-01-30,1981-01-30,45.0,289.0,428.0,1182.0,1888.0,NO
datos_11100030,7.0,-76.75,1981-01-31,1981-01-31,1981-01-31,22.0,332.0,473.0,1222.0,1899.0,NO
datos_11100030,7.0,-76.75,1982-01-31,1982-01-31,1982-01-31,12.0,0.0,0.0,0.0,0.0,NO
datos_11100030,7.0,-76.75,1982-02-02,1982-02-02,1982-02-02,96.0,12.0,12.0,12.0,12.0,NO
datos_11100030,7.0,-76.75,1982-02-03,1982-02-03,1982-02-03,41.0,108.0,108.0,108.0,108.0,NO
datos_11100030,7.0,-76.75,1982-02-04,1982-02-04,1982-02-04,80.0,149.0,149.0,149.0,149.0,NO
datos_11100030,7.0,-76.75,1982-02-05,1982-02-05,1982-02-05,38.0,229.0,229.0,229.0,229.0,NO
datos_11100030,7.0,-76.75,1982-02-06,1982-02-06,1982-02-06,20.0,267.0,267.0,267.0,267.0,NO
datos_11100030,7.0,-76.75,1982-02-07,1982-02-07,1982-02-07,84.0,287.0,287.0,287.0,287.0,NO
datos_11100030,7.0,-76.75,1982-02-08,1982-02-08,1982-02-08,48.0,371.0,371.0,371.0,371.0,NO
datos_11100030,7.0,-76.75,1982-02-09,1982-02-09,1982-02-09,76.0,419.0,419.0,419.0,419.0,NO
datos_11100030,7.0,-76.75,1982-02-10,1982-02-10,1982-02-10,16.6,495.0,495.0,495.0,495.0,NO
datos_11100030,7.0,-76.75,1982-02-11,1982-02-11,1982-02-11,42.0,511.6,511.6,511.6,511.6,NO
datos_11100030,7.0,-76.75,1982-02-12,1982-02-12,1982-02-12,90.0,541.6,553.6,553.6,553.6,NO
datos_11100030,7.0,-76.75,1982-02-13,1982-02-13,1982-02-13,13.1,631.6,643.6,643.6,643.6,NO
datos_11100030,7.0,-76.75,1982-02-14,1982-02-14,1982-02-14,45.0,548.7,656.7,656.7,656.7,NO
datos_11100030,7.0,-76.75,1982-02-15,1982-02-15,1982-02-15,32.0,552.7,701.7,701.7,701.7,NO
datos_11100030,7.0,-76.75,1982-02-18,1982-02-18,1982-02-18,80.0,446.7,733.7,733.7,733.7,NO
datos_11100030,7.0,-76.75,1982-02-19,1982-02-19,1982-02-19,30.0,442.7,813.7,813.7,813.7,NO
datos_11100030,7.0,-76.75,1982-02-20,1982-02-20,1982-02-20,70.0,424.7,843.7,843.7,843.7,NO
datos_11100030,7.0,-76.75,1982-02-21,1982-02-21,1982-02-21,85.0,418.7,913.7,913.7,913.7,NO
datos_11100030,7.0,-76.75,1982-02-26,1982-02-26,1982-02-26,11.0,297.0,998.7,998.7,998.7,NO
datos_11100030,7.0,-76.75,1982-02-27,1982-02-27,1982-02-27,12.0,276.0,1009.7,1009.7,1009.7,NO
datos_11100030,7.0,-76.75,1982-12-14,1982-12-14,1982-12-14,6.0,0.0,0.0,0.0,0.0,NO
datos_11100030,7.0,-76.75,1982-12-16,1982-12-16,1982-12-16,98.0,6.0,6.0,6.0,6.0,NO
datos_11100030,7.0,-76.75,1982-12-17,1982-12-17,1982-12-17,3.0,104.0,104.0,104.0,104.0,NO
datos_11100030,7.0,-76.75,1982-12-18,1982-12-18,1982-12-18,2.0,107.0,107.0,107.0,107.0,NO
datos_11100030,7.0,-76.75,1982-12-23,1982-12-23,1982-12-23,3.0,109.0,109.0,109.0,109.0,NO
datos_11100030,7.0,-76.75,1982-12-25,1982-12-25,1982-12-25,2.0,112.0,112.0,112.0,112.0,NO
datos_11100030,7.0,-76.75,1982-12-27,1982-12-27,1982-12-27,10.0,108.0,114.0,114.0,114.0,NO
datos_11100030,7.0,-76.75,1983-01-01,1983-01-01,1983-01-01,1.0,15.0,124.0,124.0,124.0,NO
datos_11100030,7.0,-76.75,1983-01-08,1983-01-08,1983-01-08,9.0,1.0,125.0,125.0,125.0,NO
datos_11100030,7.0,-76.75,1983-01-09,1983-01-09,1983-01-09,1.0,10.0,134.0,134.0,134.0,NO
datos_11100030,7.0,-76.75,1983-01-10,1983-01-10,1983-01-10,13.0,11.0,135.0,135.0,135.0,NO
datos_11100030,7.0,-76.75,1983-01-11,1983-01-11,1983-01-11,7.0,24.0,148.0,148.0,148.0,NO
datos_11100030,7.0,-76.75,1983-01-19,1983-01-19,1983-01-19,2.0,30.0,46.0,155.0,155.0,NO
datos_11100030,7.0,-76.75,1983-02-04,1983-02-04,1983-02-04,2.0,0.0,32.0,157.0,157.0,NO
datos_11100030,7.0,-76.75,1983-02-07,1983-02-07,1983-02-07,2.0,2.0,34.0,159.0,159.0,NO
datos_11100030,7.0,-76.75,1983-02-23,1983-02-23,1983-02-23,40.0,0.0,4.0,49.0,161.0,NO
datos_11100030,7.0,-76.75,1983-02-27,1983-02-27,1983-02-27,2.0,40.0,44.0,77.0,201.0,NO
datos_11100030,7.0,-76.75,1983-03-02,1983-03-02,1983-03-02,3.0,42.0,46.0,79.0,203.0,NO
datos_11100030,7.0,-76.75,1983-03-06,1983-03-06,1983-03-06,2.0,45.0,49.0,81.0,206.0,NO
datos_11100030,7.0,-76.75,1983-03-07,1983-03-07,1983-03-07,91.0,7.0,51.0,83.0,208.0,NO
datos_11100030,7.0,-76.75,1983-03-10,1983-03-10,1983-03-10,3.0,98.0,140.0,174.0,299.0,NO
datos_11100030,7.0,-76.75,1983-03-14,1983-03-14,1983-03-14,2.0,96.0,141.0,147.0,302.0,NO
datos_11100030,7.0,-76.75,1983-03-15,1983-03-15,1983-03-15,8.0,98.0,143.0,149.0,304.0,NO
datos_11100030,7.0,-76.75,1983-03-16,1983-03-16,1983-03-16,10.0,106.0,151.0,157.0,306.0,NO
datos_11100030,7.0,-76.75,1983-03-19,1983-03-19,1983-03-19,7.0,23.0,161.0,167.0,215.0,NO
datos_11100030,7.0,-76.75,1983-03-21,1983-03-21,1983-03-21,39.0,30.0,168.0,174.0,220.0,NO
datos_11100030,7.0,-76.75,1983-03-23,1983-03-23,1983-03-23,3.0,66.0,207.0,211.0,259.0,NO
datos_11100030,7.0,-76.75,1983-03-24,1983-03-24,1983-03-24,86.0,69.0,210.0,214.0,262.0,NO
datos_11100030,7.0,-76.75,1983-03-25,1983-03-25,1983-03-25,78.0,155.0,296.0,300.0,345.0,NO
datos_11100030,7.0,-76.75,1983-03-26,1983-03-26,1983-03-26,2.0,231.0,374.0,378.0,423.0,NO
datos_11100030,7.0,-76.75,1983-03-27,1983-03-27,1983-03-27,1.0,225.0,336.0,380.0,423.0,NO
datos_11100030,7.0,-76.75,1983-03-29,1983-03-29,1983-03-29,3.0,216.0,337.0,381.0,414.0,NO
datos_11100030,7.0,-76.75,1983-04-01,1983-04-01,1983-04-01,3.0,212.0,338.0,384.0,417.0,NO
datos_11100030,7.0,-76.75,1983-04-03,1983-04-03,1983-04-03,49.0,176.0,338.0,387.0,419.0,NO
datos_11100030,7.0,-76.75,1983-04-04,1983-04-04,1983-04-04,7.0,222.0,387.0,436.0,468.0,NO
datos_11100030,7.0,-76.75,1983-04-05,1983-04-05,1983-04-05,22.0,143.0,394.0,443.0,475.0,NO
datos_11100030,7.0,-76.75,1983-04-06,1983-04-06,1983-04-06,130.0,87.0,416.0,465.0,497.0,NO
datos_11100030,7.0,-76.75,1983-04-15,1983-04-15,1983-04-15,33.0,159.0,448.0,591.0,597.0,NO
datos_11100030,7.0,-76.75,1983-04-18,1983-04-18,1983-04-18,3.0,33.0,463.0,624.0,630.0,NO
datos_11100030,7.0,-76.75,1983-04-19,1983-04-19,1983-04-19,2.0,36.0,466.0,627.0,633.0,NO
datos_11100030,7.0,-76.75,1983-04-22,1983-04-22,1983-04-22,3.0,38.0,422.0,629.0,633.0,NO
datos_11100030,7.0,-76.75,1983-04-25,1983-04-25,1983-04-25,50.0,41.0,336.0,632.0,636.0,NO
datos_11100030,7.0,-76.75,1983-04-26,1983-04-26,1983-04-26,26.0,91.0,308.0,642.0,686.0,NO
datos_11100030,7.0,-76.75,1983-04-27,1983-04-27,1983-04-27,19.0,84.0,332.0,668.0,712.0,NO
datos_11100030,7.0,-76.75,1983-04-30,1983-04-30,1983-04-30,2.0,100.0,347.0,685.0,731.0,NO
datos_11100030,7.0,-76.75,1983-05-04,1983-05-04,1983-05-04,66.0,97.0,346.0,684.0,733.0,NO
datos_11100030,7.0,-76.75,1983-05-05,1983-05-05,1983-05-05,1.0,163.0,363.0,750.0,799.0,NO
datos_11100030,7.0,-76.75,1983-05-06,1983-05-06,1983-05-06,12.0,164.0,357.0,751.0,800.0,NO
datos_11100030,7.0,-76.75,1983-05-07,1983-05-07,1983-05-07,5.0,126.0,347.0,761.0,810.0,NO
datos_11100030,7.0,-76.75,1983-05-08,1983-05-08,1983-05-08,34.0,105.0,222.0,675.0,815.0,NO
datos_11100030,7.0,-76.75,1983-05-09,1983-05-09,1983-05-09,12.0,120.0,256.0,709.0,849.0,NO
datos_11100030,7.0,-76.75,1983-05-10,1983-05-10,1983-05-10,1.0,132.0,268.0,721.0,859.0,NO
datos_11100030,7.0,-76.75,1983-05-11,1983-05-11,1983-05-11,2.0,133.0,269.0,719.0,860.0,NO
datos_11100030,7.0,-76.75,1983-05-13,1983-05-13,1983-05-13,33.0,133.0,271.0,721.0,862.0,NO
datos_11100030,7.0,-76.75,1983-05-14,1983-05-14,1983-05-14,96.0,166.0,304.0,754.0,895.0,NO
datos_11100030,7.0,-76.75,1983-05-17,1983-05-17,1983-05-17,15.0,195.0,367.0,830.0,991.0,NO
datos_11100030,7.0,-76.75,1983-05-20,1983-05-20,1983-05-20,49.0,159.0,379.0,838.0,1006.0,NO
datos_11100030,7.0,-76.75,1983-05-21,1983-05-21,1983-05-21,19.0,196.0,426.0,887.0,1055.0,NO
datos_11100030,7.0,-76.75,1983-05-22,1983-05-22,1983-05-22,2.0,214.0,445.0,867.0,1074.0,NO
datos_11100030,7.0,-76.75,1983-05-24,1983-05-24,1983-05-24,33.0,214.0,444.0,866.0,1076.0,NO
datos_11100030,7.0,-76.75,1983-05-26,1983-05-26,1983-05-26,11.0,118.0,477.0,735.0,1069.0,NO
datos_11100030,7.0,-76.75,1983-05-27,1983-05-27,1983-05-27,10.0,129.0,438.0,744.0,1080.0,NO
datos_11100030,7.0,-76.75,1983-05-28,1983-05-28,1983-05-28,13.0,139.0,422.0,753.0,1090.0,NO
datos_11100030,7.0,-76.75,1983-05-29,1983-05-29,1983-05-29,6.0,137.0,416.0,766.0,1103.0,NO
datos_11100030,7.0,-76.75,1983-06-01,1983-06-01,1983-06-01,2.0,94.0,420.0,769.0,1107.0,NO
datos_11100030,7.0,-76.75,1983-06-02,1983-06-02,1983-06-02,55.0,77.0,422.0,768.0,1106.0,NO
datos_11100030,7.0,-76.75,1983-06-03,1983-06-03,1983-06-03,10.0,130.0,477.0,823.0,1161.0,NO
datos_11100030,7.0,-76.75,1983-06-08,1983-06-08,1983-06-08,18.0,86.0,403.0,625.0,1078.0,NO
datos_11100030,7.0,-76.75,1983-06-09,1983-06-09,1983-06-09,3.0,91.0,387.0,643.0,1096.0,NO
datos_11100030,7.0,-76.75,1983-06-10,1983-06-10,1983-06-10,19.0,88.0,378.0,646.0,1096.0,NO
datos_11100030,7.0,-76.75,1983-06-12,1983-06-12,1983-06-12,1.0,107.0,394.0,665.0,1115.0,NO
datos_11100030,7.0,-76.75,1983-06-13,1983-06-13,1983-06-13,37.0,106.0,395.0,666.0,1116.0,NO
datos_11100030,7.0,-76.75,1983-06-15,1983-06-15,1983-06-15,34.0,78.0,303.0,703.0,1143.0,NO
datos_11100030,7.0,-76.75,1983-06-16,1983-06-16,1983-06-16,4.0,112.0,337.0,704.0,1167.0,NO
datos_11100030,7.0,-76.75,1983-06-18,1983-06-18,1983-06-18,2.0,116.0,326.0,708.0,1171.0,NO
datos_11100030,7.0,-76.75,1983-06-19,1983-06-19,1983-06-19,25.0,118.0,328.0,707.0,1166.0,NO
datos_11100030,7.0,-76.75,1983-06-22,1983-06-22,1983-06-22,82.0,103.0,285.0,730.0,1152.0,NO
datos_11100030,7.0,-76.75,1983-06-23,1983-06-23,1983-06-23,5.0,185.0,365.0,809.0,1231.0,NO
datos_11100030,7.0,-76.75,1983-06-25,1983-06-25,1983-06-25,2.0,152.0,337.0,814.0,1072.0,NO
datos_11100030,7.0,-76.75,1983-06-26,1983-06-26,1983-06-26,6.0,154.0,339.0,766.0,1072.0,NO
datos_11100030,7.0,-76.75,1983-06-27,1983-06-27,1983-06-27,8.0,126.0,334.0,746.0,1077.0,NO
datos_11100030,7.0,-76.75,1983-06-28,1983-06-28,1983-06-28,10.0,130.0,332.0,735.0,1085.0,NO
datos_11100030,7.0,-76.75,1983-06-30,1983-06-30,1983-06-30,6.0,138.0,323.0,745.0,1092.0,NO
datos_11100030,7.0,-76.75,1983-07-01,1983-07-01,1983-07-01,11.0,119.0,329.0,749.0,1098.0,NO
datos_11100030,7.0,-76.75,1983-07-02,1983-07-02,1983-07-02,39.0,130.0,340.0,760.0,1106.0,NO
datos_11100030,7.0,-76.75,1983-07-03,1983-07-03,1983-07-03,2.0,169.0,377.0,799.0,1145.0,NO
datos_11100030,7.0,-76.75,1983-07-04,1983-07-04,1983-07-04,6.0,89.0,324.0,801.0,1098.0,NO
datos_11100030,7.0,-76.75,1983-07-07,1983-07-07,1983-07-07,13.0,88.0,320.0,728.0,945.0,NO
datos_11100030,7.0,-76.75,1983-07-08,1983-07-08,1983-07-08,36.0,95.0,333.0,736.0,958.0,NO
datos_11100030,7.0,-76.75,1983-07-10,1983-07-10,1983-07-10,7.0,113.0,351.0,726.0,994.0,NO
datos_11100030,7.0,-76.75,1983-07-13,1983-07-13,1983-07-13,2.0,103.0,336.0,730.0,1001.0,NO
datos_11100030,7.0,-76.75,1983-07-14,1983-07-14,1983-07-14,3.0,66.0,337.0,699.0,1003.0,NO
datos_11100030,7.0,-76.75,1983-07-15,1983-07-15,1983-07-15,2.0,67.0,303.0,606.0,1006.0,NO
datos_11100030,7.0,-76.75,1983-07-16,1983-07-16,1983-07-16,29.0,63.0,305.0,608.0,975.0,NO
datos_11100030,7.0,-76.75,1983-07-17,1983-07-17,1983-07-17,7.0,92.0,300.0,637.0,1004.0,NO
datos_11100030,7.0,-76.75,1983-07-18,1983-07-18,1983-07-18,7.0,99.0,303.0,629.0,1011.0,NO
datos_11100030,7.0,-76.75,1983-07-19,1983-07-19,1983-07-19,1.0,93.0,310.0,636.0,1015.0,NO
datos_11100030,7.0,-76.75,1983-07-21,1983-07-21,1983-07-21,17.0,58.0,284.0,588.0,1014.0,NO
datos_11100030,7.0,-76.75,1983-07-22,1983-07-22,1983-07-22,65.0,68.0,301.0,586.0,1031.0,NO
datos_11100030,7.0,-76.75,1983-07-26,1983-07-26,1983-07-26,16.0,128.0,279.0,616.0,1043.0,NO
datos_11100030,7.0,-76.75,1983-07-28,1983-07-28,1983-07-28,3.0,113.0,287.0,611.0,1014.0,NO
datos_11100030,7.0,-76.75,1983-07-29,1983-07-29,1983-07-29,2.0,109.0,282.0,601.0,1017.0,NO
datos_11100030,7.0,-76.75,1983-07-31,1983-07-31,1983-07-31,53.0,103.0,274.0,597.0,1017.0,NO
datos_11100030,7.0,-76.75,1983-08-02,1983-08-02,1983-08-02,20.0,139.0,310.0,648.0,1070.0,NO
datos_11100030,7.0,-76.75,1983-08-03,1983-08-03,1983-08-03,2.0,94.0,291.0,613.0,1090.0,NO
datos_11100030,7.0,-76.75,1983-08-04,1983-08-04,1983-08-04,3.0,96.0,291.0,605.0,1026.0,NO
datos_11100030,7.0,-76.75,1983-08-05,1983-08-05,1983-08-05,6.0,99.0,288.0,608.0,1028.0,NO
datos_11100030,7.0,-76.75,1983-08-06,1983-08-06,1983-08-06,8.0,105.0,294.0,614.0,1022.0,NO
datos_11100030,7.0,-76.75,1983-08-07,1983-08-07,1983-08-07,4.0,97.0,302.0,622.0,1025.0,NO
datos_11100030,7.0,-76.75,1983-08-08,1983-08-08,1983-08-08,5.0,101.0,293.0,626.0,995.0,NO
datos_11100030,7.0,-76.75,1983-08-10,1983-08-10,1983-08-10,9.0,101.0,262.0,610.0,987.0,NO
datos_11100030,7.0,-76.75,1983-08-12,1983-08-12,1983-08-12,25.0,57.0,264.0,600.0,994.0,NO
datos_11100030,7.0,-76.75,1983-08-13,1983-08-13,1983-08-13,12.0,82.0,289.0,624.0,986.0,NO
datos_11100030,7.0,-76.75,1983-08-16,1983-08-16,1983-08-16,25.0,69.0,294.0,565.0,902.0,NO
datos_11100030,7.0,-76.75,1983-08-17,1983-08-17,1983-08-17,20.0,88.0,290.0,586.0,912.0,NO
datos_11100030,7.0,-76.75,1983-08-18,1983-08-18,1983-08-18,86.0,100.0,303.0,606.0,932.0,NO
datos_11100030,7.0,-76.75,1983-08-20,1983-08-20,1983-08-20,9.0,177.0,381.0,665.0,969.0,NO
datos_11100030,7.0,-76.75,1983-08-22,1983-08-22,1983-08-22,9.0,177.0,373.0,674.0,957.0,NO
datos_11100030,7.0,-76.75,1983-08-23,1983-08-23,1983-08-23,4.0,186.0,317.0,601.0,966.0,NO
datos_11100030,7.0,-76.75,1983-08-24,1983-08-24,1983-08-24,4.0,165.0,321.0,600.0,937.0,NO
datos_11100030,7.0,-76.75,1983-08-25,1983-08-25,1983-08-25,7.0,157.0,325.0,604.0,941.0,NO
datos_11100030,7.0,-76.75,1983-08-27,1983-08-27,1983-08-27,5.0,164.0,316.0,603.0,927.0,NO
datos_11100030,7.0,-76.75,1983-08-28,1983-08-28,1983-08-28,10.0,144.0,321.0,600.0,919.0,NO
datos_11100030,7.0,-76.75,1983-08-29,1983-08-29,1983-08-29,4.0,134.0,328.0,600.0,923.0,NO
datos_11100030,7.0,-76.75,1983-08-31,1983-08-31,1983-08-31,2.0,52.0,330.0,598.0,927.0,NO
datos_11100030,7.0,-76.75,1983-09-01,1983-09-01,1983-09-01,3.0,45.0,279.0,589.0,927.0,NO
datos_11100030,7.0,-76.75,1983-09-02,1983-09-02,1983-09-02,5.0,48.0,282.0,553.0,875.0,NO
datos_11100030,7.0,-76.75,1983-09-03,1983-09-03,1983-09-03,1.0,44.0,267.0,556.0,870.0,NO
datos_11100030,7.0,-76.75,1983-09-04,1983-09-04,1983-09-04,20.0,41.0,266.0,551.0,871.0,NO
datos_11100030,7.0,-76.75,1983-09-05,1983-09-05,1983-09-05,20.0,57.0,283.0,571.0,891.0,NO
datos_11100030,7.0,-76.75,1983-09-06,1983-09-06,1983-09-06,33.0,70.0,297.0,591.0,911.0,NO
datos_11100030,7.0,-76.75,1983-09-07,1983-09-07,1983-09-07,7.0,103.0,322.0,611.0,944.0,NO
datos_11100030,7.0,-76.75,1983-09-09,1983-09-09,1983-09-09,35.0,95.0,320.0,582.0,930.0,NO
datos_11100030,7.0,-76.75,1983-09-10,1983-09-10,1983-09-10,27.0,126.0,355.0,610.0,946.0,NO
datos_11100030,7.0,-76.75,1983-09-11,1983-09-11,1983-09-11,13.0,153.0,373.0,637.0,973.0,NO
datos_11100030,7.0,-76.75,1983-09-12,1983-09-12,1983-09-12,22.0,164.0,386.0,650.0,985.0,NO
datos_11100030,7.0,-76.75,1983-09-13,1983-09-13,1983-09-13,27.0,183.0,383.0,670.0,970.0,NO
datos_11100030,7.0,-76.75,1983-09-15,1983-09-15,1983-09-15,34.0,204.0,398.0,692.0,963.0,NO
datos_11100030,7.0,-76.75,1983-09-16,1983-09-16,1983-09-16,20.0,218.0,432.0,697.0,993.0,NO
datos_11100030,7.0,-76.75,1983-09-17,1983-09-17,1983-09-17,31.0,218.0,427.0,710.0,1013.0,NO
datos_11100030,7.0,-76.75,1983-09-18,1983-09-18,1983-09-18,4.0,216.0,438.0,734.0,1042.0,NO
datos_11100030,7.0,-76.75,1983-09-19,1983-09-19,1983-09-19,128.0,213.0,356.0,737.0,1021.0,NO
datos_11100030,7.0,-76.75,1983-09-21,1983-09-21,1983-09-21,8.0,306.0,475.0,848.0,1149.0,NO
datos_11100030,7.0,-76.75,1983-09-22,1983-09-22,1983-09-22,21.0,287.0,483.0,791.0,1075.0,NO
datos_11100030,7.0,-76.75,1983-09-23,1983-09-23,1983-09-23,22.0,295.0,495.0,812.0,1091.0,NO
datos_11100030,7.0,-76.75,1983-09-24,1983-09-24,1983-09-24,31.0,295.0,513.0,834.0,1113.0,NO
datos_11100030,7.0,-76.75,1983-09-25,1983-09-25,1983-09-25,17.0,299.0,540.0,865.0,1142.0,NO
datos_11100030,7.0,-76.75,1983-09-27,1983-09-27,1983-09-27,2.0,282.0,550.0,866.0,1145.0,NO
datos_11100030,7.0,-76.75,1983-09-29,1983-09-29,1983-09-29,13.0,233.0,537.0,863.0,1137.0,NO
datos_11100030,7.0,-76.75,1983-09-30,1983-09-30,1983-09-30,56.0,242.0,546.0,876.0,1144.0,NO
datos_11100030,7.0,-76.75,1983-10-01,1983-10-01,1983-10-01,2.0,170.0,602.0,879.0,1189.0,NO
datos_11100030,7.0,-76.75,1983-10-02,1983-10-02,1983-10-02,3.0,172.0,602.0,881.0,1152.0,NO
datos_11100030,7.0,-76.75,1983-10-03,1983-10-03,1983-10-03,4.0,167.0,602.0,864.0,1153.0,NO
datos_11100030,7.0,-76.75,1983-10-04,1983-10-04,1983-10-04,6.0,150.0,601.0,866.0,1151.0,NO
datos_11100030,7.0,-76.75,1983-10-05,1983-10-05,1983-10-05,34.0,134.0,606.0,869.0,1157.0,NO
datos_11100030,7.0,-76.75,1983-10-07,1983-10-07,1983-10-07,2.0,120.0,600.0,889.0,1178.0,NO
datos_11100030,7.0,-76.75,1983-10-08,1983-10-08,1983-10-08,15.0,122.0,569.0,887.0,1144.0,NO
datos_11100030,7.0,-76.75,1983-10-10,1983-10-10,1983-10-10,35.0,135.0,577.0,897.0,1152.0,NO
datos_11100030,7.0,-76.75,1983-10-12,1983-10-12,1983-10-12,13.0,101.0,550.0,923.0,1187.0,NO
datos_11100030,7.0,-76.75,1983-10-13,1983-10-13,1983-10-13,40.0,112.0,550.0,911.0,1198.0,NO
datos_11100030,7.0,-76.75,1983-10-14,1983-10-14,1983-10-14,8.0,149.0,568.0,939.0,1235.0,NO
datos_11100030,7.0,-76.75,1983-10-15,1983-10-15,1983-10-15,12.0,153.0,549.0,947.0,1241.0,NO
datos_11100030,7.0,-76.75,1983-10-16,1983-10-16,1983-10-16,1.0,159.0,561.0,959.0,1224.0,NO
datos_11100030,7.0,-76.75,1983-10-17,1983-10-17,1983-10-17,21.0,126.0,528.0,935.0,1218.0,NO
datos_11100030,7.0,-76.75,1983-10-18,1983-10-18,1983-10-18,5.0,147.0,529.0,936.0,1232.0,NO
datos_11100030,7.0,-76.75,1983-10-19,1983-10-19,1983-10-19,1.0,150.0,503.0,855.0,1236.0,NO
datos_11100030,7.0,-76.75,1983-10-21,1983-10-21,1983-10-21,41.0,136.0,372.0,847.0,1220.0,NO
datos_11100030,7.0,-76.75,1983-10-23,1983-10-23,1983-10-23,20.0,142.0,405.0,879.0,1196.0,NO
datos_11100030,7.0,-76.75,1983-10-24,1983-10-24,1983-10-24,43.0,149.0,404.0,895.0,1216.0,NO
datos_11100030,7.0,-76.75,1983-10-25,1983-10-25,1983-10-25,3.0,152.0,425.0,934.0,1259.0,NO
datos_11100030,7.0,-76.75,1983-10-26,1983-10-26,1983-10-26,18.0,147.0,397.0,930.0,1246.0,NO
datos_11100030,7.0,-76.75,1983-10-27,1983-10-27,1983-10-27,21.0,153.0,398.0,948.0,1264.0,NO
datos_11100030,7.0,-76.75,1983-10-28,1983-10-28,1983-10-28,20.0,173.0,419.0,964.0,1282.0,NO
datos_11100030,7.0,-76.75,1983-11-03,1983-11-03,1983-11-03,5.0,125.0,363.0,960.0,1225.0,NO
datos_11100030,7.0,-76.75,1983-11-05,1983-11-05,1983-11-05,90.0,67.0,358.0,944.0,1221.0,NO
datos_11100030,7.0,-76.75,1983-11-06,1983-11-06,1983-11-06,1.0,154.0,414.0,1014.0,1303.0,NO
datos_11100030,7.0,-76.75,1983-11-07,1983-11-07,1983-11-07,23.0,137.0,415.0,982.0,1300.0,NO
datos_11100030,7.0,-76.75,1983-11-08,1983-11-08,1983-11-08,1.0,139.0,436.0,998.0,1318.0,NO
datos_11100030,7.0,-76.75,1983-11-09,1983-11-09,1983-11-09,7.0,120.0,422.0,999.0,1319.0,NO
datos_11100030,7.0,-76.75,1983-11-11,1983-11-11,1983-11-11,1.0,127.0,394.0,944.0,1317.0,NO
datos_11100030,7.0,-76.75,1983-11-12,1983-11-12,1983-11-12,87.0,128.0,395.0,932.0,1293.0,NO
datos_11100030,7.0,-76.75,1983-11-13,1983-11-13,1983-11-13,25.0,215.0,469.0,997.0,1368.0,NO
datos_11100030,7.0,-76.75,1983-11-14,1983-11-14,1983-11-14,2.0,240.0,454.0,995.0,1393.0,NO
datos_11100030,7.0,-76.75,1983-11-16,1983-11-16,1983-11-16,42.0,237.0,436.0,963.0,1370.0,NO
datos_11100030,7.0,-76.75,1983-11-17,1983-11-17,1983-11-17,54.0,189.0,477.0,985.0,1392.0,NO
datos_11100030,7.0,-76.75,1983-11-18,1983-11-18,1983-11-18,1.0,242.0,510.0,1008.0,1360.0,NO
datos_11100030,7.0,-76.75,1983-11-19,1983-11-19,1983-11-19,48.0,220.0,506.0,1005.0,1361.0,NO
datos_11100030,7.0,-76.75,1983-11-20,1983-11-20,1983-11-20,4.0,267.0,553.0,925.0,1400.0,NO
datos_11100030,7.0,-76.75,1983-11-22,1983-11-22,1983-11-22,2.0,264.0,516.0,921.0,1395.0,NO
datos_11100030,7.0,-76.75,1983-11-23,1983-11-23,1983-11-23,102.0,265.0,518.0,902.0,1393.0,NO
datos_11100030,7.0,-76.75,1983-11-25,1983-11-25,1983-11-25,133.0,255.0,557.0,951.0,1484.0,NO
datos_11100030,7.0,-76.75,1983-11-26,1983-11-26,1983-11-26,16.0,386.0,687.0,1067.0,1617.0,NO
datos_11100030,7.0,-76.75,1983-11-27,1983-11-27,1983-11-27,6.0,402.0,685.0,1083.0,1628.0,NO
datos_11100030,7.0,-76.75,1983-11-28,1983-11-28,1983-11-28,1.0,366.0,670.0,1087.0,1624.0,NO
datos_11100030,7.0,-76.75,1983-11-29,1983-11-29,1983-11-29,9.0,313.0,651.0,1088.0,1621.0,NO
datos_11100030,7.0,-76.75,1983-11-30,1983-11-30,1983-11-30,11.0,321.0,660.0,1084.0,1630.0,NO
datos_11100030,7.0,-76.75,1983-12-01,1983-12-01,1983-12-01,60.0,284.0,671.0,1039.0,1639.0,NO
datos_11100030,7.0,-76.75,1983-12-02,1983-12-02,1983-12-02,6.0,340.0,731.0,1097.0,1696.0,NO
datos_11100030,7.0,-76.75,1983-12-03,1983-12-03,1983-12-03,50.0,346.0,737.0,1100.0,1697.0,NO
datos_11100030,7.0,-76.75,1983-12-04,1983-12-04,1983-12-04,2.0,394.0,787.0,1146.0,1746.0,NO
datos_11100030,7.0,-76.75,1983-12-05,1983-12-05,1983-12-05,3.0,294.0,784.0,1142.0,1728.0,NO
datos_11100030,7.0,-76.75,1983-12-06,1983-12-06,1983-12-06,11.0,297.0,787.0,1111.0,1711.0,NO
datos_11100030,7.0,-76.75,1983-12-07,1983-12-07,1983-12-07,10.0,175.0,708.0,1122.0,1689.0,NO
datos_11100030,7.0,-76.75,1983-12-08,1983-12-08,1983-12-08,2.0,169.0,717.0,1130.0,1692.0,NO
datos_11100030,7.0,-76.75,1983-12-09,1983-12-09,1983-12-09,1.0,165.0,696.0,1117.0,1694.0,NO
datos_11100030,7.0,-76.75,1983-12-10,1983-12-10,1983-12-10,2.0,165.0,696.0,1118.0,1660.0,NO
datos_11100030,7.0,-76.75,1983-12-13,1983-12-13,1983-12-13,1.0,87.0,690.0,1072.0,1600.0,NO
datos_11100030,7.0,-76.75,1983-12-14,1983-12-14,1983-12-14,13.0,82.0,604.0,1033.0,1574.0,NO
datos_11100030,7.0,-76.75,1983-12-15,1983-12-15,1983-12-15,6.0,45.0,592.0,1038.0,1587.0,NO
datos_11100030,7.0,-76.75,1983-12-16,1983-12-16,1983-12-16,29.0,49.0,596.0,1032.0,1559.0,NO
datos_11100030,7.0,-76.75,1983-12-18,1983-12-18,1983-12-18,40.0,64.0,583.0,1039.0,1537.0,NO
datos_11100030,7.0,-76.75,1983-12-19,1983-12-19,1983-12-19,30.0,94.0,569.0,1074.0,1573.0,NO
datos_11100030,7.0,-76.75,1983-12-20,1983-12-20,1983-12-20,10.0,122.0,598.0,1103.0,1475.0,NO
datos_11100030,7.0,-76.75,1983-12-21,1983-12-21,1983-12-21,109.0,131.0,560.0,1113.0,1485.0,NO
datos_11100030,7.0,-76.75,1983-12-22,1983-12-22,1983-12-22,29.0,238.0,665.0,1181.0,1586.0,NO
datos_11100030,7.0,-76.75,1983-12-25,1983-12-25,1983-12-25,5.0,266.0,590.0,1147.0,1541.0,NO
datos_11100030,7.0,-76.75,1983-12-28,1983-12-28,1983-12-28,3.0,223.0,446.0,1110.0,1527.0,NO
datos_11100030,7.0,-76.75,1983-12-29,1983-12-29,1983-12-29,2.0,226.0,443.0,1093.0,1530.0,NO
datos_11100030,7.0,-76.75,1983-12-30,1983-12-30,1983-12-30,13.0,188.0,444.0,1095.0,1519.0,NO
datos_11100030,7.0,-76.75,1983-12-31,1983-12-31,1983-12-31,21.0,171.0,448.0,1108.0,1476.0,NO
datos_11100030,7.0,-76.75,1984-01-01,1984-01-01,1984-01-01,5.0,182.0,458.0,1129.0,1495.0,NO
datos_11100030,7.0,-76.75,1984-01-02,1984-01-02,1984-01-02,2.0,78.0,403.0,1134.0,1497.0,NO
datos_11100030,7.0,-76.75,1984-01-03,1984-01-03,1984-01-03,1.0,51.0,399.0,1136.0,1495.0,NO
datos_11100030,7.0,-76.75,1984-01-05,1984-01-05,1984-01-05,3.0,52.0,348.0,1132.0,1456.0,NO
datos_11100030,7.0,-76.75,1984-01-08,1984-01-08,1984-01-08,4.0,50.0,327.0,1021.0,1442.0,NO
datos_11100030,7.0,-76.75,1984-01-09,1984-01-09,1984-01-09,7.0,51.0,329.0,1024.0,1446.0,NO
datos_11100030,7.0,-76.75,1984-01-10,1984-01-10,1984-01-10,7.0,56.0,335.0,1024.0,1418.0,NO
datos_11100030,7.0,-76.75,1984-01-11,1984-01-11,1984-01-11,29.0,50.0,340.0,1031.0,1425.0,NO
datos_11100030,7.0,-76.75,1984-01-12,1984-01-12,1984-01-12,2.0,58.0,369.0,1059.0,1441.0,NO
datos_11100030,7.0,-76.75,1984-01-13,1984-01-13,1984-01-13,21.0,55.0,371.0,974.0,1403.0,NO
datos_11100030,7.0,-76.75,1984-01-14,1984-01-14,1984-01-14,3.0,74.0,391.0,970.0,1416.0,NO
datos_11100030,7.0,-76.75,1984-01-15,1984-01-15,1984-01-15,20.0,76.0,381.0,971.0,1407.0,NO
datos_11100030,7.0,-76.75,1984-01-16,1984-01-16,1984-01-16,2.0,96.0,395.0,991.0,1426.0,NO
datos_11100030,7.0,-76.75,1984-01-17,1984-01-17,1984-01-17,10.0,95.0,368.0,951.0,1407.0,NO
datos_11100030,7.0,-76.75,1984-01-18,1984-01-18,1984-01-18,47.0,105.0,378.0,907.0,1412.0,NO
datos_11100030,7.0,-76.75,1984-01-19,1984-01-19,1984-01-19,67.0,152.0,385.0,953.0,1458.0,NO
datos_11100030,7.0,-76.75,1984-01-20,1984-01-20,1984-01-20,61.0,215.0,422.0,972.0,1525.0,NO
datos_11100030,7.0,-76.75,1984-01-21,1984-01-21,1984-01-21,4.0,269.0,473.0,1029.0,1545.0,NO
datos_11100030,7.0,-76.75,1984-01-22,1984-01-22,1984-01-22,53.0,266.0,368.0,1033.0,1549.0,NO
datos_11100030,7.0,-76.75,1984-01-23,1984-01-23,1984-01-23,67.0,290.0,392.0,1084.0,1582.0,NO
datos_11100030,7.0,-76.75,1984-01-24,1984-01-24,1984-01-24,30.0,355.0,459.0,1049.0,1606.0,NO
datos_11100030,7.0,-76.75,1984-01-25,1984-01-25,1984-01-25,4.0,364.0,489.0,1079.0,1633.0,NO
datos_11100030,7.0,-76.75,1984-01-26,1984-01-26,1984-01-26,2.0,365.0,488.0,950.0,1619.0,NO
datos_11100030,7.0,-76.75,1984-01-27,1984-01-27,1984-01-27,15.0,347.0,490.0,936.0,1600.0,NO
datos_11100030,7.0,-76.75,1984-01-28,1984-01-28,1984-01-28,21.0,360.0,505.0,945.0,1595.0,NO
datos_11100030,7.0,-76.75,1984-01-29,1984-01-29,1984-01-29,5.0,371.0,523.0,965.0,1616.0,NO
datos_11100030,7.0,-76.75,1984-01-30,1984-01-30,1984-01-30,17.0,329.0,526.0,961.0,1621.0,NO
datos_11100030,7.0,-76.75,1984-02-03,1984-02-03,1984-02-03,5.0,161.0,502.0,851.0,1633.0,NO
datos_11100030,7.0,-76.75,1984-02-04,1984-02-04,1984-02-04,15.0,99.0,506.0,854.0,1638.0,NO
datos_11100030,7.0,-76.75,1984-02-05,1984-02-05,1984-02-05,22.0,84.0,521.0,866.0,1563.0,NO
datos_11100030,7.0,-76.75,1984-02-06,1984-02-06,1984-02-06,54.0,102.0,540.0,877.0,1584.0,NO
datos_11100030,7.0,-76.75,1984-02-07,1984-02-07,1984-02-07,1.0,154.0,594.0,921.0,1615.0,NO
datos_11100030,7.0,-76.75,1984-02-08,1984-02-08,1984-02-08,51.0,140.0,595.0,920.0,1615.0,NO
datos_11100030,7.0,-76.75,1984-02-09,1984-02-09,1984-02-09,54.0,170.0,642.0,970.0,1659.0,NO
datos_11100030,7.0,-76.75,1984-02-10,1984-02-10,1984-02-10,43.0,219.0,689.0,1022.0,1713.0,NO
datos_11100030,7.0,-76.75,1984-02-11,1984-02-11,1984-02-11,3.0,245.0,725.0,1065.0,1755.0,NO
datos_11100030,7.0,-76.75,1984-02-13,1984-02-13,1984-02-13,50.0,248.0,697.0,1067.0,1646.0,NO
datos_11100030,7.0,-76.75,1984-02-17,1984-02-17,1984-02-17,16.0,256.0,701.0,1069.0,1598.0,NO
datos_11100030,7.0,-76.75,1984-02-18,1984-02-18,1984-02-18,2.0,218.0,707.0,1045.0,1613.0,NO
datos_11100030,7.0,-76.75,1984-02-19,1984-02-19,1984-02-19,10.0,219.0,662.0,1017.0,1567.0,NO
datos_11100030,7.0,-76.75,1984-02-20,1984-02-20,1984-02-20,13.0,178.0,605.0,1017.0,1573.0,NO
datos_11100030,7.0,-76.75,1984-02-22,1984-02-22,1984-02-22,30.0,94.0,553.0,892.0,1584.0,NO
datos_11100030,7.0,-76.75,1984-02-23,1984-02-23,1984-02-23,40.0,121.0,530.0,922.0,1512.0,NO
datos_11100030,7.0,-76.75,1984-02-25,1984-02-25,1984-02-25,13.0,111.0,473.0,957.0,1419.0,NO
datos_11100030,7.0,-76.75,1984-02-26,1984-02-26,1984-02-26,17.0,124.0,482.0,970.0,1416.0,NO
datos_11100030,7.0,-76.75,1984-02-27,1984-02-27,1984-02-27,7.0,141.0,497.0,987.0,1427.0,NO
datos_11100030,7.0,-76.75,1984-02-28,1984-02-28,1984-02-28,17.0,148.0,489.0,991.0,1433.0,NO
datos_11100030,7.0,-76.75,1984-02-29,1984-02-29,1984-02-29,21.0,149.0,485.0,1006.0,1441.0,NO
datos_11100030,7.0,-76.75,1984-03-02,1984-03-02,1984-03-02,96.0,158.0,484.0,993.0,1391.0,NO
datos_11100030,7.0,-76.75,1984-03-03,1984-03-03,1984-03-03,4.0,241.0,580.0,1084.0,1481.0,NO
datos_11100030,7.0,-76.75,1984-03-05,1984-03-05,1984-03-05,35.0,215.0,584.0,1085.0,1433.0,NO
datos_11100030,7.0,-76.75,1984-03-07,1984-03-07,1984-03-07,69.0,210.0,599.0,1117.0,1454.0,NO
datos_11100030,7.0,-76.75,1984-03-08,1984-03-08,1984-03-08,5.0,266.0,646.0,1186.0,1513.0,NO
datos_11100030,7.0,-76.75,1984-03-16,1984-03-16,1984-03-16,7.0,109.0,395.0,1118.0,1493.0,NO
datos_11100030,7.0,-76.75,1984-03-21,1984-03-21,1984-03-21,30.0,7.0,384.0,979.0,1391.0,NO
datos_11100030,7.0,-76.75,1984-03-23,1984-03-23,1984-03-23,6.0,37.0,391.0,944.0,1283.0,NO
datos_11100030,7.0,-76.75,1984-03-26,1984-03-26,1984-03-26,37.0,43.0,327.0,800.0,1284.0,NO
datos_11100030,7.0,-76.75,1984-03-28,1984-03-28,1984-03-28,20.0,73.0,351.0,831.0,1321.0,NO
datos_11100030,7.0,-76.75,1984-03-29,1984-03-29,1984-03-29,10.0,93.0,354.0,836.0,1338.0,NO
datos_11100030,7.0,-76.75,1984-03-30,1984-03-30,1984-03-30,35.0,103.0,357.0,825.0,1346.0,NO
datos_11100030,7.0,-76.75,1984-03-31,1984-03-31,1984-03-31,88.0,138.0,375.0,855.0,1368.0,NO
datos_11100030,7.0,-76.75,1984-04-01,1984-04-01,1984-04-01,70.0,226.0,442.0,926.0,1435.0,NO
datos_11100030,7.0,-76.75,1984-04-03,1984-04-03,1984-04-03,25.0,266.0,416.0,996.0,1498.0,NO
datos_11100030,7.0,-76.75,1984-04-06,1984-04-06,1984-04-06,3.0,285.0,402.0,1001.0,1519.0,NO
datos_11100030,7.0,-76.75,1984-04-07,1984-04-07,1984-04-07,8.0,251.0,405.0,982.0,1522.0,NO
datos_11100030,7.0,-76.75,1984-04-08,1984-04-08,1984-04-08,12.0,259.0,344.0,936.0,1530.0,NO
datos_11100030,7.0,-76.75,1984-04-10,1984-04-10,1984-04-10,8.0,241.0,351.0,896.0,1531.0,NO
datos_11100030,7.0,-76.75,1984-04-12,1984-04-12,1984-04-12,10.0,126.0,359.0,807.0,1503.0,NO
datos_11100030,7.0,-76.75,1984-04-13,1984-04-13,1984-04-13,16.0,66.0,369.0,814.0,1511.0,NO
datos_11100030,7.0,-76.75,1984-04-14,1984-04-14,1984-04-14,2.0,82.0,385.0,830.0,1506.0,NO
datos_11100030,7.0,-76.75,1984-04-15,1984-04-15,1984-04-15,135.0,59.0,387.0,782.0,1505.0,NO
datos_11100030,7.0,-76.75,1984-04-16,1984-04-16,1984-04-16,143.0,194.0,522.0,917.0,1620.0,NO
datos_11100030,7.0,-76.75,1984-04-17,1984-04-17,1984-04-17,2.0,337.0,658.0,1060.0,1761.0,NO
datos_11100030,7.0,-76.75,1984-04-20,1984-04-20,1984-04-20,12.0,316.0,660.0,1044.0,1639.0,NO
datos_11100030,7.0,-76.75,1984-04-22,1984-04-22,1984-04-22,80.0,320.0,642.0,1033.0,1586.0,NO
datos_11100030,7.0,-76.75,1984-04-23,1984-04-23,1984-04-23,20.0,400.0,722.0,1113.0,1613.0,NO
datos_11100030,7.0,-76.75,1984-04-24,1984-04-24,1984-04-24,58.0,410.0,736.0,1103.0,1566.0,NO
datos_11100030,7.0,-76.75,1984-04-26,1984-04-26,1984-04-26,41.0,450.0,794.0,1121.0,1590.0,NO
datos_11100030,7.0,-76.75,1984-04-27,1984-04-27,1984-04-27,43.0,356.0,798.0,1149.0,1629.0,NO
datos_11100030,7.0,-76.75,1984-04-28,1984-04-28,1984-04-28,52.0,256.0,841.0,1175.0,1657.0,NO
datos_11100030,7.0,-76.75,1984-04-29,1984-04-29,1984-04-29,1.0,306.0,873.0,1220.0,1688.0,NO
datos_11100030,7.0,-76.75,1984-05-01,1984-05-01,1984-05-01,10.0,307.0,829.0,1183.0,1667.0,NO
datos_11100030,7.0,-76.75,1984-05-02,1984-05-02,1984-05-02,5.0,305.0,751.0,1193.0,1677.0,NO
datos_11100030,7.0,-76.75,1984-05-05,1984-05-05,1984-05-05,7.0,210.0,661.0,1098.0,1677.0,NO
datos_11100030,7.0,-76.75,1984-05-07,1984-05-07,1984-05-07,92.0,159.0,668.0,1070.0,1647.0,NO
datos_11100030,7.0,-76.75,1984-05-08,1984-05-08,1984-05-08,21.0,210.0,757.0,1093.0,1685.0,NO
datos_11100030,7.0,-76.75,1984-05-09,1984-05-09,1984-05-09,5.0,188.0,770.0,1109.0,1705.0,NO
datos_11100030,7.0,-76.75,1984-05-10,1984-05-10,1984-05-10,32.0,141.0,763.0,1114.0,1659.0,NO
datos_11100030,7.0,-76.75,1984-05-11,1984-05-11,1984-05-11,21.0,172.0,795.0,1146.0,1637.0,NO
datos_11100030,7.0,-76.75,1984-05-13,1984-05-13,1984-05-13,40.0,183.0,808.0,1167.0,1612.0,NO
datos_11100030,7.0,-76.75,1984-05-16,1984-05-16,1984-05-16,16.0,218.0,820.0,1207.0,1602.0,NO
datos_11100030,7.0,-76.75,1984-05-17,1984-05-17,1984-05-17,72.0,227.0,701.0,1216.0,1618.0,NO
datos_11100030,7.0,-76.75,1984-05-19,1984-05-19,1984-05-19,30.0,207.0,628.0,1288.0,1674.0,NO
datos_11100030,7.0,-76.75,1984-05-20,1984-05-20,1984-05-20,25.0,216.0,658.0,1318.0,1702.0,NO
datos_11100030,7.0,-76.75,1984-05-22,1984-05-22,1984-05-22,5.0,204.0,671.0,1313.0,1704.0,NO
datos_11100030,7.0,-76.75,1984-05-24,1984-05-24,1984-05-24,45.0,188.0,596.0,1312.0,1679.0,NO
datos_11100030,7.0,-76.75,1984-05-25,1984-05-25,1984-05-25,5.0,193.0,621.0,1357.0,1684.0,NO
datos_11100030,7.0,-76.75,1984-05-29,1984-05-29,1984-05-29,20.0,110.0,484.0,1305.0,1652.0,NO
datos_11100030,7.0,-76.75,1984-05-30,1984-05-30,1984-05-30,42.0,130.0,452.0,1315.0,1655.0,NO
datos_11100030,7.0,-76.75,1984-05-31,1984-05-31,1984-05-31,22.0,142.0,493.0,1322.0,1676.0,NO
datos_11100030,7.0,-76.75,1984-06-02,1984-06-02,1984-06-02,8.0,139.0,505.0,1186.0,1602.0,NO
datos_11100030,7.0,-76.75,1984-06-03,1984-06-03,1984-06-03,2.0,142.0,508.0,1194.0,1606.0,NO
datos_11100030,7.0,-76.75,1984-06-04,1984-06-04,1984-06-04,10.0,144.0,510.0,1171.0,1608.0,NO
datos_11100030,7.0,-76.75,1984-06-05,1984-06-05,1984-06-05,9.0,109.0,520.0,1181.0,1583.0,NO
datos_11100030,7.0,-76.75,1984-06-06,1984-06-06,1984-06-06,30.0,113.0,522.0,1190.0,1592.0,NO
datos_11100030,7.0,-76.75,1984-06-08,1984-06-08,1984-06-08,17.0,143.0,460.0,1209.0,1548.0,NO
datos_11100030,7.0,-76.75,1984-06-09,1984-06-09,1984-06-09,15.0,160.0,456.0,1214.0,1565.0,NO
datos_11100030,7.0,-76.75,1984-06-10,1984-06-10,1984-06-10,115.0,155.0,466.0,1229.0,1580.0,NO
datos_11100030,7.0,-76.75,1984-06-11,1984-06-11,1984-06-11,12.0,228.0,549.0,1336.0,1695.0,NO
datos_11100030,7.0,-76.75,1984-06-12,1984-06-12,1984-06-12,2.0,218.0,540.0,1348.0,1707.0,NO
datos_11100030,7.0,-76.75,1984-06-13,1984-06-13,1984-06-13,20.0,220.0,542.0,1340.0,1709.0,NO
datos_11100030,7.0,-76.75,1984-06-14,1984-06-14,1984-06-14,90.0,232.0,522.0,1344.0,1729.0,NO
datos_11100030,7.0,-76.75,1984-06-15,1984-06-15,1984-06-15,2.0,320.0,612.0,1432.0,1819.0,NO
datos_11100030,7.0,-76.75,1984-06-16,1984-06-16,1984-06-16,50.0,312.0,614.0,1299.0,1814.0,NO
datos_11100030,7.0,-76.75,1984-06-17,1984-06-17,1984-06-17,13.0,353.0,648.0,1206.0,1864.0,NO
datos_11100030,7.0,-76.75,1984-06-18,1984-06-18,1984-06-18,7.0,336.0,589.0,1217.0,1877.0,NO
datos_11100030,7.0,-76.75,1984-06-19,1984-06-19,1984-06-19,78.0,343.0,596.0,1224.0,1884.0,NO
datos_11100030,7.0,-76.75,1984-06-20,1984-06-20,1984-06-20,12.0,404.0,644.0,1302.0,1962.0,NO
datos_11100030,7.0,-76.75,1984-06-21,1984-06-21,1984-06-21,10.0,401.0,631.0,1302.0,1944.0,NO
datos_11100030,7.0,-76.75,1984-06-22,1984-06-22,1984-06-22,15.0,296.0,641.0,1312.0,1954.0,NO
datos_11100030,7.0,-76.75,1984-06-23,1984-06-23,1984-06-23,50.0,299.0,651.0,1247.0,1963.0,NO
datos_11100030,7.0,-76.75,1984-06-25,1984-06-25,1984-06-25,26.0,327.0,656.0,1219.0,2013.0,NO
datos_11100030,7.0,-76.75,1984-06-26,1984-06-26,1984-06-26,27.0,263.0,677.0,1245.0,2002.0,NO
datos_11100030,7.0,-76.75,1984-06-27,1984-06-27,1984-06-27,3.0,288.0,704.0,1231.0,2029.0,NO
datos_11100030,7.0,-76.75,1984-06-29,1984-06-29,1984-06-29,55.0,228.0,707.0,1139.0,2002.0,NO
datos_11100030,7.0,-76.75,1984-06-30,1984-06-30,1984-06-30,8.0,276.0,742.0,1193.0,2022.0,NO
datos_11100030,7.0,-76.75,1984-07-02,1984-07-02,1984-07-02,10.0,194.0,686.0,1191.0,1872.0,NO
datos_11100030,7.0,-76.75,1984-07-03,1984-07-03,1984-07-03,93.0,194.0,696.0,1196.0,1882.0,NO
datos_11100030,7.0,-76.75,1984-07-05,1984-07-05,1984-07-05,17.0,222.0,779.0,1289.0,1950.0,NO
datos_11100030,7.0,-76.75,1984-07-09,1984-07-09,1984-07-09,12.0,183.0,747.0,1186.0,1944.0,NO
datos_11100030,7.0,-76.75,1984-07-12,1984-07-12,1984-07-12,8.0,132.0,612.0,1140.0,1948.0,NO
datos_11100030,7.0,-76.75,1984-07-13,1984-07-13,1984-07-13,29.0,140.0,608.0,1148.0,1946.0,NO
datos_11100030,7.0,-76.75,1984-07-16,1984-07-16,1984-07-16,5.0,66.0,525.0,1137.0,1822.0,NO
datos_11100030,7.0,-76.75,1984-07-18,1984-07-18,1984-07-18,27.0,54.0,478.0,1054.0,1682.0,NO
datos_11100030,7.0,-76.75,1984-07-19,1984-07-19,1984-07-19,13.0,81.0,492.0,1081.0,1709.0,NO
datos_11100030,7.0,-76.75,1984-07-20,1984-07-20,1984-07-20,66.0,94.0,498.0,1064.0,1722.0,NO
datos_11100030,7.0,-76.75,1984-07-21,1984-07-21,1984-07-21,12.0,148.0,486.0,1105.0,1776.0,NO
datos_11100030,7.0,-76.75,1984-07-22,1984-07-22,1984-07-22,7.0,160.0,486.0,1117.0,1788.0,NO
datos_11100030,7.0,-76.75,1984-07-23,1984-07-23,1984-07-23,10.0,167.0,483.0,1119.0,1715.0,NO
datos_11100030,7.0,-76.75,1984-07-24,1984-07-24,1984-07-24,35.0,169.0,478.0,1129.0,1705.0,NO
datos_11100030,7.0,-76.75,1984-07-27,1984-07-27,1984-07-27,85.0,175.0,437.0,1114.0,1641.0,NO
datos_11100030,7.0,-76.75,1984-07-29,1984-07-29,1984-07-29,32.0,255.0,492.0,1199.0,1631.0,NO
datos_11100030,7.0,-76.75,1984-07-30,1984-07-30,1984-07-30,24.0,260.0,524.0,1211.0,1662.0,NO
datos_11100030,7.0,-76.75,1984-07-31,1984-07-31,1984-07-31,43.0,271.0,493.0,1193.0,1686.0,NO
datos_11100030,7.0,-76.75,1984-08-01,1984-08-01,1984-08-01,42.0,248.0,528.0,1214.0,1719.0,NO
datos_11100030,7.0,-76.75,1984-08-03,1984-08-03,1984-08-03,13.0,271.0,560.0,1248.0,1756.0,NO
datos_11100030,7.0,-76.75,1984-08-06,1984-08-06,1984-08-06,3.0,239.0,463.0,1240.0,1762.0,NO
datos_11100030,7.0,-76.75,1984-08-07,1984-08-07,1984-08-07,12.0,242.0,466.0,1213.0,1673.0,NO
datos_11100030,7.0,-76.75,1984-08-08,1984-08-08,1984-08-08,10.0,169.0,478.0,1225.0,1664.0,NO
datos_11100030,7.0,-76.75,1984-08-09,1984-08-09,1984-08-09,3.0,179.0,488.0,1218.0,1669.0,NO
datos_11100030,7.0,-76.75,1984-08-11,1984-08-11,1984-08-11,39.0,126.0,479.0,1091.0,1619.0,NO
datos_11100030,7.0,-76.75,1984-08-13,1984-08-13,1984-08-13,130.0,80.0,510.0,1116.0,1618.0,NO
datos_11100030,7.0,-76.75,1984-08-15,1984-08-15,1984-08-15,30.0,197.0,611.0,1136.0,1748.0,NO
datos_11100030,7.0,-76.75,1984-08-16,1984-08-16,1984-08-16,15.0,227.0,641.0,1164.0,1762.0,NO
datos_11100030,7.0,-76.75,1984-08-19,1984-08-19,1984-08-19,23.0,227.0,624.0,1109.0,1675.0,NO
datos_11100030,7.0,-76.75,1984-08-20,1984-08-20,1984-08-20,34.0,240.0,634.0,1054.0,1673.0,NO
datos_11100030,7.0,-76.75,1984-08-21,1984-08-21,1984-08-21,48.0,271.0,602.0,1076.0,1707.0,NO
datos_11100030,7.0,-76.75,1984-08-22,1984-08-22,1984-08-22,9.0,319.0,638.0,1114.0,1750.0,NO
datos_11100030,7.0,-76.75,1984-08-24,1984-08-24,1984-08-24,135.0,289.0,630.0,1058.0,1714.0,NO
datos_11100030,7.0,-76.75,1984-08-25,1984-08-25,1984-08-25,25.0,294.0,730.0,1193.0,1844.0,NO
datos_11100030,7.0,-76.75,1984-08-27,1984-08-27,1984-08-27,64.0,289.0,755.0,1165.0,1869.0,NO
datos_11100030,7.0,-76.75,1984-08-29,1984-08-29,1984-08-29,45.0,338.0,734.0,1226.0,1913.0,NO
datos_11100030,7.0,-76.75,1984-08-31,1984-08-31,1984-08-31,49.0,360.0,723.0,1208.0,1894.0,NO
datos_11100030,7.0,-76.75,1984-09-04,1984-09-04,1984-09-04,25.0,318.0,674.0,1154.0,1923.0,NO
datos_11100030,7.0,-76.75,1984-09-05,1984-09-05,1984-09-05,40.0,208.0,699.0,1162.0,1939.0,NO
datos_11100030,7.0,-76.75,1984-09-06,1984-09-06,1984-09-06,22.0,223.0,739.0,1202.0,1949.0,NO
datos_11100030,7.0,-76.75,1984-09-07,1984-09-07,1984-09-07,3.0,245.0,758.0,1224.0,1971.0,NO
datos_11100030,7.0,-76.75,1984-09-08,1984-09-08,1984-09-08,33.0,184.0,749.0,1227.0,1957.0,NO
datos_11100030,7.0,-76.75,1984-09-10,1984-09-10,1984-09-10,25.0,172.0,769.0,1248.0,1860.0,NO
datos_11100030,7.0,-76.75,1984-09-11,1984-09-11,1984-09-11,25.0,197.0,794.0,1273.0,1873.0,NO
datos_11100030,7.0,-76.75,1984-09-12,1984-09-12,1984-09-12,5.0,173.0,780.0,1290.0,1896.0,NO
datos_11100030,7.0,-76.75,1984-09-16,1984-09-16,1984-09-16,25.0,153.0,625.0,1261.0,1739.0,NO
datos_11100030,7.0,-76.75,1984-09-18,1984-09-18,1984-09-18,160.0,116.0,635.0,1259.0,1744.0,NO
datos_11100030,7.0,-76.75,1984-09-22,1984-09-22,1984-09-22,10.0,215.0,690.0,1321.0,1789.0,NO
datos_11100030,7.0,-76.75,1984-09-23,1984-09-23,1984-09-23,46.0,200.0,691.0,1321.0,1749.0,NO
datos_11100030,7.0,-76.75,1984-09-24,1984-09-24,1984-09-24,94.0,241.0,737.0,1332.0,1795.0,NO
datos_11100030,7.0,-76.75,1984-09-26,1984-09-26,1984-09-26,35.0,335.0,671.0,1426.0,1836.0,NO
datos_11100030,7.0,-76.75,1984-09-28,1984-09-28,1984-09-28,29.0,345.0,642.0,1376.0,1868.0,NO
datos_11100030,7.0,-76.75,1984-10-01,1984-10-01,1984-10-01,56.0,214.0,626.0,1306.0,1834.0,NO
datos_11100030,7.0,-76.75,1984-10-05,1984-10-05,1984-10-05,10.0,214.0,633.0,1307.0,1770.0,NO
datos_11100030,7.0,-76.75,1984-10-07,1984-10-07,1984-10-07,20.0,130.0,578.0,1314.0,1780.0,NO
datos_11100030,7.0,-76.75,1984-10-09,1984-10-09,1984-10-09,10.0,115.0,573.0,1312.0,1788.0,NO
datos_11100030,7.0,-76.75,1984-10-11,1984-10-11,1984-10-11,15.0,96.0,550.0,1319.0,1798.0,NO
datos_11100030,7.0,-76.75,1984-10-12,1984-10-12,1984-10-12,5.0,111.0,540.0,1295.0,1805.0,NO
datos_11100030,7.0,-76.75,1984-10-13,1984-10-13,1984-10-13,39.0,60.0,520.0,1300.0,1781.0,NO
datos_11100030,7.0,-76.75,1984-10-14,1984-10-14,1984-10-14,10.0,99.0,554.0,1209.0,1820.0,NO
datos_11100030,7.0,-76.75,1984-10-16,1984-10-16,1984-10-16,80.0,109.0,564.0,1189.0,1825.0,NO
datos_11100030,7.0,-76.75,1984-10-17,1984-10-17,1984-10-17,7.0,179.0,644.0,1254.0,1905.0,NO
datos_11100030,7.0,-76.75,1984-10-18,1984-10-18,1984-10-18,3.0,186.0,626.0,1261.0,1885.0,NO
datos_11100030,7.0,-76.75,1984-10-19,1984-10-19,1984-10-19,38.0,169.0,629.0,1264.0,1875.0,NO
datos_11100030,7.0,-76.75,1984-10-23,1984-10-23,1984-10-23,5.0,182.0,507.0,1188.0,1818.0,NO
datos_11100030,7.0,-76.75,1984-10-26,1984-10-26,1984-10-26,3.0,133.0,362.0,1033.0,1788.0,NO
datos_11100030,7.0,-76.75,1984-10-27,1984-10-27,1984-10-27,35.0,136.0,365.0,1036.0,1706.0,NO
datos_11100030,7.0,-76.75,1984-10-28,1984-10-28,1984-10-28,15.0,91.0,365.0,1007.0,1741.0,NO
datos_11100030,7.0,-76.75,1984-10-29,1984-10-29,1984-10-29,21.0,99.0,380.0,1022.0,1724.0,NO
datos_11100030,7.0,-76.75,1984-10-30,1984-10-30,1984-10-30,27.0,117.0,372.0,998.0,1721.0,NO
datos_11100030,7.0,-76.75,1984-11-01,1984-11-01,1984-11-01,7.0,106.0,399.0,976.0,1663.0,NO
datos_11100030,7.0,-76.75,1984-11-04,1984-11-04,1984-11-04,40.0,108.0,350.0,983.0,1657.0,NO
datos_11100030,7.0,-76.75,1984-11-05,1984-11-05,1984-11-05,60.0,148.0,390.0,998.0,1697.0,NO
datos_11100030,7.0,-76.75,1984-11-11,1984-11-11,1984-11-11,29.0,107.0,410.0,935.0,1690.0,NO
datos_11100030,7.0,-76.75,1984-11-13,1984-11-13,1984-11-13,22.0,129.0,419.0,934.0,1589.0,NO
datos_11100030,7.0,-76.75,1984-11-14,1984-11-14,1984-11-14,25.0,151.0,402.0,956.0,1611.0,NO
datos_11100030,7.0,-76.75,1984-11-15,1984-11-15,1984-11-15,5.0,176.0,417.0,981.0,1606.0,NO
datos_11100030,7.0,-76.75,1984-11-18,1984-11-18,1984-11-18,74.0,81.0,335.0,961.0,1596.0,NO
datos_11100030,7.0,-76.75,1984-11-19,1984-11-19,1984-11-19,20.0,155.0,406.0,875.0,1647.0,NO
datos_11100030,7.0,-76.75,1984-11-21,1984-11-21,1984-11-21,25.0,175.0,388.0,895.0,1585.0,NO
datos_11100030,7.0,-76.75,1984-11-22,1984-11-22,1984-11-22,11.0,200.0,413.0,920.0,1601.0,NO
datos_11100030,7.0,-76.75,1984-11-23,1984-11-23,1984-11-23,9.0,182.0,424.0,921.0,1612.0,NO
datos_11100030,7.0,-76.75,1984-11-25,1984-11-25,1984-11-25,28.0,169.0,428.0,790.0,1461.0,NO
datos_11100030,7.0,-76.75,1984-11-26,1984-11-26,1984-11-26,14.0,172.0,456.0,818.0,1489.0,NO
datos_11100030,7.0,-76.75,1984-11-27,1984-11-27,1984-11-27,22.0,181.0,467.0,797.0,1439.0,NO
datos_11100030,7.0,-76.75,1984-11-28,1984-11-28,1984-11-28,43.0,203.0,454.0,819.0,1461.0,NO
datos_11100030,7.0,-76.75,1984-11-29,1984-11-29,1984-11-29,140.0,246.0,482.0,833.0,1459.0,NO
datos_11100030,7.0,-76.75,1984-11-30,1984-11-30,1984-11-30,102.0,312.0,601.0,973.0,1599.0,NO
datos_11100030,7.0,-76.75,1984-12-01,1984-12-01,1984-12-01,57.0,394.0,676.0,1075.0,1652.0,NO
datos_11100030,7.0,-76.75,1984-12-02,1984-12-02,1984-12-02,57.0,451.0,733.0,1076.0,1709.0,NO
datos_11100030,7.0,-76.75,1984-12-06,1984-12-06,1984-12-06,17.0,463.0,743.0,1123.0,1701.0,NO
datos_11100030,7.0,-76.75,1984-12-07,1984-12-07,1984-12-07,12.0,452.0,700.0,1140.0,1696.0,NO
datos_11100030,7.0,-76.75,1984-12-10,1984-12-10,1984-12-10,30.0,385.0,712.0,1122.0,1672.0,NO
datos_11100030,7.0,-76.75,1984-12-12,1984-12-12,1984-12-12,95.0,173.0,742.0,1137.0,1652.0,NO
datos_11100030,7.0,-76.75,1984-12-13,1984-12-13,1984-12-13,79.0,211.0,808.0,1227.0,1742.0,NO
datos_11100030,7.0,-76.75,1984-12-14,1984-12-14,1984-12-14,120.0,233.0,887.0,1267.0,1821.0,NO
datos_11100030,7.0,-76.75,1984-12-15,1984-12-15,1984-12-15,169.0,353.0,985.0,1377.0,1941.0,NO
datos_11100030,7.0,-76.75,1984-12-16,1984-12-16,1984-12-16,82.0,522.0,1129.0,1546.0,2110.0,NO
datos_11100030,7.0,-76.75,1984-12-19,1984-12-19,1984-12-19,12.0,575.0,1206.0,1538.0,2007.0,NO
datos_11100030,7.0,-76.75,1984-12-20,1984-12-20,1984-12-20,17.0,587.0,1144.0,1512.0,2019.0,NO
datos_11100030,7.0,-76.75,1984-12-22,1984-12-22,1984-12-22,128.0,574.0,1141.0,1529.0,2036.0,NO
datos_11100030,7.0,-76.75,1984-12-23,1984-12-23,1984-12-23,22.0,702.0,1244.0,1657.0,2154.0,NO
datos_11100030,7.0,-76.75,1984-12-24,1984-12-24,1984-12-24,10.0,629.0,1255.0,1674.0,2130.0,NO
datos_11100030,7.0,-76.75,1984-12-26,1984-12-26,1984-12-26,2.0,440.0,1256.0,1684.0,2046.0,NO
datos_11100030,7.0,-76.75,1984-12-27,1984-12-27,1984-12-27,7.0,273.0,1230.0,1683.0,2013.0,NO
datos_11100030,7.0,-76.75,1984-12-28,1984-12-28,1984-12-28,1.0,198.0,1223.0,1655.0,2020.0,NO
datos_11100030,7.0,-76.75,1984-12-30,1984-12-30,1984-12-30,3.0,199.0,1159.0,1620.0,1992.0,NO
datos_11100030,7.0,-76.75,1984-12-31,1984-12-31,1984-12-31,2.0,190.0,1022.0,1596.0,1995.0,NO
datos_11100030,7.0,-76.75,1985-01-02,1985-01-02,1985-01-02,1.0,175.0,865.0,1591.0,1941.0,NO
datos_11100030,7.0,-76.75,1985-01-03,1985-01-03,1985-01-03,1.0,48.0,809.0,1592.0,1942.0,NO
datos_11100030,7.0,-76.75,1985-01-04,1985-01-04,1985-01-04,2.0,27.0,810.0,1593.0,1943.0,NO
datos_11100030,7.0,-76.75,1985-01-05,1985-01-05,1985-01-05,1.0,19.0,812.0,1555.0,1935.0,NO
datos_11100030,7.0,-76.75,1985-01-09,1985-01-09,1985-01-09,1.0,10.0,784.0,1496.0,1906.0,NO
datos_11100030,7.0,-76.75,1985-01-10,1985-01-10,1985-01-10,3.0,11.0,785.0,1497.0,1907.0,NO
datos_11100030,7.0,-76.75,1985-01-13,1985-01-13,1985-01-13,1.0,9.0,663.0,1471.0,1851.0,NO
datos_11100030,7.0,-76.75,1985-01-14,1985-01-14,1985-01-14,1.0,9.0,585.0,1450.0,1842.0,NO
datos_11100030,7.0,-76.75,1985-01-15,1985-01-15,1985-01-15,21.0,9.0,466.0,1426.0,1843.0,NO
datos_11100030,7.0,-76.75,1985-01-17,1985-01-17,1985-01-17,1.0,27.0,236.0,1442.0,1777.0,NO
datos_11100030,7.0,-76.75,1985-01-18,1985-01-18,1985-01-18,24.0,28.0,237.0,1443.0,1775.0,NO
datos_11100030,7.0,-76.75,1985-01-19,1985-01-19,1985-01-19,2.0,52.0,261.0,1393.0,1761.0,NO
datos_11100030,7.0,-76.75,1985-01-20,1985-01-20,1985-01-20,26.0,54.0,251.0,1375.0,1763.0,NO
datos_11100030,7.0,-76.75,1985-01-23,1985-01-23,1985-01-23,11.0,76.0,132.0,1365.0,1784.0,NO
datos_11100030,7.0,-76.75,1985-01-24,1985-01-24,1985-01-24,3.0,87.0,121.0,1367.0,1795.0,NO
datos_11100030,7.0,-76.75,1985-01-25,1985-01-25,1985-01-25,42.0,89.0,114.0,1370.0,1798.0,NO
datos_11100030,7.0,-76.75,1985-01-26,1985-01-26,1985-01-26,60.0,130.0,156.0,1384.0,1837.0,NO
datos_11100030,7.0,-76.75,1985-01-27,1985-01-27,1985-01-27,90.0,169.0,214.0,1430.0,1862.0,NO
datos_11100030,7.0,-76.75,1985-01-28,1985-01-28,1985-01-28,18.0,259.0,297.0,1498.0,1937.0,NO
datos_11100030,7.0,-76.75,1985-01-30,1985-01-30,1985-01-30,4.0,252.0,314.0,1333.0,1907.0,NO
datos_11100030,7.0,-76.75,1985-01-31,1985-01-31,1985-01-31,7.0,254.0,315.0,1235.0,1911.0,NO
datos_11100030,7.0,-76.75,1985-02-01,1985-02-01,1985-02-01,3.0,235.0,320.0,1185.0,1911.0,NO
datos_11100030,7.0,-76.75,1985-02-02,1985-02-02,1985-02-02,4.0,238.0,323.0,1131.0,1914.0,NO
datos_11100030,7.0,-76.75,1985-02-03,1985-02-03,1985-02-03,5.0,242.0,326.0,1135.0,1918.0,NO
datos_11100030,7.0,-76.75,1985-02-04,1985-02-04,1985-02-04,1.0,236.0,330.0,1140.0,1883.0,NO
datos_11100030,7.0,-76.75,1985-02-08,1985-02-08,1985-02-08,9.0,42.0,328.0,1112.0,1824.0,NO
datos_11100030,7.0,-76.75,1985-02-09,1985-02-09,1985-02-09,20.0,33.0,337.0,1121.0,1833.0,NO
datos_11100030,7.0,-76.75,1985-02-10,1985-02-10,1985-02-10,2.0,53.0,356.0,1111.0,1853.0,NO
datos_11100030,7.0,-76.75,1985-02-11,1985-02-11,1985-02-11,13.0,51.0,355.0,1113.0,1826.0,NO
datos_11100030,7.0,-76.75,1985-02-12,1985-02-12,1985-02-12,4.0,57.0,368.0,1031.0,1839.0,NO
datos_11100030,7.0,-76.75,1985-02-17,1985-02-17,1985-02-17,8.0,48.0,349.0,585.0,1791.0,NO
datos_11100030,7.0,-76.75,1985-02-19,1985-02-19,1985-02-19,10.0,56.0,332.0,581.0,1705.0,NO
datos_11100030,7.0,-76.75,1985-02-22,1985-02-22,1985-02-22,6.0,35.0,314.0,446.0,1679.0,NO
datos_11100030,7.0,-76.75,1985-02-24,1985-02-24,1985-02-24,12.0,24.0,309.0,420.0,1676.0,NO
datos_11100030,7.0,-76.75,1985-03-01,1985-03-01,1985-03-01,10.0,28.0,108.0,422.0,1441.0,NO
datos_11100030,7.0,-76.75,1985-03-02,1985-03-02,1985-03-02,3.0,38.0,118.0,429.0,1349.0,NO
datos_11100030,7.0,-76.75,1985-03-03,1985-03-03,1985-03-03,18.0,31.0,117.0,430.0,1295.0,NO
datos_11100030,7.0,-76.75,1985-03-04,1985-03-04,1985-03-04,2.0,49.0,128.0,448.0,1256.0,NO
datos_11100030,7.0,-76.75,1985-03-05,1985-03-05,1985-03-05,9.0,51.0,127.0,449.0,1258.0,NO
datos_11100030,7.0,-76.75,1985-03-06,1985-03-06,1985-03-06,4.0,54.0,132.0,457.0,1267.0,NO
datos_11100030,7.0,-76.75,1985-03-07,1985-03-07,1985-03-07,2.0,58.0,131.0,459.0,1271.0,NO
datos_11100030,7.0,-76.75,1985-03-11,1985-03-11,1985-03-11,1.0,48.0,132.0,460.0,1244.0,NO
datos_11100030,7.0,-76.75,1985-03-24,1985-03-24,1985-03-24,12.0,0.0,67.0,381.0,513.0,NO
datos_11100030,7.0,-76.75,1985-03-25,1985-03-25,1985-03-25,8.0,12.0,79.0,393.0,503.0,NO
datos_11100030,7.0,-76.75,1985-03-29,1985-03-29,1985-03-29,12.0,20.0,69.0,285.0,492.0,NO
datos_11100030,7.0,-76.75,1985-03-30,1985-03-30,1985-03-30,33.0,32.0,81.0,207.0,503.0,NO
datos_11100030,7.0,-76.75,1985-03-31,1985-03-31,1985-03-31,10.0,65.0,114.0,222.0,536.0,NO
datos_11100030,7.0,-76.75,1985-04-01,1985-04-01,1985-04-01,13.0,75.0,124.0,232.0,543.0,NO
datos_11100030,7.0,-76.75,1985-04-02,1985-04-02,1985-04-02,52.0,88.0,127.0,241.0,554.0,NO
datos_11100030,7.0,-76.75,1985-04-07,1985-04-07,1985-04-07,33.0,120.0,143.0,273.0,601.0,NO
datos_11100030,7.0,-76.75,1985-04-08,1985-04-08,1985-04-08,21.0,153.0,174.0,306.0,634.0,NO
datos_11100030,7.0,-76.75,1985-04-10,1985-04-10,1985-04-10,2.0,162.0,195.0,327.0,655.0,NO
datos_11100030,7.0,-76.75,1985-04-11,1985-04-11,1985-04-11,25.0,131.0,197.0,320.0,656.0,NO
datos_11100030,7.0,-76.75,1985-04-13,1985-04-13,1985-04-13,7.0,133.0,221.0,323.0,678.0,NO
datos_11100030,7.0,-76.75,1985-04-16,1985-04-16,1985-04-16,1.0,88.0,228.0,313.0,683.0,NO
datos_11100030,7.0,-76.75,1985-04-18,1985-04-18,1985-04-18,1.0,89.0,229.0,314.0,663.0,NO
datos_11100030,7.0,-76.75,1985-04-20,1985-04-20,1985-04-20,13.0,36.0,230.0,307.0,639.0,NO
datos_11100030,7.0,-76.75,1985-04-21,1985-04-21,1985-04-21,1.0,49.0,243.0,320.0,650.0,NO
datos_11100030,7.0,-76.75,1985-04-28,1985-04-28,1985-04-28,3.0,15.0,224.0,293.0,509.0,NO
datos_11100030,7.0,-76.75,1985-05-05,1985-05-05,1985-05-05,41.0,3.0,107.0,263.0,386.0,NO
datos_11100030,7.0,-76.75,1985-05-06,1985-05-06,1985-05-06,3.0,44.0,148.0,295.0,422.0,NO
datos_11100030,7.0,-76.75,1985-05-07,1985-05-07,1985-05-07,12.0,47.0,151.0,294.0,424.0,NO
datos_11100030,7.0,-76.75,1985-05-09,1985-05-09,1985-05-09,30.0,59.0,130.0,304.0,436.0,NO
datos_11100030,7.0,-76.75,1985-05-10,1985-05-10,1985-05-10,96.0,86.0,139.0,334.0,466.0,NO
datos_11100030,7.0,-76.75,1985-05-13,1985-05-13,1985-05-13,81.0,182.0,208.0,429.0,531.0,NO
datos_11100030,7.0,-76.75,1985-05-14,1985-05-14,1985-05-14,1.0,263.0,289.0,510.0,599.0,NO
datos_11100030,7.0,-76.75,1985-05-17,1985-05-17,1985-05-17,5.0,223.0,283.0,511.0,596.0,NO
datos_11100030,7.0,-76.75,1985-05-19,1985-05-19,1985-05-19,6.0,213.0,287.0,516.0,601.0,NO
datos_11100030,7.0,-76.75,1985-05-20,1985-05-20,1985-05-20,30.0,219.0,292.0,522.0,599.0,NO
datos_11100030,7.0,-76.75,1985-05-21,1985-05-21,1985-05-21,37.0,219.0,322.0,552.0,629.0,NO
datos_11100030,7.0,-76.75,1985-05-22,1985-05-22,1985-05-22,9.0,160.0,346.0,589.0,656.0,NO
datos_11100030,7.0,-76.75,1985-05-23,1985-05-23,1985-05-23,61.0,169.0,354.0,598.0,665.0,NO
datos_11100030,7.0,-76.75,1985-05-24,1985-05-24,1985-05-24,1.0,230.0,415.0,659.0,726.0,NO
datos_11100030,7.0,-76.75,1985-05-25,1985-05-25,1985-05-25,36.0,150.0,416.0,648.0,721.0,NO
datos_11100030,7.0,-76.75,1985-05-26,1985-05-26,1985-05-26,12.0,185.0,452.0,676.0,757.0,NO
datos_11100030,7.0,-76.75,1985-05-27,1985-05-27,1985-05-27,3.0,197.0,464.0,688.0,757.0,NO
datos_11100030,7.0,-76.75,1985-05-28,1985-05-28,1985-05-28,90.0,200.0,467.0,691.0,760.0,NO
datos_11100030,7.0,-76.75,1985-05-29,1985-05-29,1985-05-29,30.0,285.0,557.0,781.0,850.0,NO
datos_11100030,7.0,-76.75,1985-05-30,1985-05-30,1985-05-30,5.0,315.0,584.0,799.0,880.0,NO
datos_11100030,7.0,-76.75,1985-05-31,1985-05-31,1985-05-31,24.0,314.0,589.0,771.0,885.0,NO
datos_11100030,7.0,-76.75,1985-06-01,1985-06-01,1985-06-01,10.0,308.0,613.0,785.0,899.0,NO
datos_11100030,7.0,-76.75,1985-06-02,1985-06-02,1985-06-02,3.0,281.0,623.0,782.0,906.0,NO
datos_11100030,7.0,-76.75,1985-06-03,1985-06-03,1985-06-03,10.0,275.0,626.0,733.0,891.0,NO
datos_11100030,7.0,-76.75,1985-06-04,1985-06-04,1985-06-04,2.0,224.0,636.0,743.0,899.0,NO
datos_11100030,7.0,-76.75,1985-06-05,1985-06-05,1985-06-05,7.0,225.0,638.0,745.0,892.0,NO
datos_11100030,7.0,-76.75,1985-06-06,1985-06-06,1985-06-06,51.0,196.0,604.0,752.0,895.0,NO
datos_11100030,7.0,-76.75,1985-06-07,1985-06-07,1985-06-07,40.0,235.0,652.0,803.0,944.0,NO
datos_11100030,7.0,-76.75,1985-06-08,1985-06-08,1985-06-08,45.0,272.0,680.0,810.0,984.0,NO
datos_11100030,7.0,-76.75,1985-06-09,1985-06-09,1985-06-09,9.0,227.0,725.0,834.0,1029.0,NO
datos_11100030,7.0,-76.75,1985-06-10,1985-06-10,1985-06-10,77.0,206.0,704.0,843.0,1038.0,NO
datos_11100030,7.0,-76.75,1985-06-11,1985-06-11,1985-06-11,47.0,278.0,685.0,918.0,1114.0,NO
datos_11100030,7.0,-76.75,1985-06-12,1985-06-12,1985-06-12,54.0,301.0,732.0,940.0,1161.0,NO
datos_11100030,7.0,-76.75,1985-06-13,1985-06-13,1985-06-13,4.0,345.0,786.0,994.0,1215.0,NO
datos_11100030,7.0,-76.75,1985-06-15,1985-06-15,1985-06-15,2.0,336.0,708.0,991.0,1219.0,NO
datos_11100030,7.0,-76.75,1985-06-16,1985-06-16,1985-06-16,1.0,336.0,710.0,993.0,1221.0,NO
datos_11100030,7.0,-76.75,1985-06-19,1985-06-19,1985-06-19,100.0,239.0,706.0,992.0,1222.0,NO
datos_11100030,7.0,-76.75,1985-06-20,1985-06-20,1985-06-20,2.0,294.0,800.0,1092.0,1322.0,NO
datos_11100030,7.0,-76.75,1985-06-21,1985-06-21,1985-06-21,7.0,287.0,772.0,1081.0,1324.0,NO
datos_11100030,7.0,-76.75,1985-06-22,1985-06-22,1985-06-22,88.0,217.0,742.0,1087.0,1331.0,NO
datos_11100030,7.0,-76.75,1985-06-23,1985-06-23,1985-06-23,70.0,258.0,821.0,1175.0,1419.0,NO
datos_11100030,7.0,-76.75,1985-06-24,1985-06-24,1985-06-24,84.0,274.0,830.0,1245.0,1477.0,NO
datos_11100030,7.0,-76.75,1985-06-25,1985-06-25,1985-06-25,40.0,354.0,913.0,1329.0,1553.0,NO
datos_11100030,7.0,-76.75,1985-06-26,1985-06-26,1985-06-26,3.0,394.0,917.0,1369.0,1593.0,NO
datos_11100030,7.0,-76.75,1985-06-27,1985-06-27,1985-06-27,10.0,395.0,908.0,1372.0,1596.0,NO
datos_11100030,7.0,-76.75,1985-06-28,1985-06-28,1985-06-28,8.0,404.0,915.0,1382.0,1606.0,NO
datos_11100030,7.0,-76.75,1985-06-29,1985-06-29,1985-06-29,5.0,412.0,833.0,1387.0,1602.0,NO
datos_11100030,7.0,-76.75,1985-07-01,1985-07-01,1985-07-01,1.0,317.0,803.0,1392.0,1564.0,NO
datos_11100030,7.0,-76.75,1985-07-03,1985-07-03,1985-07-03,55.0,309.0,770.0,1393.0,1500.0,NO
datos_11100030,7.0,-76.75,1985-07-04,1985-07-04,1985-07-04,14.0,276.0,822.0,1448.0,1555.0,NO
datos_11100030,7.0,-76.75,1985-07-06,1985-07-06,1985-07-06,6.0,136.0,824.0,1421.0,1569.0,NO
datos_11100030,7.0,-76.75,1985-07-07,1985-07-07,1985-07-07,20.0,102.0,823.0,1424.0,1575.0,NO
datos_11100030,7.0,-76.75,1985-07-08,1985-07-08,1985-07-08,19.0,119.0,792.0,1432.0,1562.0,NO
datos_11100030,7.0,-76.75,1985-07-09,1985-07-09,1985-07-09,2.0,128.0,771.0,1451.0,1560.0,NO
datos_11100030,7.0,-76.75,1985-07-10,1985-07-10,1985-07-10,16.0,122.0,728.0,1423.0,1562.0,NO
datos_11100030,7.0,-76.75,1985-07-11,1985-07-11,1985-07-11,34.0,133.0,735.0,1343.0,1576.0,NO
datos_11100030,7.0,-76.75,1985-07-14,1985-07-14,1985-07-14,20.0,166.0,591.0,1296.0,1578.0,NO
datos_11100030,7.0,-76.75,1985-07-15,1985-07-15,1985-07-15,30.0,131.0,607.0,1315.0,1598.0,NO
datos_11100030,7.0,-76.75,1985-07-16,1985-07-16,1985-07-16,6.0,147.0,637.0,1345.0,1628.0,NO
datos_11100030,7.0,-76.75,1985-07-17,1985-07-17,1985-07-17,13.0,153.0,641.0,1351.0,1633.0,NO
datos_11100030,7.0,-76.75,1985-07-18,1985-07-18,1985-07-18,3.0,160.0,653.0,1359.0,1646.0,NO
datos_11100030,7.0,-76.75,1985-07-19,1985-07-19,1985-07-19,10.0,143.0,656.0,1362.0,1648.0,NO
datos_11100030,7.0,-76.75,1985-07-20,1985-07-20,1985-07-20,1.0,134.0,666.0,1366.0,1658.0,NO
datos_11100030,7.0,-76.75,1985-07-21,1985-07-21,1985-07-21,2.0,133.0,567.0,1337.0,1646.0,NO
datos_11100030,7.0,-76.75,1985-07-22,1985-07-22,1985-07-22,1.0,119.0,567.0,1302.0,1647.0,NO
datos_11100030,7.0,-76.75,1985-07-23,1985-07-23,1985-07-23,94.0,86.0,561.0,1294.0,1648.0,NO
datos_11100030,7.0,-76.75,1985-07-24,1985-07-24,1985-07-24,5.0,180.0,567.0,1327.0,1742.0,NO
datos_11100030,7.0,-76.75,1985-07-25,1985-07-25,1985-07-25,3.0,185.0,502.0,1331.0,1747.0,NO
datos_11100030,7.0,-76.75,1985-07-26,1985-07-26,1985-07-26,8.0,168.0,421.0,1298.0,1750.0,NO
datos_11100030,7.0,-76.75,1985-07-27,1985-07-27,1985-07-27,7.0,146.0,389.0,1294.0,1758.0,NO
datos_11100030,7.0,-76.75,1985-07-29,1985-07-29,1985-07-29,20.0,134.0,383.0,1208.0,1762.0,NO
datos_11100030,7.0,-76.75,1985-07-30,1985-07-30,1985-07-30,6.0,151.0,395.0,1198.0,1782.0,NO
datos_11100030,7.0,-76.75,1985-07-31,1985-07-31,1985-07-31,26.0,147.0,396.0,1199.0,1788.0,NO
datos_11100030,7.0,-76.75,1985-08-02,1985-08-02,1985-08-02,11.0,170.0,421.0,1191.0,1814.0,NO
datos_11100030,7.0,-76.75,1985-08-03,1985-08-03,1985-08-03,1.0,180.0,432.0,1199.0,1825.0,NO
datos_11100030,7.0,-76.75,1985-08-05,1985-08-05,1985-08-05,2.0,82.0,364.0,1188.0,1785.0,NO
datos_11100030,7.0,-76.75,1985-08-06,1985-08-06,1985-08-06,4.0,81.0,366.0,1183.0,1784.0,NO
datos_11100030,7.0,-76.75,1985-08-07,1985-08-07,1985-08-07,11.0,77.0,364.0,1136.0,1776.0,NO
datos_11100030,7.0,-76.75,1985-08-08,1985-08-08,1985-08-08,8.0,81.0,355.0,1107.0,1787.0,NO
datos_11100030,7.0,-76.75,1985-08-09,1985-08-09,1985-08-09,12.0,89.0,344.0,1070.0,1765.0,NO
datos_11100030,7.0,-76.75,1985-08-10,1985-08-10,1985-08-10,1.0,81.0,354.0,1073.0,1681.0,NO
datos_11100030,7.0,-76.75,1985-08-11,1985-08-11,1985-08-11,5.0,76.0,339.0,997.0,1682.0,NO
datos_11100030,7.0,-76.75,1985-08-12,1985-08-12,1985-08-12,8.0,55.0,310.0,955.0,1687.0,NO
datos_11100030,7.0,-76.75,1985-08-13,1985-08-13,1985-08-13,10.0,63.0,318.0,909.0,1614.0,NO
datos_11100030,7.0,-76.75,1985-08-14,1985-08-14,1985-08-14,18.0,62.0,328.0,915.0,1623.0,NO
datos_11100030,7.0,-76.75,1985-08-15,1985-08-15,1985-08-15,5.0,79.0,326.0,933.0,1641.0,NO
datos_11100030,7.0,-76.75,1985-08-17,1985-08-17,1985-08-17,37.0,82.0,295.0,935.0,1641.0,NO
datos_11100030,7.0,-76.75,1985-08-18,1985-08-18,1985-08-18,10.0,115.0,319.0,972.0,1678.0,NO
datos_11100030,7.0,-76.75,1985-08-19,1985-08-19,1985-08-19,11.0,114.0,326.0,982.0,1682.0,NO
datos_11100030,7.0,-76.75,1985-08-20,1985-08-20,1985-08-20,4.0,117.0,327.0,893.0,1663.0,NO
datos_11100030,7.0,-76.75,1985-08-21,1985-08-21,1985-08-21,5.0,109.0,330.0,895.0,1630.0,NO
datos_11100030,7.0,-76.75,1985-08-23,1985-08-23,1985-08-23,6.0,108.0,332.0,805.0,1565.0,NO
datos_11100030,7.0,-76.75,1985-08-24,1985-08-24,1985-08-24,10.0,106.0,244.0,741.0,1570.0,NO
datos_11100030,7.0,-76.75,1985-08-25,1985-08-25,1985-08-25,12.0,106.0,249.0,667.0,1544.0,NO
datos_11100030,7.0,-76.75,1985-08-26,1985-08-26,1985-08-26,15.0,100.0,258.0,639.0,1544.0,NO
datos_11100030,7.0,-76.75,1985-08-27,1985-08-27,1985-08-27,2.0,110.0,265.0,651.0,1556.0,NO
datos_11100030,7.0,-76.75,1985-08-28,1985-08-28,1985-08-28,2.0,112.0,260.0,643.0,1468.0,NO
datos_11100030,7.0,-76.75,1985-08-29,1985-08-29,1985-08-29,43.0,77.0,262.0,637.0,1440.0,NO
datos_11100030,7.0,-76.75,1985-08-30,1985-08-30,1985-08-30,1.0,110.0,285.0,675.0,1478.0,NO
datos_11100030,7.0,-76.75,1985-08-31,1985-08-31,1985-08-31,1.0,100.0,280.0,676.0,1455.0,NO
datos_11100030,7.0,-76.75,1985-09-01,1985-09-01,1985-09-01,2.0,97.0,255.0,676.0,1446.0,NO
datos_11100030,7.0,-76.75,1985-09-02,1985-09-02,1985-09-02,1.0,94.0,257.0,678.0,1445.0,NO
datos_11100030,7.0,-76.75,1985-09-03,1985-09-03,1985-09-03,5.0,95.0,247.0,624.0,1436.0,NO
datos_11100030,7.0,-76.75,1985-09-04,1985-09-04,1985-09-04,4.0,94.0,251.0,615.0,1439.0,NO
datos_11100030,7.0,-76.75,1985-09-05,1985-09-05,1985-09-05,2.0,88.0,255.0,619.0,1436.0,NO
datos_11100030,7.0,-76.75,1985-09-06,1985-09-06,1985-09-06,7.0,78.0,255.0,615.0,1387.0,NO
datos_11100030,7.0,-76.75,1985-09-08,1985-09-08,1985-09-08,20.0,68.0,247.0,583.0,1309.0,NO
datos_11100030,7.0,-76.75,1985-09-09,1985-09-09,1985-09-09,10.0,86.0,259.0,601.0,1320.0,NO
datos_11100030,7.0,-76.75,1985-09-10,1985-09-10,1985-09-10,6.0,53.0,257.0,595.0,1253.0,NO
datos_11100030,7.0,-76.75,1985-09-11,1985-09-11,1985-09-11,10.0,58.0,262.0,567.0,1212.0,NO
datos_11100030,7.0,-76.75,1985-09-12,1985-09-12,1985-09-12,12.0,67.0,267.0,577.0,1168.0,NO
datos_11100030,7.0,-76.75,1985-09-13,1985-09-13,1985-09-13,8.0,77.0,271.0,589.0,1176.0,NO
datos_11100030,7.0,-76.75,1985-09-16,1985-09-16,1985-09-16,15.0,75.0,246.0,541.0,1181.0,NO
datos_11100030,7.0,-76.75,1985-09-17,1985-09-17,1985-09-17,2.0,88.0,261.0,543.0,1196.0,NO
datos_11100030,7.0,-76.75,1985-09-18,1985-09-18,1985-09-18,13.0,83.0,226.0,542.0,1198.0,NO
datos_11100030,7.0,-76.75,1985-09-19,1985-09-19,1985-09-19,4.0,96.0,229.0,545.0,1111.0,NO
datos_11100030,7.0,-76.75,1985-09-20,1985-09-20,1985-09-20,1.0,80.0,222.0,548.0,1113.0,NO
datos_11100030,7.0,-76.75,1985-09-21,1985-09-21,1985-09-21,15.0,71.0,219.0,547.0,1107.0,NO
datos_11100030,7.0,-76.75,1985-09-22,1985-09-22,1985-09-22,19.0,80.0,229.0,561.0,1034.0,NO
datos_11100030,7.0,-76.75,1985-09-23,1985-09-23,1985-09-23,2.0,89.0,248.0,486.0,983.0,NO
datos_11100030,7.0,-76.75,1985-09-24,1985-09-24,1985-09-24,40.0,79.0,244.0,483.0,901.0,NO
datos_11100030,7.0,-76.75,1985-09-25,1985-09-25,1985-09-25,15.0,111.0,274.0,520.0,901.0,NO
datos_11100030,7.0,-76.75,1985-09-26,1985-09-26,1985-09-26,65.0,126.0,277.0,527.0,913.0,NO
datos_11100030,7.0,-76.75,1985-09-27,1985-09-27,1985-09-27,3.0,191.0,327.0,585.0,968.0,NO
datos_11100030,7.0,-76.75,1985-09-28,1985-09-28,1985-09-28,1.0,179.0,328.0,588.0,963.0,NO
datos_11100030,7.0,-76.75,1985-09-29,1985-09-29,1985-09-29,2.0,178.0,327.0,569.0,959.0,NO
datos_11100030,7.0,-76.75,1985-09-30,1985-09-30,1985-09-30,1.0,167.0,286.0,565.0,961.0,NO
datos_11100030,7.0,-76.75,1985-10-01,1985-10-01,1985-10-01,8.0,164.0,286.0,540.0,961.0,NO
datos_11100030,7.0,-76.75,1985-10-02,1985-10-02,1985-10-02,55.0,171.0,293.0,548.0,969.0,NO
datos_11100030,7.0,-76.75,1985-10-03,1985-10-03,1985-10-03,16.0,211.0,346.0,592.0,969.0,NO
datos_11100030,7.0,-76.75,1985-10-04,1985-10-04,1985-10-04,1.0,208.0,361.0,607.0,971.0,NO
datos_11100030,7.0,-76.75,1985-10-05,1985-10-05,1985-10-05,5.0,207.0,357.0,608.0,972.0,NO
datos_11100030,7.0,-76.75,1985-10-06,1985-10-06,1985-10-06,40.0,172.0,358.0,611.0,971.0,NO
datos_11100030,7.0,-76.75,1985-10-09,1985-10-09,1985-10-09,3.0,129.0,389.0,628.0,970.0,NO
datos_11100030,7.0,-76.75,1985-10-10,1985-10-10,1985-10-10,1.0,131.0,372.0,619.0,957.0,NO
datos_11100030,7.0,-76.75,1985-10-11,1985-10-11,1985-10-11,12.0,130.0,363.0,619.0,924.0,NO
datos_11100030,7.0,-76.75,1985-10-12,1985-10-12,1985-10-12,4.0,141.0,369.0,626.0,936.0,NO
datos_11100030,7.0,-76.75,1985-10-13,1985-10-13,1985-10-13,8.0,137.0,363.0,622.0,940.0,NO
datos_11100030,7.0,-76.75,1985-10-14,1985-10-14,1985-10-14,30.0,90.0,359.0,620.0,928.0,NO
datos_11100030,7.0,-76.75,1985-10-16,1985-10-16,1985-10-16,13.0,103.0,381.0,627.0,922.0,NO
datos_11100030,7.0,-76.75,1985-10-17,1985-10-17,1985-10-17,73.0,111.0,394.0,640.0,922.0,NO
datos_11100030,7.0,-76.75,1985-10-18,1985-10-18,1985-10-18,1.0,144.0,452.0,676.0,992.0,NO
datos_11100030,7.0,-76.75,1985-10-19,1985-10-19,1985-10-19,4.0,145.0,451.0,667.0,983.0,NO
datos_11100030,7.0,-76.75,1985-10-24,1985-10-24,1985-10-24,8.0,129.0,403.0,645.0,884.0,NO
datos_11100030,7.0,-76.75,1985-10-26,1985-10-26,1985-10-26,10.0,99.0,369.0,631.0,881.0,NO
datos_11100030,7.0,-76.75,1985-10-27,1985-10-27,1985-10-27,7.0,109.0,364.0,626.0,884.0,NO
datos_11100030,7.0,-76.75,1985-10-28,1985-10-28,1985-10-28,46.0,103.0,306.0,631.0,891.0,NO
datos_11100030,7.0,-76.75,1985-10-29,1985-10-29,1985-10-29,8.0,76.0,349.0,675.0,917.0,NO
datos_11100030,7.0,-76.75,1985-10-30,1985-10-30,1985-10-30,18.0,83.0,356.0,640.0,919.0,NO
datos_11100030,7.0,-76.75,1985-11-04,1985-11-04,1985-11-04,3.0,97.0,292.0,648.0,899.0,NO
datos_11100030,7.0,-76.75,1985-11-05,1985-11-05,1985-11-05,36.0,92.0,294.0,647.0,900.0,NO
datos_11100030,7.0,-76.75,1985-11-06,1985-11-06,1985-11-06,1.0,128.0,325.0,681.0,932.0,NO
datos_11100030,7.0,-76.75,1985-11-07,1985-11-07,1985-11-07,5.0,119.0,286.0,675.0,922.0,NO
datos_11100030,7.0,-76.75,1985-11-08,1985-11-08,1985-11-08,9.0,117.0,291.0,680.0,919.0,NO
datos_11100030,7.0,-76.75,1985-11-09,1985-11-09,1985-11-09,10.0,80.0,300.0,669.0,916.0,NO
datos_11100030,7.0,-76.75,1985-11-10,1985-11-10,1985-11-10,40.0,82.0,307.0,669.0,925.0,NO
datos_11100030,7.0,-76.75,1985-11-11,1985-11-11,1985-11-11,34.0,104.0,346.0,703.0,960.0,NO
datos_11100030,7.0,-76.75,1985-11-12,1985-11-12,1985-11-12,20.0,138.0,368.0,727.0,986.0,NO
datos_11100030,7.0,-76.75,1985-11-13,1985-11-13,1985-11-13,1.0,158.0,384.0,735.0,996.0,NO
datos_11100030,7.0,-76.75,1985-11-16,1985-11-16,1985-11-16,9.0,156.0,347.0,728.0,974.0,NO
datos_11100030,7.0,-76.75,1985-11-18,1985-11-18,1985-11-18,13.0,128.0,270.0,720.0,936.0,NO
datos_11100030,7.0,-76.75,1985-11-20,1985-11-20,1985-11-20,12.0,127.0,278.0,716.0,934.0,NO
datos_11100030,7.0,-76.75,1985-11-21,1985-11-21,1985-11-21,14.0,129.0,290.0,727.0,941.0,NO
datos_11100030,7.0,-76.75,1985-11-22,1985-11-22,1985-11-22,1.0,103.0,304.0,726.0,955.0,NO
datos_11100030,7.0,-76.75,1985-11-24,1985-11-24,1985-11-24,15.0,50.0,305.0,706.0,940.0,NO
datos_11100030,7.0,-76.75,1985-11-25,1985-11-25,1985-11-25,19.0,64.0,312.0,681.0,943.0,NO
datos_11100030,7.0,-76.75,1985-11-26,1985-11-26,1985-11-26,2.0,83.0,331.0,685.0,947.0,NO
datos_11100030,7.0,-76.75,1985-11-28,1985-11-28,1985-11-28,3.0,76.0,316.0,619.0,945.0,NO
datos_11100030,7.0,-76.75,1985-11-29,1985-11-29,1985-11-29,11.0,79.0,273.0,621.0,905.0,NO
datos_11100030,7.0,-76.75,1985-11-30,1985-11-30,1985-11-30,50.0,77.0,276.0,630.0,915.0,NO
datos_11100030,7.0,-76.75,1985-12-01,1985-12-01,1985-12-01,1.0,127.0,308.0,679.0,964.0,NO
datos_11100030,7.0,-76.75,1985-12-02,1985-12-02,1985-12-02,5.0,116.0,309.0,672.0,963.0,NO
datos_11100030,7.0,-76.75,1985-12-03,1985-12-03,1985-12-03,24.0,107.0,314.0,622.0,967.0,NO
datos_11100030,7.0,-76.75,1985-12-04,1985-12-04,1985-12-04,11.0,130.0,338.0,630.0,986.0,NO
datos_11100030,7.0,-76.75,1985-12-05,1985-12-05,1985-12-05,1.0,141.0,349.0,640.0,993.0,NO
datos_11100030,7.0,-76.75,1985-12-08,1985-12-08,1985-12-08,34.0,106.0,310.0,596.0,985.0,NO
datos_11100030,7.0,-76.75,1985-12-09,1985-12-09,1985-12-09,123.0,140.0,339.0,630.0,999.0,NO
datos_11100030,7.0,-76.75,1985-12-10,1985-12-10,1985-12-10,142.0,260.0,453.0,750.0,1112.0,NO
datos_11100030,7.0,-76.75,1985-12-11,1985-12-11,1985-12-11,2.0,391.0,585.0,891.0,1248.0,NO
datos_11100030,7.0,-76.75,1985-12-12,1985-12-12,1985-12-12,1.0,343.0,547.0,881.0,1240.0,NO
datos_11100030,7.0,-76.75,1985-12-20,1985-12-20,1985-12-20,1.0,268.0,471.0,749.0,1187.0,NO
datos_11100030,7.0,-76.75,1985-12-23,1985-12-23,1985-12-23,30.0,2.0,446.0,750.0,1153.0,NO
datos_11100030,7.0,-76.75,1985-12-24,1985-12-24,1985-12-24,5.0,31.0,475.0,780.0,1181.0,NO
datos_11100030,7.0,-76.75,1985-12-26,1985-12-26,1985-12-26,20.0,36.0,465.0,777.0,1131.0,NO
datos_11100030,7.0,-76.75,1985-12-27,1985-12-27,1985-12-27,40.0,56.0,466.0,787.0,1086.0,NO
datos_11100030,7.0,-76.75,1985-12-28,1985-12-28,1985-12-28,4.0,96.0,504.0,820.0,1123.0,NO
datos_11100030,7.0,-76.75,1985-12-30,1985-12-30,1985-12-30,1.0,100.0,505.0,770.0,1124.0,NO
datos_11100030,7.0,-76.75,1986-01-02,1986-01-02,1986-01-02,15.0,100.0,444.0,753.0,1061.0,NO
datos_11100030,7.0,-76.75,1986-01-03,1986-01-03,1986-01-03,2.0,115.0,454.0,768.0,1060.0,NO
datos_11100030,7.0,-76.75,1986-01-04,1986-01-04,1986-01-04,10.0,87.0,432.0,770.0,1061.0,NO
datos_11100030,7.0,-76.75,1986-01-05,1986-01-05,1986-01-05,12.0,92.0,431.0,777.0,1066.0,NO
datos_11100030,7.0,-76.75,1986-01-06,1986-01-06,1986-01-06,23.0,104.0,442.0,753.0,1038.0,NO
datos_11100030,7.0,-76.75,1986-01-07,1986-01-07,1986-01-07,3.0,107.0,465.0,775.0,1061.0,NO
datos_11100030,7.0,-76.75,1986-01-08,1986-01-08,1986-01-08,1.0,70.0,468.0,773.0,1064.0,NO
datos_11100030,7.0,-76.75,1986-01-09,1986-01-09,1986-01-09,6.0,67.0,435.0,765.0,1062.0,NO
datos_11100030,7.0,-76.75,1986-01-10,1986-01-10,1986-01-10,5.0,73.0,318.0,761.0,1067.0,NO
datos_11100030,7.0,-76.75,1986-01-15,1986-01-15,1986-01-15,7.0,60.0,178.0,671.0,1018.0,NO
datos_11100030,7.0,-76.75,1986-01-16,1986-01-16,1986-01-16,54.0,57.0,185.0,678.0,1012.0,NO
datos_11100030,7.0,-76.75,1986-01-17,1986-01-17,1986-01-17,3.0,99.0,239.0,723.0,993.0,NO
datos_11100030,7.0,-76.75,1986-01-20,1986-01-20,1986-01-20,1.0,75.0,242.0,713.0,991.0,NO
datos_11100030,7.0,-76.75,1986-01-21,1986-01-21,1986-01-21,1.0,70.0,242.0,702.0,992.0,NO
datos_11100030,7.0,-76.75,1986-01-22,1986-01-22,1986-01-22,4.0,66.0,243.0,689.0,993.0,NO
datos_11100030,7.0,-76.75,1986-01-23,1986-01-23,1986-01-23,1.0,70.0,247.0,692.0,997.0,NO
datos_11100030,7.0,-76.75,1986-01-27,1986-01-27,1986-01-27,3.0,64.0,193.0,657.0,973.0,NO
datos_11100030,7.0,-76.75,1986-01-29,1986-01-29,1986-01-29,5.0,10.0,152.0,657.0,922.0,NO
datos_11100030,7.0,-76.75,1986-01-30,1986-01-30,1986-01-30,2.0,15.0,157.0,651.0,909.0,NO
datos_11100030,7.0,-76.75,1986-01-31,1986-01-31,1986-01-31,3.0,17.0,158.0,603.0,911.0,NO
